ISO-10303-21;
HEADER;
FILE_DESCRIPTION(('FreeCAD Model'),'2;1');
FILE_NAME('Open CASCADE Shape Model','2026-08-13T00:09:21',('FreeCAD'),(
    'FreeCAD'),'Open CASCADE STEP processor 7.8','FreeCAD','Unknown');
FILE_SCHEMA(('AUTOMOTIVE_DESIGN { 1 0 10303 214 1 1 1 1 }'));
ENDSEC;
DATA;
#1 = APPLICATION_PROTOCOL_DEFINITION('international standard',
  'automotive_design',2000,#2);
#2 = APPLICATION_CONTEXT(
  'core data for automotive mechanical design processes');
#3 = SHAPE_DEFINITION_REPRESENTATION(#4,#10);
#4 = PRODUCT_DEFINITION_SHAPE('','',#5);
#5 = PRODUCT_DEFINITION('design','',#6,#9);
#6 = PRODUCT_DEFINITION_FORMATION('','',#7);
#7 = PRODUCT('Open CASCADE STEP translator 7.8 1',
  'Open CASCADE STEP translator 7.8 1','',(#8));
#8 = PRODUCT_CONTEXT('',#2,'mechanical');
#9 = PRODUCT_DEFINITION_CONTEXT('part definition',#2,'design');
#10 = ADVANCED_BREP_SHAPE_REPRESENTATION('',(#11,#15),#3115);
#11 = AXIS2_PLACEMENT_3D('',#12,#13,#14);
#12 = CARTESIAN_POINT('',(0.,0.,0.));
#13 = DIRECTION('',(0.,0.,1.));
#14 = DIRECTION('',(1.,0.,-0.));
#15 = MANIFOLD_SOLID_BREP('',#16);
#16 = CLOSED_SHELL('',(#17,#59,#124,#198,#231,#264,#286,#303,#320,#332,
    #395,#458,#555,#588,#610,#627,#644,#677,#710,#741,#765,#789,#822,
    #853,#877,#901,#918,#964,#986,#1017,#1041,#1061,#1081,#1243,#1274,
    #1298,#1322,#1346,#1370,#1421,#1441,#1466,#1525,#1556,#1581,#1601,
    #1626,#1676,#1693,#1710,#1727,#1744,#1756,#1843,#1863,#1888,#1947,
    #1978,#2005,#2025,#2050,#2100,#2117,#2134,#2151,#2168,#2180,#2205,
    #2225,#2250,#2309,#2340,#2364,#2388,#2412,#2436,#2453,#2478,#2529,
    #2549,#2566,#2593,#2613,#2638,#2697,#2728,#2752,#2776,#2800,#2824,
    #2841,#2866,#2953,#2973,#2990,#3034,#3058,#3082,#3099));
#17 = ADVANCED_FACE('',(#18),#54,.T.);
#18 = FACE_BOUND('',#19,.T.);
#19 = EDGE_LOOP('',(#20,#31,#39,#48));
#20 = ORIENTED_EDGE('',*,*,#21,.F.);
#21 = EDGE_CURVE('',#22,#24,#26,.T.);
#22 = VERTEX_POINT('',#23);
#23 = CARTESIAN_POINT('',(-5.5,-101.5,7.));
#24 = VERTEX_POINT('',#25);
#25 = CARTESIAN_POINT('',(0.5,-107.5,7.));
#26 = CIRCLE('',#27,6.);
#27 = AXIS2_PLACEMENT_3D('',#28,#29,#30);
#28 = CARTESIAN_POINT('',(0.5,-101.5,7.));
#29 = DIRECTION('',(0.,0.,1.));
#30 = DIRECTION('',(1.,0.,-0.));
#31 = ORIENTED_EDGE('',*,*,#32,.F.);
#32 = EDGE_CURVE('',#33,#22,#35,.T.);
#33 = VERTEX_POINT('',#34);
#34 = CARTESIAN_POINT('',(-5.5,-101.5,-13.3));
#35 = LINE('',#36,#37);
#36 = CARTESIAN_POINT('',(-5.5,-101.5,-13.3));
#37 = VECTOR('',#38,1.);
#38 = DIRECTION('',(0.,0.,1.));
#39 = ORIENTED_EDGE('',*,*,#40,.T.);
#40 = EDGE_CURVE('',#33,#41,#43,.T.);
#41 = VERTEX_POINT('',#42);
#42 = CARTESIAN_POINT('',(0.5,-107.5,-13.3));
#43 = CIRCLE('',#44,6.);
#44 = AXIS2_PLACEMENT_3D('',#45,#46,#47);
#45 = CARTESIAN_POINT('',(0.5,-101.5,-13.3));
#46 = DIRECTION('',(0.,0.,1.));
#47 = DIRECTION('',(1.,0.,-0.));
#48 = ORIENTED_EDGE('',*,*,#49,.T.);
#49 = EDGE_CURVE('',#41,#24,#50,.T.);
#50 = LINE('',#51,#52);
#51 = CARTESIAN_POINT('',(0.5,-107.5,-13.3));
#52 = VECTOR('',#53,1.);
#53 = DIRECTION('',(0.,0.,1.));
#54 = CYLINDRICAL_SURFACE('',#55,6.);
#55 = AXIS2_PLACEMENT_3D('',#56,#57,#58);
#56 = CARTESIAN_POINT('',(0.5,-101.5,-13.3));
#57 = DIRECTION('',(0.,0.,1.));
#58 = DIRECTION('',(1.,0.,-0.));
#59 = ADVANCED_FACE('',(#60,#85),#119,.F.);
#60 = FACE_BOUND('',#61,.F.);
#61 = EDGE_LOOP('',(#62,#70,#71,#79));
#62 = ORIENTED_EDGE('',*,*,#63,.F.);
#63 = EDGE_CURVE('',#41,#64,#66,.T.);
#64 = VERTEX_POINT('',#65);
#65 = CARTESIAN_POINT('',(149.5,-107.5,-13.3));
#66 = LINE('',#67,#68);
#67 = CARTESIAN_POINT('',(0.5,-107.5,-13.3));
#68 = VECTOR('',#69,1.);
#69 = DIRECTION('',(1.,0.,-0.));
#70 = ORIENTED_EDGE('',*,*,#49,.T.);
#71 = ORIENTED_EDGE('',*,*,#72,.T.);
#72 = EDGE_CURVE('',#24,#73,#75,.T.);
#73 = VERTEX_POINT('',#74);
#74 = CARTESIAN_POINT('',(149.5,-107.5,7.));
#75 = LINE('',#76,#77);
#76 = CARTESIAN_POINT('',(0.5,-107.5,7.));
#77 = VECTOR('',#78,1.);
#78 = DIRECTION('',(1.,0.,-0.));
#79 = ORIENTED_EDGE('',*,*,#80,.F.);
#80 = EDGE_CURVE('',#64,#73,#81,.T.);
#81 = LINE('',#82,#83);
#82 = CARTESIAN_POINT('',(149.5,-107.5,-13.3));
#83 = VECTOR('',#84,1.);
#84 = DIRECTION('',(0.,0.,1.));
#85 = FACE_BOUND('',#86,.F.);
#86 = EDGE_LOOP('',(#87,#97,#105,#113));
#87 = ORIENTED_EDGE('',*,*,#88,.F.);
#88 = EDGE_CURVE('',#89,#91,#93,.T.);
#89 = VERTEX_POINT('',#90);
#90 = CARTESIAN_POINT('',(28.5,-107.5,4.5));
#91 = VERTEX_POINT('',#92);
#92 = CARTESIAN_POINT('',(41.5,-107.5,4.5));
#93 = LINE('',#94,#95);
#94 = CARTESIAN_POINT('',(14.5,-107.5,4.5));
#95 = VECTOR('',#96,1.);
#96 = DIRECTION('',(1.,0.,-0.));
#97 = ORIENTED_EDGE('',*,*,#98,.T.);
#98 = EDGE_CURVE('',#89,#99,#101,.T.);
#99 = VERTEX_POINT('',#100);
#100 = CARTESIAN_POINT('',(28.5,-107.5,-3.));
#101 = LINE('',#102,#103);
#102 = CARTESIAN_POINT('',(28.5,-107.5,-8.15));
#103 = VECTOR('',#104,1.);
#104 = DIRECTION('',(-0.,0.,-1.));
#105 = ORIENTED_EDGE('',*,*,#106,.T.);
#106 = EDGE_CURVE('',#99,#107,#109,.T.);
#107 = VERTEX_POINT('',#108);
#108 = CARTESIAN_POINT('',(41.5,-107.5,-3.));
#109 = LINE('',#110,#111);
#110 = CARTESIAN_POINT('',(14.5,-107.5,-3.));
#111 = VECTOR('',#112,1.);
#112 = DIRECTION('',(1.,0.,-0.));
#113 = ORIENTED_EDGE('',*,*,#114,.F.);
#114 = EDGE_CURVE('',#91,#107,#115,.T.);
#115 = LINE('',#116,#117);
#116 = CARTESIAN_POINT('',(41.5,-107.5,-8.15));
#117 = VECTOR('',#118,1.);
#118 = DIRECTION('',(-0.,0.,-1.));
#119 = PLANE('',#120);
#120 = AXIS2_PLACEMENT_3D('',#121,#122,#123);
#121 = CARTESIAN_POINT('',(0.5,-107.5,-13.3));
#122 = DIRECTION('',(-0.,1.,0.));
#123 = DIRECTION('',(0.,0.,1.));
#124 = ADVANCED_FACE('',(#125,#159),#193,.T.);
#125 = FACE_BOUND('',#126,.T.);
#126 = EDGE_LOOP('',(#127,#137,#145,#153));
#127 = ORIENTED_EDGE('',*,*,#128,.F.);
#128 = EDGE_CURVE('',#129,#131,#133,.T.);
#129 = VERTEX_POINT('',#130);
#130 = CARTESIAN_POINT('',(0.5,-105.,-10.8));
#131 = VERTEX_POINT('',#132);
#132 = CARTESIAN_POINT('',(149.5,-105.,-10.8));
#133 = LINE('',#134,#135);
#134 = CARTESIAN_POINT('',(0.5,-105.,-10.8));
#135 = VECTOR('',#136,1.);
#136 = DIRECTION('',(1.,0.,-0.));
#137 = ORIENTED_EDGE('',*,*,#138,.T.);
#138 = EDGE_CURVE('',#129,#139,#141,.T.);
#139 = VERTEX_POINT('',#140);
#140 = CARTESIAN_POINT('',(0.5,-105.,7.));
#141 = LINE('',#142,#143);
#142 = CARTESIAN_POINT('',(0.5,-105.,-10.8));
#143 = VECTOR('',#144,1.);
#144 = DIRECTION('',(0.,0.,1.));
#145 = ORIENTED_EDGE('',*,*,#146,.F.);
#146 = EDGE_CURVE('',#147,#139,#149,.T.);
#147 = VERTEX_POINT('',#148);
#148 = CARTESIAN_POINT('',(149.5,-105.,7.));
#149 = LINE('',#150,#151);
#150 = CARTESIAN_POINT('',(0.5,-105.,7.));
#151 = VECTOR('',#152,1.);
#152 = DIRECTION('',(-1.,-0.,0.));
#153 = ORIENTED_EDGE('',*,*,#154,.F.);
#154 = EDGE_CURVE('',#131,#147,#155,.T.);
#155 = LINE('',#156,#157);
#156 = CARTESIAN_POINT('',(149.5,-105.,-10.8));
#157 = VECTOR('',#158,1.);
#158 = DIRECTION('',(0.,0.,1.));
#159 = FACE_BOUND('',#160,.T.);
#160 = EDGE_LOOP('',(#161,#171,#179,#187));
#161 = ORIENTED_EDGE('',*,*,#162,.F.);
#162 = EDGE_CURVE('',#163,#165,#167,.T.);
#163 = VERTEX_POINT('',#164);
#164 = CARTESIAN_POINT('',(28.5,-105.,4.5));
#165 = VERTEX_POINT('',#166);
#166 = CARTESIAN_POINT('',(41.5,-105.,4.5));
#167 = LINE('',#168,#169);
#168 = CARTESIAN_POINT('',(14.5,-105.,4.5));
#169 = VECTOR('',#170,1.);
#170 = DIRECTION('',(1.,0.,-0.));
#171 = ORIENTED_EDGE('',*,*,#172,.T.);
#172 = EDGE_CURVE('',#163,#173,#175,.T.);
#173 = VERTEX_POINT('',#174);
#174 = CARTESIAN_POINT('',(28.5,-105.,-3.));
#175 = LINE('',#176,#177);
#176 = CARTESIAN_POINT('',(28.5,-105.,-6.9));
#177 = VECTOR('',#178,1.);
#178 = DIRECTION('',(-0.,0.,-1.));
#179 = ORIENTED_EDGE('',*,*,#180,.T.);
#180 = EDGE_CURVE('',#173,#181,#183,.T.);
#181 = VERTEX_POINT('',#182);
#182 = CARTESIAN_POINT('',(41.5,-105.,-3.));
#183 = LINE('',#184,#185);
#184 = CARTESIAN_POINT('',(14.5,-105.,-3.));
#185 = VECTOR('',#186,1.);
#186 = DIRECTION('',(1.,0.,-0.));
#187 = ORIENTED_EDGE('',*,*,#188,.F.);
#188 = EDGE_CURVE('',#165,#181,#189,.T.);
#189 = LINE('',#190,#191);
#190 = CARTESIAN_POINT('',(41.5,-105.,-6.9));
#191 = VECTOR('',#192,1.);
#192 = DIRECTION('',(-0.,0.,-1.));
#193 = PLANE('',#194);
#194 = AXIS2_PLACEMENT_3D('',#195,#196,#197);
#195 = CARTESIAN_POINT('',(0.5,-105.,-10.8));
#196 = DIRECTION('',(-0.,1.,0.));
#197 = DIRECTION('',(0.,0.,1.));
#198 = ADVANCED_FACE('',(#199),#226,.F.);
#199 = FACE_BOUND('',#200,.F.);
#200 = EDGE_LOOP('',(#201,#210,#218,#225));
#201 = ORIENTED_EDGE('',*,*,#202,.F.);
#202 = EDGE_CURVE('',#203,#139,#205,.T.);
#203 = VERTEX_POINT('',#204);
#204 = CARTESIAN_POINT('',(-3.,-101.5,7.));
#205 = CIRCLE('',#206,3.5);
#206 = AXIS2_PLACEMENT_3D('',#207,#208,#209);
#207 = CARTESIAN_POINT('',(0.5,-101.5,7.));
#208 = DIRECTION('',(0.,0.,1.));
#209 = DIRECTION('',(1.,0.,-0.));
#210 = ORIENTED_EDGE('',*,*,#211,.F.);
#211 = EDGE_CURVE('',#212,#203,#214,.T.);
#212 = VERTEX_POINT('',#213);
#213 = CARTESIAN_POINT('',(-3.,-101.5,-10.8));
#214 = LINE('',#215,#216);
#215 = CARTESIAN_POINT('',(-3.,-101.5,-10.8));
#216 = VECTOR('',#217,1.);
#217 = DIRECTION('',(0.,0.,1.));
#218 = ORIENTED_EDGE('',*,*,#219,.T.);
#219 = EDGE_CURVE('',#212,#129,#220,.T.);
#220 = CIRCLE('',#221,3.5);
#221 = AXIS2_PLACEMENT_3D('',#222,#223,#224);
#222 = CARTESIAN_POINT('',(0.5,-101.5,-10.8));
#223 = DIRECTION('',(0.,0.,1.));
#224 = DIRECTION('',(1.,0.,-0.));
#225 = ORIENTED_EDGE('',*,*,#138,.T.);
#226 = CYLINDRICAL_SURFACE('',#227,3.5);
#227 = AXIS2_PLACEMENT_3D('',#228,#229,#230);
#228 = CARTESIAN_POINT('',(0.5,-101.5,-10.8));
#229 = DIRECTION('',(0.,0.,1.));
#230 = DIRECTION('',(1.,0.,-0.));
#231 = ADVANCED_FACE('',(#232),#259,.F.);
#232 = FACE_BOUND('',#233,.F.);
#233 = EDGE_LOOP('',(#234,#243,#251,#258));
#234 = ORIENTED_EDGE('',*,*,#235,.T.);
#235 = EDGE_CURVE('',#131,#236,#238,.T.);
#236 = VERTEX_POINT('',#237);
#237 = CARTESIAN_POINT('',(153.,-101.5,-10.8));
#238 = CIRCLE('',#239,3.5);
#239 = AXIS2_PLACEMENT_3D('',#240,#241,#242);
#240 = CARTESIAN_POINT('',(149.5,-101.5,-10.8));
#241 = DIRECTION('',(0.,0.,1.));
#242 = DIRECTION('',(1.,0.,-0.));
#243 = ORIENTED_EDGE('',*,*,#244,.T.);
#244 = EDGE_CURVE('',#236,#245,#247,.T.);
#245 = VERTEX_POINT('',#246);
#246 = CARTESIAN_POINT('',(153.,-101.5,7.));
#247 = LINE('',#248,#249);
#248 = CARTESIAN_POINT('',(153.,-101.5,-10.8));
#249 = VECTOR('',#250,1.);
#250 = DIRECTION('',(0.,0.,1.));
#251 = ORIENTED_EDGE('',*,*,#252,.F.);
#252 = EDGE_CURVE('',#147,#245,#253,.T.);
#253 = CIRCLE('',#254,3.5);
#254 = AXIS2_PLACEMENT_3D('',#255,#256,#257);
#255 = CARTESIAN_POINT('',(149.5,-101.5,7.));
#256 = DIRECTION('',(0.,0.,1.));
#257 = DIRECTION('',(1.,0.,-0.));
#258 = ORIENTED_EDGE('',*,*,#154,.F.);
#259 = CYLINDRICAL_SURFACE('',#260,3.5);
#260 = AXIS2_PLACEMENT_3D('',#261,#262,#263);
#261 = CARTESIAN_POINT('',(149.5,-101.5,-10.8));
#262 = DIRECTION('',(0.,0.,1.));
#263 = DIRECTION('',(1.,0.,-0.));
#264 = ADVANCED_FACE('',(#265),#281,.F.);
#265 = FACE_BOUND('',#266,.F.);
#266 = EDGE_LOOP('',(#267,#273,#274,#280));
#267 = ORIENTED_EDGE('',*,*,#268,.F.);
#268 = EDGE_CURVE('',#89,#163,#269,.T.);
#269 = LINE('',#270,#271);
#270 = CARTESIAN_POINT('',(28.5,-108.5,4.5));
#271 = VECTOR('',#272,1.);
#272 = DIRECTION('',(-0.,1.,0.));
#273 = ORIENTED_EDGE('',*,*,#88,.T.);
#274 = ORIENTED_EDGE('',*,*,#275,.T.);
#275 = EDGE_CURVE('',#91,#165,#276,.T.);
#276 = LINE('',#277,#278);
#277 = CARTESIAN_POINT('',(41.5,-108.5,4.5));
#278 = VECTOR('',#279,1.);
#279 = DIRECTION('',(-0.,1.,0.));
#280 = ORIENTED_EDGE('',*,*,#162,.F.);
#281 = PLANE('',#282);
#282 = AXIS2_PLACEMENT_3D('',#283,#284,#285);
#283 = CARTESIAN_POINT('',(28.5,-108.5,4.5));
#284 = DIRECTION('',(0.,0.,1.));
#285 = DIRECTION('',(1.,0.,-0.));
#286 = ADVANCED_FACE('',(#287),#298,.F.);
#287 = FACE_BOUND('',#288,.F.);
#288 = EDGE_LOOP('',(#289,#290,#291,#297));
#289 = ORIENTED_EDGE('',*,*,#275,.F.);
#290 = ORIENTED_EDGE('',*,*,#114,.T.);
#291 = ORIENTED_EDGE('',*,*,#292,.T.);
#292 = EDGE_CURVE('',#107,#181,#293,.T.);
#293 = LINE('',#294,#295);
#294 = CARTESIAN_POINT('',(41.5,-108.5,-3.));
#295 = VECTOR('',#296,1.);
#296 = DIRECTION('',(-0.,1.,0.));
#297 = ORIENTED_EDGE('',*,*,#188,.F.);
#298 = PLANE('',#299);
#299 = AXIS2_PLACEMENT_3D('',#300,#301,#302);
#300 = CARTESIAN_POINT('',(41.5,-108.5,-3.));
#301 = DIRECTION('',(1.,0.,-0.));
#302 = DIRECTION('',(0.,0.,1.));
#303 = ADVANCED_FACE('',(#304),#315,.T.);
#304 = FACE_BOUND('',#305,.T.);
#305 = EDGE_LOOP('',(#306,#312,#313,#314));
#306 = ORIENTED_EDGE('',*,*,#307,.F.);
#307 = EDGE_CURVE('',#99,#173,#308,.T.);
#308 = LINE('',#309,#310);
#309 = CARTESIAN_POINT('',(28.5,-108.5,-3.));
#310 = VECTOR('',#311,1.);
#311 = DIRECTION('',(-0.,1.,0.));
#312 = ORIENTED_EDGE('',*,*,#106,.T.);
#313 = ORIENTED_EDGE('',*,*,#292,.T.);
#314 = ORIENTED_EDGE('',*,*,#180,.F.);
#315 = PLANE('',#316);
#316 = AXIS2_PLACEMENT_3D('',#317,#318,#319);
#317 = CARTESIAN_POINT('',(28.5,-108.5,-3.));
#318 = DIRECTION('',(0.,0.,1.));
#319 = DIRECTION('',(1.,0.,-0.));
#320 = ADVANCED_FACE('',(#321),#327,.T.);
#321 = FACE_BOUND('',#322,.T.);
#322 = EDGE_LOOP('',(#323,#324,#325,#326));
#323 = ORIENTED_EDGE('',*,*,#268,.F.);
#324 = ORIENTED_EDGE('',*,*,#98,.T.);
#325 = ORIENTED_EDGE('',*,*,#307,.T.);
#326 = ORIENTED_EDGE('',*,*,#172,.F.);
#327 = PLANE('',#328);
#328 = AXIS2_PLACEMENT_3D('',#329,#330,#331);
#329 = CARTESIAN_POINT('',(28.5,-108.5,-3.));
#330 = DIRECTION('',(1.,0.,-0.));
#331 = DIRECTION('',(0.,0.,1.));
#332 = ADVANCED_FACE('',(#333),#390,.T.);
#333 = FACE_BOUND('',#334,.T.);
#334 = EDGE_LOOP('',(#335,#336,#344,#352,#360,#368,#376,#384));
#335 = ORIENTED_EDGE('',*,*,#211,.F.);
#336 = ORIENTED_EDGE('',*,*,#337,.T.);
#337 = EDGE_CURVE('',#212,#338,#340,.T.);
#338 = VERTEX_POINT('',#339);
#339 = CARTESIAN_POINT('',(-3.,-0.5,-10.8));
#340 = LINE('',#341,#342);
#341 = CARTESIAN_POINT('',(-3.,-101.5,-10.8));
#342 = VECTOR('',#343,1.);
#343 = DIRECTION('',(-0.,1.,0.));
#344 = ORIENTED_EDGE('',*,*,#345,.T.);
#345 = EDGE_CURVE('',#338,#346,#348,.T.);
#346 = VERTEX_POINT('',#347);
#347 = CARTESIAN_POINT('',(-3.,-0.5,7.));
#348 = LINE('',#349,#350);
#349 = CARTESIAN_POINT('',(-3.,-0.5,-10.8));
#350 = VECTOR('',#351,1.);
#351 = DIRECTION('',(0.,0.,1.));
#352 = ORIENTED_EDGE('',*,*,#353,.F.);
#353 = EDGE_CURVE('',#354,#346,#356,.T.);
#354 = VERTEX_POINT('',#355);
#355 = CARTESIAN_POINT('',(-3.,-43.,7.));
#356 = LINE('',#357,#358);
#357 = CARTESIAN_POINT('',(-3.,-101.5,7.));
#358 = VECTOR('',#359,1.);
#359 = DIRECTION('',(-0.,1.,0.));
#360 = ORIENTED_EDGE('',*,*,#361,.F.);
#361 = EDGE_CURVE('',#362,#354,#364,.T.);
#362 = VERTEX_POINT('',#363);
#363 = CARTESIAN_POINT('',(-3.,-43.,-4.));
#364 = LINE('',#365,#366);
#365 = CARTESIAN_POINT('',(-3.,-43.,-7.4));
#366 = VECTOR('',#367,1.);
#367 = DIRECTION('',(0.,0.,1.));
#368 = ORIENTED_EDGE('',*,*,#369,.T.);
#369 = EDGE_CURVE('',#362,#370,#372,.T.);
#370 = VERTEX_POINT('',#371);
#371 = CARTESIAN_POINT('',(-3.,-57.,-4.));
#372 = LINE('',#373,#374);
#373 = CARTESIAN_POINT('',(-3.,-79.25,-4.));
#374 = VECTOR('',#375,1.);
#375 = DIRECTION('',(0.,-1.,0.));
#376 = ORIENTED_EDGE('',*,*,#377,.T.);
#377 = EDGE_CURVE('',#370,#378,#380,.T.);
#378 = VERTEX_POINT('',#379);
#379 = CARTESIAN_POINT('',(-3.,-57.,7.));
#380 = LINE('',#381,#382);
#381 = CARTESIAN_POINT('',(-3.,-57.,-7.4));
#382 = VECTOR('',#383,1.);
#383 = DIRECTION('',(0.,0.,1.));
#384 = ORIENTED_EDGE('',*,*,#385,.F.);
#385 = EDGE_CURVE('',#203,#378,#386,.T.);
#386 = LINE('',#387,#388);
#387 = CARTESIAN_POINT('',(-3.,-101.5,7.));
#388 = VECTOR('',#389,1.);
#389 = DIRECTION('',(-0.,1.,0.));
#390 = PLANE('',#391);
#391 = AXIS2_PLACEMENT_3D('',#392,#393,#394);
#392 = CARTESIAN_POINT('',(-3.,-101.5,-10.8));
#393 = DIRECTION('',(1.,0.,-0.));
#394 = DIRECTION('',(0.,0.,1.));
#395 = ADVANCED_FACE('',(#396),#453,.F.);
#396 = FACE_BOUND('',#397,.F.);
#397 = EDGE_LOOP('',(#398,#399,#407,#415,#423,#431,#439,#447));
#398 = ORIENTED_EDGE('',*,*,#32,.F.);
#399 = ORIENTED_EDGE('',*,*,#400,.T.);
#400 = EDGE_CURVE('',#33,#401,#403,.T.);
#401 = VERTEX_POINT('',#402);
#402 = CARTESIAN_POINT('',(-5.5,-0.5,-13.3));
#403 = LINE('',#404,#405);
#404 = CARTESIAN_POINT('',(-5.5,-101.5,-13.3));
#405 = VECTOR('',#406,1.);
#406 = DIRECTION('',(-0.,1.,0.));
#407 = ORIENTED_EDGE('',*,*,#408,.T.);
#408 = EDGE_CURVE('',#401,#409,#411,.T.);
#409 = VERTEX_POINT('',#410);
#410 = CARTESIAN_POINT('',(-5.5,-0.5,7.));
#411 = LINE('',#412,#413);
#412 = CARTESIAN_POINT('',(-5.5,-0.5,-13.3));
#413 = VECTOR('',#414,1.);
#414 = DIRECTION('',(0.,0.,1.));
#415 = ORIENTED_EDGE('',*,*,#416,.F.);
#416 = EDGE_CURVE('',#417,#409,#419,.T.);
#417 = VERTEX_POINT('',#418);
#418 = CARTESIAN_POINT('',(-5.5,-43.,7.));
#419 = LINE('',#420,#421);
#420 = CARTESIAN_POINT('',(-5.5,-101.5,7.));
#421 = VECTOR('',#422,1.);
#422 = DIRECTION('',(-0.,1.,0.));
#423 = ORIENTED_EDGE('',*,*,#424,.F.);
#424 = EDGE_CURVE('',#425,#417,#427,.T.);
#425 = VERTEX_POINT('',#426);
#426 = CARTESIAN_POINT('',(-5.5,-43.,-4.));
#427 = LINE('',#428,#429);
#428 = CARTESIAN_POINT('',(-5.5,-43.,-8.65));
#429 = VECTOR('',#430,1.);
#430 = DIRECTION('',(0.,0.,1.));
#431 = ORIENTED_EDGE('',*,*,#432,.T.);
#432 = EDGE_CURVE('',#425,#433,#435,.T.);
#433 = VERTEX_POINT('',#434);
#434 = CARTESIAN_POINT('',(-5.5,-57.,-4.));
#435 = LINE('',#436,#437);
#436 = CARTESIAN_POINT('',(-5.5,-79.25,-4.));
#437 = VECTOR('',#438,1.);
#438 = DIRECTION('',(0.,-1.,0.));
#439 = ORIENTED_EDGE('',*,*,#440,.T.);
#440 = EDGE_CURVE('',#433,#441,#443,.T.);
#441 = VERTEX_POINT('',#442);
#442 = CARTESIAN_POINT('',(-5.5,-57.,7.));
#443 = LINE('',#444,#445);
#444 = CARTESIAN_POINT('',(-5.5,-57.,-8.65));
#445 = VECTOR('',#446,1.);
#446 = DIRECTION('',(0.,0.,1.));
#447 = ORIENTED_EDGE('',*,*,#448,.F.);
#448 = EDGE_CURVE('',#22,#441,#449,.T.);
#449 = LINE('',#450,#451);
#450 = CARTESIAN_POINT('',(-5.5,-101.5,7.));
#451 = VECTOR('',#452,1.);
#452 = DIRECTION('',(-0.,1.,0.));
#453 = PLANE('',#454);
#454 = AXIS2_PLACEMENT_3D('',#455,#456,#457);
#455 = CARTESIAN_POINT('',(-5.5,-101.5,-13.3));
#456 = DIRECTION('',(1.,0.,-0.));
#457 = DIRECTION('',(0.,0.,1.));
#458 = ADVANCED_FACE('',(#459,#516),#550,.F.);
#459 = FACE_BOUND('',#460,.F.);
#460 = EDGE_LOOP('',(#461,#462,#470,#478,#486,#494,#502,#510));
#461 = ORIENTED_EDGE('',*,*,#244,.F.);
#462 = ORIENTED_EDGE('',*,*,#463,.T.);
#463 = EDGE_CURVE('',#236,#464,#466,.T.);
#464 = VERTEX_POINT('',#465);
#465 = CARTESIAN_POINT('',(153.,-0.5,-10.8));
#466 = LINE('',#467,#468);
#467 = CARTESIAN_POINT('',(153.,-101.5,-10.8));
#468 = VECTOR('',#469,1.);
#469 = DIRECTION('',(-0.,1.,0.));
#470 = ORIENTED_EDGE('',*,*,#471,.T.);
#471 = EDGE_CURVE('',#464,#472,#474,.T.);
#472 = VERTEX_POINT('',#473);
#473 = CARTESIAN_POINT('',(153.,-0.5,7.));
#474 = LINE('',#475,#476);
#475 = CARTESIAN_POINT('',(153.,-0.5,-10.8));
#476 = VECTOR('',#477,1.);
#477 = DIRECTION('',(0.,0.,1.));
#478 = ORIENTED_EDGE('',*,*,#479,.F.);
#479 = EDGE_CURVE('',#480,#472,#482,.T.);
#480 = VERTEX_POINT('',#481);
#481 = CARTESIAN_POINT('',(153.,-33.64,7.));
#482 = LINE('',#483,#484);
#483 = CARTESIAN_POINT('',(153.,-101.5,7.));
#484 = VECTOR('',#485,1.);
#485 = DIRECTION('',(-0.,1.,0.));
#486 = ORIENTED_EDGE('',*,*,#487,.F.);
#487 = EDGE_CURVE('',#488,#480,#490,.T.);
#488 = VERTEX_POINT('',#489);
#489 = CARTESIAN_POINT('',(153.,-33.64,-4.));
#490 = LINE('',#491,#492);
#491 = CARTESIAN_POINT('',(153.,-33.64,-7.4));
#492 = VECTOR('',#493,1.);
#493 = DIRECTION('',(0.,0.,1.));
#494 = ORIENTED_EDGE('',*,*,#495,.T.);
#495 = EDGE_CURVE('',#488,#496,#498,.T.);
#496 = VERTEX_POINT('',#497);
#497 = CARTESIAN_POINT('',(153.,-47.64,-4.));
#498 = LINE('',#499,#500);
#499 = CARTESIAN_POINT('',(153.,-74.57,-4.));
#500 = VECTOR('',#501,1.);
#501 = DIRECTION('',(0.,-1.,0.));
#502 = ORIENTED_EDGE('',*,*,#503,.T.);
#503 = EDGE_CURVE('',#496,#504,#506,.T.);
#504 = VERTEX_POINT('',#505);
#505 = CARTESIAN_POINT('',(153.,-47.64,7.));
#506 = LINE('',#507,#508);
#507 = CARTESIAN_POINT('',(153.,-47.64,-7.4));
#508 = VECTOR('',#509,1.);
#509 = DIRECTION('',(0.,0.,1.));
#510 = ORIENTED_EDGE('',*,*,#511,.F.);
#511 = EDGE_CURVE('',#245,#504,#512,.T.);
#512 = LINE('',#513,#514);
#513 = CARTESIAN_POINT('',(153.,-101.5,7.));
#514 = VECTOR('',#515,1.);
#515 = DIRECTION('',(-0.,1.,0.));
#516 = FACE_BOUND('',#517,.F.);
#517 = EDGE_LOOP('',(#518,#528,#536,#544));
#518 = ORIENTED_EDGE('',*,*,#519,.T.);
#519 = EDGE_CURVE('',#520,#522,#524,.T.);
#520 = VERTEX_POINT('',#521);
#521 = CARTESIAN_POINT('',(153.,-62.,-0.5));
#522 = VERTEX_POINT('',#523);
#523 = CARTESIAN_POINT('',(153.,-78.,-0.5));
#524 = LINE('',#525,#526);
#525 = CARTESIAN_POINT('',(153.,-89.75,-0.5));
#526 = VECTOR('',#527,1.);
#527 = DIRECTION('',(0.,-1.,0.));
#528 = ORIENTED_EDGE('',*,*,#529,.T.);
#529 = EDGE_CURVE('',#522,#530,#532,.T.);
#530 = VERTEX_POINT('',#531);
#531 = CARTESIAN_POINT('',(153.,-78.,4.5));
#532 = LINE('',#533,#534);
#533 = CARTESIAN_POINT('',(153.,-78.,-5.65));
#534 = VECTOR('',#535,1.);
#535 = DIRECTION('',(0.,0.,1.));
#536 = ORIENTED_EDGE('',*,*,#537,.F.);
#537 = EDGE_CURVE('',#538,#530,#540,.T.);
#538 = VERTEX_POINT('',#539);
#539 = CARTESIAN_POINT('',(153.,-62.,4.5));
#540 = LINE('',#541,#542);
#541 = CARTESIAN_POINT('',(153.,-89.75,4.5));
#542 = VECTOR('',#543,1.);
#543 = DIRECTION('',(0.,-1.,0.));
#544 = ORIENTED_EDGE('',*,*,#545,.F.);
#545 = EDGE_CURVE('',#520,#538,#546,.T.);
#546 = LINE('',#547,#548);
#547 = CARTESIAN_POINT('',(153.,-62.,-5.65));
#548 = VECTOR('',#549,1.);
#549 = DIRECTION('',(0.,0.,1.));
#550 = PLANE('',#551);
#551 = AXIS2_PLACEMENT_3D('',#552,#553,#554);
#552 = CARTESIAN_POINT('',(153.,-101.5,-10.8));
#553 = DIRECTION('',(1.,0.,-0.));
#554 = DIRECTION('',(0.,0.,1.));
#555 = ADVANCED_FACE('',(#556),#583,.T.);
#556 = FACE_BOUND('',#557,.T.);
#557 = EDGE_LOOP('',(#558,#567,#568,#577));
#558 = ORIENTED_EDGE('',*,*,#559,.F.);
#559 = EDGE_CURVE('',#73,#560,#562,.T.);
#560 = VERTEX_POINT('',#561);
#561 = CARTESIAN_POINT('',(155.5,-101.5,7.));
#562 = CIRCLE('',#563,6.);
#563 = AXIS2_PLACEMENT_3D('',#564,#565,#566);
#564 = CARTESIAN_POINT('',(149.5,-101.5,7.));
#565 = DIRECTION('',(0.,0.,1.));
#566 = DIRECTION('',(1.,0.,-0.));
#567 = ORIENTED_EDGE('',*,*,#80,.F.);
#568 = ORIENTED_EDGE('',*,*,#569,.T.);
#569 = EDGE_CURVE('',#64,#570,#572,.T.);
#570 = VERTEX_POINT('',#571);
#571 = CARTESIAN_POINT('',(155.5,-101.5,-13.3));
#572 = CIRCLE('',#573,6.);
#573 = AXIS2_PLACEMENT_3D('',#574,#575,#576);
#574 = CARTESIAN_POINT('',(149.5,-101.5,-13.3));
#575 = DIRECTION('',(0.,0.,1.));
#576 = DIRECTION('',(1.,0.,-0.));
#577 = ORIENTED_EDGE('',*,*,#578,.T.);
#578 = EDGE_CURVE('',#570,#560,#579,.T.);
#579 = LINE('',#580,#581);
#580 = CARTESIAN_POINT('',(155.5,-101.5,-13.3));
#581 = VECTOR('',#582,1.);
#582 = DIRECTION('',(0.,0.,1.));
#583 = CYLINDRICAL_SURFACE('',#584,6.);
#584 = AXIS2_PLACEMENT_3D('',#585,#586,#587);
#585 = CARTESIAN_POINT('',(149.5,-101.5,-13.3));
#586 = DIRECTION('',(0.,0.,1.));
#587 = DIRECTION('',(1.,0.,-0.));
#588 = ADVANCED_FACE('',(#589),#605,.T.);
#589 = FACE_BOUND('',#590,.T.);
#590 = EDGE_LOOP('',(#591,#597,#598,#604));
#591 = ORIENTED_EDGE('',*,*,#592,.F.);
#592 = EDGE_CURVE('',#433,#370,#593,.T.);
#593 = LINE('',#594,#595);
#594 = CARTESIAN_POINT('',(-6.5,-57.,-4.));
#595 = VECTOR('',#596,1.);
#596 = DIRECTION('',(1.,0.,-0.));
#597 = ORIENTED_EDGE('',*,*,#440,.T.);
#598 = ORIENTED_EDGE('',*,*,#599,.F.);
#599 = EDGE_CURVE('',#378,#441,#600,.T.);
#600 = LINE('',#601,#602);
#601 = CARTESIAN_POINT('',(-6.,-57.,7.));
#602 = VECTOR('',#603,1.);
#603 = DIRECTION('',(-1.,-0.,0.));
#604 = ORIENTED_EDGE('',*,*,#377,.F.);
#605 = PLANE('',#606);
#606 = AXIS2_PLACEMENT_3D('',#607,#608,#609);
#607 = CARTESIAN_POINT('',(-6.5,-57.,-4.));
#608 = DIRECTION('',(-0.,1.,0.));
#609 = DIRECTION('',(0.,0.,1.));
#610 = ADVANCED_FACE('',(#611),#622,.T.);
#611 = FACE_BOUND('',#612,.T.);
#612 = EDGE_LOOP('',(#613,#619,#620,#621));
#613 = ORIENTED_EDGE('',*,*,#614,.F.);
#614 = EDGE_CURVE('',#425,#362,#615,.T.);
#615 = LINE('',#616,#617);
#616 = CARTESIAN_POINT('',(-6.5,-43.,-4.));
#617 = VECTOR('',#618,1.);
#618 = DIRECTION('',(1.,0.,-0.));
#619 = ORIENTED_EDGE('',*,*,#432,.T.);
#620 = ORIENTED_EDGE('',*,*,#592,.T.);
#621 = ORIENTED_EDGE('',*,*,#369,.F.);
#622 = PLANE('',#623);
#623 = AXIS2_PLACEMENT_3D('',#624,#625,#626);
#624 = CARTESIAN_POINT('',(-6.5,-57.,-4.));
#625 = DIRECTION('',(0.,0.,1.));
#626 = DIRECTION('',(1.,0.,-0.));
#627 = ADVANCED_FACE('',(#628),#639,.F.);
#628 = FACE_BOUND('',#629,.F.);
#629 = EDGE_LOOP('',(#630,#631,#632,#638));
#630 = ORIENTED_EDGE('',*,*,#614,.F.);
#631 = ORIENTED_EDGE('',*,*,#424,.T.);
#632 = ORIENTED_EDGE('',*,*,#633,.F.);
#633 = EDGE_CURVE('',#354,#417,#634,.T.);
#634 = LINE('',#635,#636);
#635 = CARTESIAN_POINT('',(-6.,-43.,7.));
#636 = VECTOR('',#637,1.);
#637 = DIRECTION('',(-1.,-0.,0.));
#638 = ORIENTED_EDGE('',*,*,#361,.F.);
#639 = PLANE('',#640);
#640 = AXIS2_PLACEMENT_3D('',#641,#642,#643);
#641 = CARTESIAN_POINT('',(-6.5,-43.,-4.));
#642 = DIRECTION('',(-0.,1.,0.));
#643 = DIRECTION('',(0.,0.,1.));
#644 = ADVANCED_FACE('',(#645),#672,.F.);
#645 = FACE_BOUND('',#646,.F.);
#646 = EDGE_LOOP('',(#647,#656,#664,#671));
#647 = ORIENTED_EDGE('',*,*,#648,.F.);
#648 = EDGE_CURVE('',#649,#346,#651,.T.);
#649 = VERTEX_POINT('',#650);
#650 = CARTESIAN_POINT('',(0.5,3.,7.));
#651 = CIRCLE('',#652,3.5);
#652 = AXIS2_PLACEMENT_3D('',#653,#654,#655);
#653 = CARTESIAN_POINT('',(0.5,-0.5,7.));
#654 = DIRECTION('',(0.,0.,1.));
#655 = DIRECTION('',(1.,0.,-0.));
#656 = ORIENTED_EDGE('',*,*,#657,.F.);
#657 = EDGE_CURVE('',#658,#649,#660,.T.);
#658 = VERTEX_POINT('',#659);
#659 = CARTESIAN_POINT('',(0.5,3.,-10.8));
#660 = LINE('',#661,#662);
#661 = CARTESIAN_POINT('',(0.5,3.,-10.8));
#662 = VECTOR('',#663,1.);
#663 = DIRECTION('',(0.,0.,1.));
#664 = ORIENTED_EDGE('',*,*,#665,.T.);
#665 = EDGE_CURVE('',#658,#338,#666,.T.);
#666 = CIRCLE('',#667,3.5);
#667 = AXIS2_PLACEMENT_3D('',#668,#669,#670);
#668 = CARTESIAN_POINT('',(0.5,-0.5,-10.8));
#669 = DIRECTION('',(0.,0.,1.));
#670 = DIRECTION('',(1.,0.,-0.));
#671 = ORIENTED_EDGE('',*,*,#345,.T.);
#672 = CYLINDRICAL_SURFACE('',#673,3.5);
#673 = AXIS2_PLACEMENT_3D('',#674,#675,#676);
#674 = CARTESIAN_POINT('',(0.5,-0.5,-10.8));
#675 = DIRECTION('',(0.,0.,1.));
#676 = DIRECTION('',(1.,0.,-0.));
#677 = ADVANCED_FACE('',(#678),#705,.T.);
#678 = FACE_BOUND('',#679,.T.);
#679 = EDGE_LOOP('',(#680,#689,#697,#704));
#680 = ORIENTED_EDGE('',*,*,#681,.F.);
#681 = EDGE_CURVE('',#682,#409,#684,.T.);
#682 = VERTEX_POINT('',#683);
#683 = CARTESIAN_POINT('',(0.5,5.5,7.));
#684 = CIRCLE('',#685,6.);
#685 = AXIS2_PLACEMENT_3D('',#686,#687,#688);
#686 = CARTESIAN_POINT('',(0.5,-0.5,7.));
#687 = DIRECTION('',(0.,0.,1.));
#688 = DIRECTION('',(1.,0.,-0.));
#689 = ORIENTED_EDGE('',*,*,#690,.F.);
#690 = EDGE_CURVE('',#691,#682,#693,.T.);
#691 = VERTEX_POINT('',#692);
#692 = CARTESIAN_POINT('',(0.5,5.5,-13.3));
#693 = LINE('',#694,#695);
#694 = CARTESIAN_POINT('',(0.5,5.5,-13.3));
#695 = VECTOR('',#696,1.);
#696 = DIRECTION('',(0.,0.,1.));
#697 = ORIENTED_EDGE('',*,*,#698,.T.);
#698 = EDGE_CURVE('',#691,#401,#699,.T.);
#699 = CIRCLE('',#700,6.);
#700 = AXIS2_PLACEMENT_3D('',#701,#702,#703);
#701 = CARTESIAN_POINT('',(0.5,-0.5,-13.3));
#702 = DIRECTION('',(0.,0.,1.));
#703 = DIRECTION('',(1.,0.,-0.));
#704 = ORIENTED_EDGE('',*,*,#408,.T.);
#705 = CYLINDRICAL_SURFACE('',#706,6.);
#706 = AXIS2_PLACEMENT_3D('',#707,#708,#709);
#707 = CARTESIAN_POINT('',(0.5,-0.5,-13.3));
#708 = DIRECTION('',(0.,0.,1.));
#709 = DIRECTION('',(1.,0.,-0.));
#710 = ADVANCED_FACE('',(#711),#736,.T.);
#711 = FACE_BOUND('',#712,.T.);
#712 = EDGE_LOOP('',(#713,#721,#722,#730));
#713 = ORIENTED_EDGE('',*,*,#714,.F.);
#714 = EDGE_CURVE('',#496,#715,#717,.T.);
#715 = VERTEX_POINT('',#716);
#716 = CARTESIAN_POINT('',(155.5,-47.64,-4.));
#717 = LINE('',#718,#719);
#718 = CARTESIAN_POINT('',(149.,-47.64,-4.));
#719 = VECTOR('',#720,1.);
#720 = DIRECTION('',(1.,0.,-0.));
#721 = ORIENTED_EDGE('',*,*,#503,.T.);
#722 = ORIENTED_EDGE('',*,*,#723,.F.);
#723 = EDGE_CURVE('',#724,#504,#726,.T.);
#724 = VERTEX_POINT('',#725);
#725 = CARTESIAN_POINT('',(155.5,-47.64,7.));
#726 = LINE('',#727,#728);
#727 = CARTESIAN_POINT('',(71.75,-47.64,7.));
#728 = VECTOR('',#729,1.);
#729 = DIRECTION('',(-1.,-0.,0.));
#730 = ORIENTED_EDGE('',*,*,#731,.F.);
#731 = EDGE_CURVE('',#715,#724,#732,.T.);
#732 = LINE('',#733,#734);
#733 = CARTESIAN_POINT('',(155.5,-47.64,-8.65));
#734 = VECTOR('',#735,1.);
#735 = DIRECTION('',(0.,0.,1.));
#736 = PLANE('',#737);
#737 = AXIS2_PLACEMENT_3D('',#738,#739,#740);
#738 = CARTESIAN_POINT('',(149.,-47.64,-4.));
#739 = DIRECTION('',(-0.,1.,0.));
#740 = DIRECTION('',(0.,0.,1.));
#741 = ADVANCED_FACE('',(#742),#760,.T.);
#742 = FACE_BOUND('',#743,.T.);
#743 = EDGE_LOOP('',(#744,#752,#753,#754));
#744 = ORIENTED_EDGE('',*,*,#745,.F.);
#745 = EDGE_CURVE('',#488,#746,#748,.T.);
#746 = VERTEX_POINT('',#747);
#747 = CARTESIAN_POINT('',(155.5,-33.64,-4.));
#748 = LINE('',#749,#750);
#749 = CARTESIAN_POINT('',(149.,-33.64,-4.));
#750 = VECTOR('',#751,1.);
#751 = DIRECTION('',(1.,0.,-0.));
#752 = ORIENTED_EDGE('',*,*,#495,.T.);
#753 = ORIENTED_EDGE('',*,*,#714,.T.);
#754 = ORIENTED_EDGE('',*,*,#755,.F.);
#755 = EDGE_CURVE('',#746,#715,#756,.T.);
#756 = LINE('',#757,#758);
#757 = CARTESIAN_POINT('',(155.5,-74.57,-4.));
#758 = VECTOR('',#759,1.);
#759 = DIRECTION('',(0.,-1.,0.));
#760 = PLANE('',#761);
#761 = AXIS2_PLACEMENT_3D('',#762,#763,#764);
#762 = CARTESIAN_POINT('',(149.,-47.64,-4.));
#763 = DIRECTION('',(0.,0.,1.));
#764 = DIRECTION('',(1.,0.,-0.));
#765 = ADVANCED_FACE('',(#766),#784,.F.);
#766 = FACE_BOUND('',#767,.F.);
#767 = EDGE_LOOP('',(#768,#769,#770,#778));
#768 = ORIENTED_EDGE('',*,*,#745,.F.);
#769 = ORIENTED_EDGE('',*,*,#487,.T.);
#770 = ORIENTED_EDGE('',*,*,#771,.F.);
#771 = EDGE_CURVE('',#772,#480,#774,.T.);
#772 = VERTEX_POINT('',#773);
#773 = CARTESIAN_POINT('',(155.5,-33.64,7.));
#774 = LINE('',#775,#776);
#775 = CARTESIAN_POINT('',(71.75,-33.64,7.));
#776 = VECTOR('',#777,1.);
#777 = DIRECTION('',(-1.,-0.,0.));
#778 = ORIENTED_EDGE('',*,*,#779,.F.);
#779 = EDGE_CURVE('',#746,#772,#780,.T.);
#780 = LINE('',#781,#782);
#781 = CARTESIAN_POINT('',(155.5,-33.64,-8.65));
#782 = VECTOR('',#783,1.);
#783 = DIRECTION('',(0.,0.,1.));
#784 = PLANE('',#785);
#785 = AXIS2_PLACEMENT_3D('',#786,#787,#788);
#786 = CARTESIAN_POINT('',(149.,-33.64,-4.));
#787 = DIRECTION('',(-0.,1.,0.));
#788 = DIRECTION('',(0.,0.,1.));
#789 = ADVANCED_FACE('',(#790),#817,.F.);
#790 = FACE_BOUND('',#791,.F.);
#791 = EDGE_LOOP('',(#792,#801,#802,#811));
#792 = ORIENTED_EDGE('',*,*,#793,.F.);
#793 = EDGE_CURVE('',#472,#794,#796,.T.);
#794 = VERTEX_POINT('',#795);
#795 = CARTESIAN_POINT('',(149.5,3.,7.));
#796 = CIRCLE('',#797,3.5);
#797 = AXIS2_PLACEMENT_3D('',#798,#799,#800);
#798 = CARTESIAN_POINT('',(149.5,-0.5,7.));
#799 = DIRECTION('',(0.,0.,1.));
#800 = DIRECTION('',(1.,0.,-0.));
#801 = ORIENTED_EDGE('',*,*,#471,.F.);
#802 = ORIENTED_EDGE('',*,*,#803,.T.);
#803 = EDGE_CURVE('',#464,#804,#806,.T.);
#804 = VERTEX_POINT('',#805);
#805 = CARTESIAN_POINT('',(149.5,3.,-10.8));
#806 = CIRCLE('',#807,3.5);
#807 = AXIS2_PLACEMENT_3D('',#808,#809,#810);
#808 = CARTESIAN_POINT('',(149.5,-0.5,-10.8));
#809 = DIRECTION('',(0.,0.,1.));
#810 = DIRECTION('',(1.,0.,-0.));
#811 = ORIENTED_EDGE('',*,*,#812,.T.);
#812 = EDGE_CURVE('',#804,#794,#813,.T.);
#813 = LINE('',#814,#815);
#814 = CARTESIAN_POINT('',(149.5,3.,-10.8));
#815 = VECTOR('',#816,1.);
#816 = DIRECTION('',(0.,0.,1.));
#817 = CYLINDRICAL_SURFACE('',#818,3.5);
#818 = AXIS2_PLACEMENT_3D('',#819,#820,#821);
#819 = CARTESIAN_POINT('',(149.5,-0.5,-10.8));
#820 = DIRECTION('',(0.,0.,1.));
#821 = DIRECTION('',(1.,0.,-0.));
#822 = ADVANCED_FACE('',(#823),#848,.T.);
#823 = FACE_BOUND('',#824,.T.);
#824 = EDGE_LOOP('',(#825,#833,#834,#842));
#825 = ORIENTED_EDGE('',*,*,#826,.F.);
#826 = EDGE_CURVE('',#520,#827,#829,.T.);
#827 = VERTEX_POINT('',#828);
#828 = CARTESIAN_POINT('',(155.5,-62.,-0.5));
#829 = LINE('',#830,#831);
#830 = CARTESIAN_POINT('',(149.,-62.,-0.5));
#831 = VECTOR('',#832,1.);
#832 = DIRECTION('',(1.,0.,-0.));
#833 = ORIENTED_EDGE('',*,*,#519,.T.);
#834 = ORIENTED_EDGE('',*,*,#835,.T.);
#835 = EDGE_CURVE('',#522,#836,#838,.T.);
#836 = VERTEX_POINT('',#837);
#837 = CARTESIAN_POINT('',(155.5,-78.,-0.5));
#838 = LINE('',#839,#840);
#839 = CARTESIAN_POINT('',(149.,-78.,-0.5));
#840 = VECTOR('',#841,1.);
#841 = DIRECTION('',(1.,0.,-0.));
#842 = ORIENTED_EDGE('',*,*,#843,.F.);
#843 = EDGE_CURVE('',#827,#836,#844,.T.);
#844 = LINE('',#845,#846);
#845 = CARTESIAN_POINT('',(155.5,-89.75,-0.5));
#846 = VECTOR('',#847,1.);
#847 = DIRECTION('',(0.,-1.,0.));
#848 = PLANE('',#849);
#849 = AXIS2_PLACEMENT_3D('',#850,#851,#852);
#850 = CARTESIAN_POINT('',(149.,-78.,-0.5));
#851 = DIRECTION('',(0.,0.,1.));
#852 = DIRECTION('',(1.,0.,-0.));
#853 = ADVANCED_FACE('',(#854),#872,.F.);
#854 = FACE_BOUND('',#855,.F.);
#855 = EDGE_LOOP('',(#856,#857,#858,#866));
#856 = ORIENTED_EDGE('',*,*,#826,.F.);
#857 = ORIENTED_EDGE('',*,*,#545,.T.);
#858 = ORIENTED_EDGE('',*,*,#859,.T.);
#859 = EDGE_CURVE('',#538,#860,#862,.T.);
#860 = VERTEX_POINT('',#861);
#861 = CARTESIAN_POINT('',(155.5,-62.,4.5));
#862 = LINE('',#863,#864);
#863 = CARTESIAN_POINT('',(149.,-62.,4.5));
#864 = VECTOR('',#865,1.);
#865 = DIRECTION('',(1.,0.,-0.));
#866 = ORIENTED_EDGE('',*,*,#867,.F.);
#867 = EDGE_CURVE('',#827,#860,#868,.T.);
#868 = LINE('',#869,#870);
#869 = CARTESIAN_POINT('',(155.5,-62.,-6.9));
#870 = VECTOR('',#871,1.);
#871 = DIRECTION('',(0.,0.,1.));
#872 = PLANE('',#873);
#873 = AXIS2_PLACEMENT_3D('',#874,#875,#876);
#874 = CARTESIAN_POINT('',(149.,-62.,-0.5));
#875 = DIRECTION('',(-0.,1.,0.));
#876 = DIRECTION('',(0.,0.,1.));
#877 = ADVANCED_FACE('',(#878),#896,.T.);
#878 = FACE_BOUND('',#879,.T.);
#879 = EDGE_LOOP('',(#880,#881,#882,#890));
#880 = ORIENTED_EDGE('',*,*,#835,.F.);
#881 = ORIENTED_EDGE('',*,*,#529,.T.);
#882 = ORIENTED_EDGE('',*,*,#883,.T.);
#883 = EDGE_CURVE('',#530,#884,#886,.T.);
#884 = VERTEX_POINT('',#885);
#885 = CARTESIAN_POINT('',(155.5,-78.,4.5));
#886 = LINE('',#887,#888);
#887 = CARTESIAN_POINT('',(149.,-78.,4.5));
#888 = VECTOR('',#889,1.);
#889 = DIRECTION('',(1.,0.,-0.));
#890 = ORIENTED_EDGE('',*,*,#891,.F.);
#891 = EDGE_CURVE('',#836,#884,#892,.T.);
#892 = LINE('',#893,#894);
#893 = CARTESIAN_POINT('',(155.5,-78.,-6.9));
#894 = VECTOR('',#895,1.);
#895 = DIRECTION('',(0.,0.,1.));
#896 = PLANE('',#897);
#897 = AXIS2_PLACEMENT_3D('',#898,#899,#900);
#898 = CARTESIAN_POINT('',(149.,-78.,-0.5));
#899 = DIRECTION('',(-0.,1.,0.));
#900 = DIRECTION('',(0.,0.,1.));
#901 = ADVANCED_FACE('',(#902),#913,.F.);
#902 = FACE_BOUND('',#903,.F.);
#903 = EDGE_LOOP('',(#904,#905,#906,#907));
#904 = ORIENTED_EDGE('',*,*,#859,.F.);
#905 = ORIENTED_EDGE('',*,*,#537,.T.);
#906 = ORIENTED_EDGE('',*,*,#883,.T.);
#907 = ORIENTED_EDGE('',*,*,#908,.F.);
#908 = EDGE_CURVE('',#860,#884,#909,.T.);
#909 = LINE('',#910,#911);
#910 = CARTESIAN_POINT('',(155.5,-89.75,4.5));
#911 = VECTOR('',#912,1.);
#912 = DIRECTION('',(0.,-1.,0.));
#913 = PLANE('',#914);
#914 = AXIS2_PLACEMENT_3D('',#915,#916,#917);
#915 = CARTESIAN_POINT('',(149.,-78.,4.5));
#916 = DIRECTION('',(0.,0.,1.));
#917 = DIRECTION('',(1.,0.,-0.));
#918 = ADVANCED_FACE('',(#919,#953),#959,.T.);
#919 = FACE_BOUND('',#920,.T.);
#920 = EDGE_LOOP('',(#921,#922,#930,#938,#944,#945,#946,#947));
#921 = ORIENTED_EDGE('',*,*,#578,.F.);
#922 = ORIENTED_EDGE('',*,*,#923,.T.);
#923 = EDGE_CURVE('',#570,#924,#926,.T.);
#924 = VERTEX_POINT('',#925);
#925 = CARTESIAN_POINT('',(155.5,-0.5,-13.3));
#926 = LINE('',#927,#928);
#927 = CARTESIAN_POINT('',(155.5,-101.5,-13.3));
#928 = VECTOR('',#929,1.);
#929 = DIRECTION('',(-0.,1.,0.));
#930 = ORIENTED_EDGE('',*,*,#931,.T.);
#931 = EDGE_CURVE('',#924,#932,#934,.T.);
#932 = VERTEX_POINT('',#933);
#933 = CARTESIAN_POINT('',(155.5,-0.5,7.));
#934 = LINE('',#935,#936);
#935 = CARTESIAN_POINT('',(155.5,-0.5,-13.3));
#936 = VECTOR('',#937,1.);
#937 = DIRECTION('',(0.,0.,1.));
#938 = ORIENTED_EDGE('',*,*,#939,.F.);
#939 = EDGE_CURVE('',#772,#932,#940,.T.);
#940 = LINE('',#941,#942);
#941 = CARTESIAN_POINT('',(155.5,-101.5,7.));
#942 = VECTOR('',#943,1.);
#943 = DIRECTION('',(-0.,1.,0.));
#944 = ORIENTED_EDGE('',*,*,#779,.F.);
#945 = ORIENTED_EDGE('',*,*,#755,.T.);
#946 = ORIENTED_EDGE('',*,*,#731,.T.);
#947 = ORIENTED_EDGE('',*,*,#948,.F.);
#948 = EDGE_CURVE('',#560,#724,#949,.T.);
#949 = LINE('',#950,#951);
#950 = CARTESIAN_POINT('',(155.5,-101.5,7.));
#951 = VECTOR('',#952,1.);
#952 = DIRECTION('',(-0.,1.,0.));
#953 = FACE_BOUND('',#954,.T.);
#954 = EDGE_LOOP('',(#955,#956,#957,#958));
#955 = ORIENTED_EDGE('',*,*,#843,.T.);
#956 = ORIENTED_EDGE('',*,*,#891,.T.);
#957 = ORIENTED_EDGE('',*,*,#908,.F.);
#958 = ORIENTED_EDGE('',*,*,#867,.F.);
#959 = PLANE('',#960);
#960 = AXIS2_PLACEMENT_3D('',#961,#962,#963);
#961 = CARTESIAN_POINT('',(155.5,-101.5,-13.3));
#962 = DIRECTION('',(1.,0.,-0.));
#963 = DIRECTION('',(0.,0.,1.));
#964 = ADVANCED_FACE('',(#965),#981,.F.);
#965 = FACE_BOUND('',#966,.F.);
#966 = EDGE_LOOP('',(#967,#973,#974,#980));
#967 = ORIENTED_EDGE('',*,*,#968,.F.);
#968 = EDGE_CURVE('',#658,#804,#969,.T.);
#969 = LINE('',#970,#971);
#970 = CARTESIAN_POINT('',(0.5,3.,-10.8));
#971 = VECTOR('',#972,1.);
#972 = DIRECTION('',(1.,0.,-0.));
#973 = ORIENTED_EDGE('',*,*,#657,.T.);
#974 = ORIENTED_EDGE('',*,*,#975,.F.);
#975 = EDGE_CURVE('',#794,#649,#976,.T.);
#976 = LINE('',#977,#978);
#977 = CARTESIAN_POINT('',(0.5,3.,7.));
#978 = VECTOR('',#979,1.);
#979 = DIRECTION('',(-1.,-0.,0.));
#980 = ORIENTED_EDGE('',*,*,#812,.F.);
#981 = PLANE('',#982);
#982 = AXIS2_PLACEMENT_3D('',#983,#984,#985);
#983 = CARTESIAN_POINT('',(0.5,3.,-10.8));
#984 = DIRECTION('',(-0.,1.,0.));
#985 = DIRECTION('',(0.,0.,1.));
#986 = ADVANCED_FACE('',(#987),#1012,.T.);
#987 = FACE_BOUND('',#988,.T.);
#988 = EDGE_LOOP('',(#989,#997,#998,#1006));
#989 = ORIENTED_EDGE('',*,*,#990,.F.);
#990 = EDGE_CURVE('',#691,#991,#993,.T.);
#991 = VERTEX_POINT('',#992);
#992 = CARTESIAN_POINT('',(149.5,5.5,-13.3));
#993 = LINE('',#994,#995);
#994 = CARTESIAN_POINT('',(0.5,5.5,-13.3));
#995 = VECTOR('',#996,1.);
#996 = DIRECTION('',(1.,0.,-0.));
#997 = ORIENTED_EDGE('',*,*,#690,.T.);
#998 = ORIENTED_EDGE('',*,*,#999,.T.);
#999 = EDGE_CURVE('',#682,#1000,#1002,.T.);
#1000 = VERTEX_POINT('',#1001);
#1001 = CARTESIAN_POINT('',(149.5,5.5,7.));
#1002 = LINE('',#1003,#1004);
#1003 = CARTESIAN_POINT('',(0.5,5.5,7.));
#1004 = VECTOR('',#1005,1.);
#1005 = DIRECTION('',(1.,0.,-0.));
#1006 = ORIENTED_EDGE('',*,*,#1007,.F.);
#1007 = EDGE_CURVE('',#991,#1000,#1008,.T.);
#1008 = LINE('',#1009,#1010);
#1009 = CARTESIAN_POINT('',(149.5,5.5,-13.3));
#1010 = VECTOR('',#1011,1.);
#1011 = DIRECTION('',(0.,0.,1.));
#1012 = PLANE('',#1013);
#1013 = AXIS2_PLACEMENT_3D('',#1014,#1015,#1016);
#1014 = CARTESIAN_POINT('',(0.5,5.5,-13.3));
#1015 = DIRECTION('',(-0.,1.,0.));
#1016 = DIRECTION('',(0.,0.,1.));
#1017 = ADVANCED_FACE('',(#1018),#1036,.T.);
#1018 = FACE_BOUND('',#1019,.T.);
#1019 = EDGE_LOOP('',(#1020,#1027,#1028,#1035));
#1020 = ORIENTED_EDGE('',*,*,#1021,.F.);
#1021 = EDGE_CURVE('',#932,#1000,#1022,.T.);
#1022 = CIRCLE('',#1023,6.);
#1023 = AXIS2_PLACEMENT_3D('',#1024,#1025,#1026);
#1024 = CARTESIAN_POINT('',(149.5,-0.5,7.));
#1025 = DIRECTION('',(0.,0.,1.));
#1026 = DIRECTION('',(1.,0.,-0.));
#1027 = ORIENTED_EDGE('',*,*,#931,.F.);
#1028 = ORIENTED_EDGE('',*,*,#1029,.T.);
#1029 = EDGE_CURVE('',#924,#991,#1030,.T.);
#1030 = CIRCLE('',#1031,6.);
#1031 = AXIS2_PLACEMENT_3D('',#1032,#1033,#1034);
#1032 = CARTESIAN_POINT('',(149.5,-0.5,-13.3));
#1033 = DIRECTION('',(0.,0.,1.));
#1034 = DIRECTION('',(1.,0.,-0.));
#1035 = ORIENTED_EDGE('',*,*,#1007,.T.);
#1036 = CYLINDRICAL_SURFACE('',#1037,6.);
#1037 = AXIS2_PLACEMENT_3D('',#1038,#1039,#1040);
#1038 = CARTESIAN_POINT('',(149.5,-0.5,-13.3));
#1039 = DIRECTION('',(0.,0.,1.));
#1040 = DIRECTION('',(1.,0.,-0.));
#1041 = ADVANCED_FACE('',(#1042),#1056,.T.);
#1042 = FACE_BOUND('',#1043,.T.);
#1043 = EDGE_LOOP('',(#1044,#1045,#1046,#1047,#1048,#1049,#1050,#1051,
    #1052,#1053,#1054,#1055));
#1044 = ORIENTED_EDGE('',*,*,#146,.T.);
#1045 = ORIENTED_EDGE('',*,*,#202,.F.);
#1046 = ORIENTED_EDGE('',*,*,#385,.T.);
#1047 = ORIENTED_EDGE('',*,*,#599,.T.);
#1048 = ORIENTED_EDGE('',*,*,#448,.F.);
#1049 = ORIENTED_EDGE('',*,*,#21,.T.);
#1050 = ORIENTED_EDGE('',*,*,#72,.T.);
#1051 = ORIENTED_EDGE('',*,*,#559,.T.);
#1052 = ORIENTED_EDGE('',*,*,#948,.T.);
#1053 = ORIENTED_EDGE('',*,*,#723,.T.);
#1054 = ORIENTED_EDGE('',*,*,#511,.F.);
#1055 = ORIENTED_EDGE('',*,*,#252,.F.);
#1056 = PLANE('',#1057);
#1057 = AXIS2_PLACEMENT_3D('',#1058,#1059,#1060);
#1058 = CARTESIAN_POINT('',(77.803266965073,-94.66295484859,7.));
#1059 = DIRECTION('',(0.,0.,1.));
#1060 = DIRECTION('',(1.,0.,-0.));
#1061 = ADVANCED_FACE('',(#1062),#1076,.T.);
#1062 = FACE_BOUND('',#1063,.T.);
#1063 = EDGE_LOOP('',(#1064,#1065,#1066,#1067,#1068,#1069,#1070,#1071,
    #1072,#1073,#1074,#1075));
#1064 = ORIENTED_EDGE('',*,*,#353,.T.);
#1065 = ORIENTED_EDGE('',*,*,#648,.F.);
#1066 = ORIENTED_EDGE('',*,*,#975,.F.);
#1067 = ORIENTED_EDGE('',*,*,#793,.F.);
#1068 = ORIENTED_EDGE('',*,*,#479,.F.);
#1069 = ORIENTED_EDGE('',*,*,#771,.F.);
#1070 = ORIENTED_EDGE('',*,*,#939,.T.);
#1071 = ORIENTED_EDGE('',*,*,#1021,.T.);
#1072 = ORIENTED_EDGE('',*,*,#999,.F.);
#1073 = ORIENTED_EDGE('',*,*,#681,.T.);
#1074 = ORIENTED_EDGE('',*,*,#416,.F.);
#1075 = ORIENTED_EDGE('',*,*,#633,.F.);
#1076 = PLANE('',#1077);
#1077 = AXIS2_PLACEMENT_3D('',#1078,#1079,#1080);
#1078 = CARTESIAN_POINT('',(71.933433525493,-3.776034895439,7.));
#1079 = DIRECTION('',(0.,0.,1.));
#1080 = DIRECTION('',(1.,0.,-0.));
#1081 = ADVANCED_FACE('',(#1082,#1092,#1158,#1169,#1198,#1209),#1238,.T.
  );
#1082 = FACE_BOUND('',#1083,.T.);
#1083 = EDGE_LOOP('',(#1084,#1085,#1086,#1087,#1088,#1089,#1090,#1091));
#1084 = ORIENTED_EDGE('',*,*,#128,.T.);
#1085 = ORIENTED_EDGE('',*,*,#235,.T.);
#1086 = ORIENTED_EDGE('',*,*,#463,.T.);
#1087 = ORIENTED_EDGE('',*,*,#803,.T.);
#1088 = ORIENTED_EDGE('',*,*,#968,.F.);
#1089 = ORIENTED_EDGE('',*,*,#665,.T.);
#1090 = ORIENTED_EDGE('',*,*,#337,.F.);
#1091 = ORIENTED_EDGE('',*,*,#219,.T.);
#1092 = FACE_BOUND('',#1093,.T.);
#1093 = EDGE_LOOP('',(#1094,#1104,#1112,#1120,#1128,#1136,#1144,#1152));
#1094 = ORIENTED_EDGE('',*,*,#1095,.F.);
#1095 = EDGE_CURVE('',#1096,#1098,#1100,.T.);
#1096 = VERTEX_POINT('',#1097);
#1097 = CARTESIAN_POINT('',(14.,-78.5,-10.8));
#1098 = VERTEX_POINT('',#1099);
#1099 = CARTESIAN_POINT('',(15.,-78.5,-10.8));
#1100 = LINE('',#1101,#1102);
#1101 = CARTESIAN_POINT('',(14.,-78.5,-10.8));
#1102 = VECTOR('',#1103,1.);
#1103 = DIRECTION('',(1.,0.,-0.));
#1104 = ORIENTED_EDGE('',*,*,#1105,.T.);
#1105 = EDGE_CURVE('',#1096,#1106,#1108,.T.);
#1106 = VERTEX_POINT('',#1107);
#1107 = CARTESIAN_POINT('',(14.,-16.5,-10.8));
#1108 = LINE('',#1109,#1110);
#1109 = CARTESIAN_POINT('',(14.,-78.5,-10.8));
#1110 = VECTOR('',#1111,1.);
#1111 = DIRECTION('',(-0.,1.,0.));
#1112 = ORIENTED_EDGE('',*,*,#1113,.T.);
#1113 = EDGE_CURVE('',#1106,#1114,#1116,.T.);
#1114 = VERTEX_POINT('',#1115);
#1115 = CARTESIAN_POINT('',(66.,-16.5,-10.8));
#1116 = LINE('',#1117,#1118);
#1117 = CARTESIAN_POINT('',(14.,-16.5,-10.8));
#1118 = VECTOR('',#1119,1.);
#1119 = DIRECTION('',(1.,0.,-0.));
#1120 = ORIENTED_EDGE('',*,*,#1121,.F.);
#1121 = EDGE_CURVE('',#1122,#1114,#1124,.T.);
#1122 = VERTEX_POINT('',#1123);
#1123 = CARTESIAN_POINT('',(66.,-78.5,-10.8));
#1124 = LINE('',#1125,#1126);
#1125 = CARTESIAN_POINT('',(66.,-78.5,-10.8));
#1126 = VECTOR('',#1127,1.);
#1127 = DIRECTION('',(-0.,1.,0.));
#1128 = ORIENTED_EDGE('',*,*,#1129,.F.);
#1129 = EDGE_CURVE('',#1130,#1122,#1132,.T.);
#1130 = VERTEX_POINT('',#1131);
#1131 = CARTESIAN_POINT('',(65.,-78.5,-10.8));
#1132 = LINE('',#1133,#1134);
#1133 = CARTESIAN_POINT('',(65.,-78.5,-10.8));
#1134 = VECTOR('',#1135,1.);
#1135 = DIRECTION('',(1.,0.,-0.));
#1136 = ORIENTED_EDGE('',*,*,#1137,.T.);
#1137 = EDGE_CURVE('',#1130,#1138,#1140,.T.);
#1138 = VERTEX_POINT('',#1139);
#1139 = CARTESIAN_POINT('',(65.,-17.5,-10.8));
#1140 = LINE('',#1141,#1142);
#1141 = CARTESIAN_POINT('',(65.,-78.5,-10.8));
#1142 = VECTOR('',#1143,1.);
#1143 = DIRECTION('',(-0.,1.,0.));
#1144 = ORIENTED_EDGE('',*,*,#1145,.F.);
#1145 = EDGE_CURVE('',#1146,#1138,#1148,.T.);
#1146 = VERTEX_POINT('',#1147);
#1147 = CARTESIAN_POINT('',(15.,-17.5,-10.8));
#1148 = LINE('',#1149,#1150);
#1149 = CARTESIAN_POINT('',(14.,-17.5,-10.8));
#1150 = VECTOR('',#1151,1.);
#1151 = DIRECTION('',(1.,0.,-0.));
#1152 = ORIENTED_EDGE('',*,*,#1153,.F.);
#1153 = EDGE_CURVE('',#1098,#1146,#1154,.T.);
#1154 = LINE('',#1155,#1156);
#1155 = CARTESIAN_POINT('',(15.,-78.5,-10.8));
#1156 = VECTOR('',#1157,1.);
#1157 = DIRECTION('',(-0.,1.,0.));
#1158 = FACE_BOUND('',#1159,.T.);
#1159 = EDGE_LOOP('',(#1160));
#1160 = ORIENTED_EDGE('',*,*,#1161,.F.);
#1161 = EDGE_CURVE('',#1162,#1162,#1164,.T.);
#1162 = VERTEX_POINT('',#1163);
#1163 = CARTESIAN_POINT('',(9.2,-90.,-10.8));
#1164 = CIRCLE('',#1165,4.2);
#1165 = AXIS2_PLACEMENT_3D('',#1166,#1167,#1168);
#1166 = CARTESIAN_POINT('',(5.,-90.,-10.8));
#1167 = DIRECTION('',(0.,0.,1.));
#1168 = DIRECTION('',(1.,0.,-0.));
#1169 = FACE_BOUND('',#1170,.T.);
#1170 = EDGE_LOOP('',(#1171,#1182,#1191));
#1171 = ORIENTED_EDGE('',*,*,#1172,.F.);
#1172 = EDGE_CURVE('',#1173,#1175,#1177,.T.);
#1173 = VERTEX_POINT('',#1174);
#1174 = CARTESIAN_POINT('',(0.927291617595,-3.973819493516,-10.8));
#1175 = VERTEX_POINT('',#1176);
#1176 = CARTESIAN_POINT('',(9.2,-5.,-10.8));
#1177 = CIRCLE('',#1178,4.2);
#1178 = AXIS2_PLACEMENT_3D('',#1179,#1180,#1181);
#1179 = CARTESIAN_POINT('',(5.,-5.,-10.8));
#1180 = DIRECTION('',(0.,0.,1.));
#1181 = DIRECTION('',(1.,0.,-0.));
#1182 = ORIENTED_EDGE('',*,*,#1183,.F.);
#1183 = EDGE_CURVE('',#1184,#1173,#1186,.T.);
#1184 = VERTEX_POINT('',#1185);
#1185 = CARTESIAN_POINT('',(3.973819493516,-0.927291617595,-10.8));
#1186 = CIRCLE('',#1187,4.2);
#1187 = AXIS2_PLACEMENT_3D('',#1188,#1189,#1190);
#1188 = CARTESIAN_POINT('',(5.,-5.,-10.8));
#1189 = DIRECTION('',(0.,0.,1.));
#1190 = DIRECTION('',(1.,0.,-0.));
#1191 = ORIENTED_EDGE('',*,*,#1192,.F.);
#1192 = EDGE_CURVE('',#1175,#1184,#1193,.T.);
#1193 = CIRCLE('',#1194,4.2);
#1194 = AXIS2_PLACEMENT_3D('',#1195,#1196,#1197);
#1195 = CARTESIAN_POINT('',(5.,-5.,-10.8));
#1196 = DIRECTION('',(0.,0.,1.));
#1197 = DIRECTION('',(1.,0.,-0.));
#1198 = FACE_BOUND('',#1199,.T.);
#1199 = EDGE_LOOP('',(#1200));
#1200 = ORIENTED_EDGE('',*,*,#1201,.F.);
#1201 = EDGE_CURVE('',#1202,#1202,#1204,.T.);
#1202 = VERTEX_POINT('',#1203);
#1203 = CARTESIAN_POINT('',(149.2,-90.,-10.8));
#1204 = CIRCLE('',#1205,4.2);
#1205 = AXIS2_PLACEMENT_3D('',#1206,#1207,#1208);
#1206 = CARTESIAN_POINT('',(145.,-90.,-10.8));
#1207 = DIRECTION('',(0.,0.,1.));
#1208 = DIRECTION('',(1.,0.,-0.));
#1209 = FACE_BOUND('',#1210,.T.);
#1210 = EDGE_LOOP('',(#1211,#1222,#1231));
#1211 = ORIENTED_EDGE('',*,*,#1212,.F.);
#1212 = EDGE_CURVE('',#1213,#1215,#1217,.T.);
#1213 = VERTEX_POINT('',#1214);
#1214 = CARTESIAN_POINT('',(149.2,-5.,-10.8));
#1215 = VERTEX_POINT('',#1216);
#1216 = CARTESIAN_POINT('',(149.0727083824,-3.973819493516,-10.8));
#1217 = CIRCLE('',#1218,4.2);
#1218 = AXIS2_PLACEMENT_3D('',#1219,#1220,#1221);
#1219 = CARTESIAN_POINT('',(145.,-5.,-10.8));
#1220 = DIRECTION('',(0.,0.,1.));
#1221 = DIRECTION('',(1.,0.,-0.));
#1222 = ORIENTED_EDGE('',*,*,#1223,.F.);
#1223 = EDGE_CURVE('',#1224,#1213,#1226,.T.);
#1224 = VERTEX_POINT('',#1225);
#1225 = CARTESIAN_POINT('',(146.02618050648,-0.927291617595,-10.8));
#1226 = CIRCLE('',#1227,4.2);
#1227 = AXIS2_PLACEMENT_3D('',#1228,#1229,#1230);
#1228 = CARTESIAN_POINT('',(145.,-5.,-10.8));
#1229 = DIRECTION('',(0.,0.,1.));
#1230 = DIRECTION('',(1.,0.,-0.));
#1231 = ORIENTED_EDGE('',*,*,#1232,.F.);
#1232 = EDGE_CURVE('',#1215,#1224,#1233,.T.);
#1233 = CIRCLE('',#1234,4.2);
#1234 = AXIS2_PLACEMENT_3D('',#1235,#1236,#1237);
#1235 = CARTESIAN_POINT('',(145.,-5.,-10.8));
#1236 = DIRECTION('',(0.,0.,1.));
#1237 = DIRECTION('',(1.,0.,-0.));
#1238 = PLANE('',#1239);
#1239 = AXIS2_PLACEMENT_3D('',#1240,#1241,#1242);
#1240 = CARTESIAN_POINT('',(75.,-51.,-10.8));
#1241 = DIRECTION('',(0.,0.,1.));
#1242 = DIRECTION('',(1.,0.,-0.));
#1243 = ADVANCED_FACE('',(#1244),#1269,.F.);
#1244 = FACE_BOUND('',#1245,.F.);
#1245 = EDGE_LOOP('',(#1246,#1247,#1255,#1263));
#1246 = ORIENTED_EDGE('',*,*,#1095,.F.);
#1247 = ORIENTED_EDGE('',*,*,#1248,.T.);
#1248 = EDGE_CURVE('',#1096,#1249,#1251,.T.);
#1249 = VERTEX_POINT('',#1250);
#1250 = CARTESIAN_POINT('',(14.,-78.5,-2.5));
#1251 = LINE('',#1252,#1253);
#1252 = CARTESIAN_POINT('',(14.,-78.5,-10.8));
#1253 = VECTOR('',#1254,1.);
#1254 = DIRECTION('',(0.,0.,1.));
#1255 = ORIENTED_EDGE('',*,*,#1256,.T.);
#1256 = EDGE_CURVE('',#1249,#1257,#1259,.T.);
#1257 = VERTEX_POINT('',#1258);
#1258 = CARTESIAN_POINT('',(15.,-78.5,-2.5));
#1259 = LINE('',#1260,#1261);
#1260 = CARTESIAN_POINT('',(14.,-78.5,-2.5));
#1261 = VECTOR('',#1262,1.);
#1262 = DIRECTION('',(1.,0.,-0.));
#1263 = ORIENTED_EDGE('',*,*,#1264,.F.);
#1264 = EDGE_CURVE('',#1098,#1257,#1265,.T.);
#1265 = LINE('',#1266,#1267);
#1266 = CARTESIAN_POINT('',(15.,-78.5,-10.8));
#1267 = VECTOR('',#1268,1.);
#1268 = DIRECTION('',(0.,0.,1.));
#1269 = PLANE('',#1270);
#1270 = AXIS2_PLACEMENT_3D('',#1271,#1272,#1273);
#1271 = CARTESIAN_POINT('',(14.,-78.5,-10.8));
#1272 = DIRECTION('',(-0.,1.,0.));
#1273 = DIRECTION('',(0.,0.,1.));
#1274 = ADVANCED_FACE('',(#1275),#1293,.T.);
#1275 = FACE_BOUND('',#1276,.T.);
#1276 = EDGE_LOOP('',(#1277,#1278,#1279,#1287));
#1277 = ORIENTED_EDGE('',*,*,#1264,.F.);
#1278 = ORIENTED_EDGE('',*,*,#1153,.T.);
#1279 = ORIENTED_EDGE('',*,*,#1280,.T.);
#1280 = EDGE_CURVE('',#1146,#1281,#1283,.T.);
#1281 = VERTEX_POINT('',#1282);
#1282 = CARTESIAN_POINT('',(15.,-17.5,-2.5));
#1283 = LINE('',#1284,#1285);
#1284 = CARTESIAN_POINT('',(15.,-17.5,-10.8));
#1285 = VECTOR('',#1286,1.);
#1286 = DIRECTION('',(0.,0.,1.));
#1287 = ORIENTED_EDGE('',*,*,#1288,.F.);
#1288 = EDGE_CURVE('',#1257,#1281,#1289,.T.);
#1289 = LINE('',#1290,#1291);
#1290 = CARTESIAN_POINT('',(15.,-78.5,-2.5));
#1291 = VECTOR('',#1292,1.);
#1292 = DIRECTION('',(-0.,1.,0.));
#1293 = PLANE('',#1294);
#1294 = AXIS2_PLACEMENT_3D('',#1295,#1296,#1297);
#1295 = CARTESIAN_POINT('',(15.,-78.5,-10.8));
#1296 = DIRECTION('',(1.,0.,-0.));
#1297 = DIRECTION('',(0.,0.,1.));
#1298 = ADVANCED_FACE('',(#1299),#1317,.F.);
#1299 = FACE_BOUND('',#1300,.F.);
#1300 = EDGE_LOOP('',(#1301,#1302,#1303,#1311));
#1301 = ORIENTED_EDGE('',*,*,#1145,.F.);
#1302 = ORIENTED_EDGE('',*,*,#1280,.T.);
#1303 = ORIENTED_EDGE('',*,*,#1304,.T.);
#1304 = EDGE_CURVE('',#1281,#1305,#1307,.T.);
#1305 = VERTEX_POINT('',#1306);
#1306 = CARTESIAN_POINT('',(65.,-17.5,-2.5));
#1307 = LINE('',#1308,#1309);
#1308 = CARTESIAN_POINT('',(14.,-17.5,-2.5));
#1309 = VECTOR('',#1310,1.);
#1310 = DIRECTION('',(1.,0.,-0.));
#1311 = ORIENTED_EDGE('',*,*,#1312,.F.);
#1312 = EDGE_CURVE('',#1138,#1305,#1313,.T.);
#1313 = LINE('',#1314,#1315);
#1314 = CARTESIAN_POINT('',(65.,-17.5,-10.8));
#1315 = VECTOR('',#1316,1.);
#1316 = DIRECTION('',(0.,0.,1.));
#1317 = PLANE('',#1318);
#1318 = AXIS2_PLACEMENT_3D('',#1319,#1320,#1321);
#1319 = CARTESIAN_POINT('',(14.,-17.5,-10.8));
#1320 = DIRECTION('',(-0.,1.,0.));
#1321 = DIRECTION('',(0.,0.,1.));
#1322 = ADVANCED_FACE('',(#1323),#1341,.F.);
#1323 = FACE_BOUND('',#1324,.F.);
#1324 = EDGE_LOOP('',(#1325,#1333,#1334,#1335));
#1325 = ORIENTED_EDGE('',*,*,#1326,.F.);
#1326 = EDGE_CURVE('',#1130,#1327,#1329,.T.);
#1327 = VERTEX_POINT('',#1328);
#1328 = CARTESIAN_POINT('',(65.,-78.5,-2.5));
#1329 = LINE('',#1330,#1331);
#1330 = CARTESIAN_POINT('',(65.,-78.5,-10.8));
#1331 = VECTOR('',#1332,1.);
#1332 = DIRECTION('',(0.,0.,1.));
#1333 = ORIENTED_EDGE('',*,*,#1137,.T.);
#1334 = ORIENTED_EDGE('',*,*,#1312,.T.);
#1335 = ORIENTED_EDGE('',*,*,#1336,.F.);
#1336 = EDGE_CURVE('',#1327,#1305,#1337,.T.);
#1337 = LINE('',#1338,#1339);
#1338 = CARTESIAN_POINT('',(65.,-78.5,-2.5));
#1339 = VECTOR('',#1340,1.);
#1340 = DIRECTION('',(-0.,1.,0.));
#1341 = PLANE('',#1342);
#1342 = AXIS2_PLACEMENT_3D('',#1343,#1344,#1345);
#1343 = CARTESIAN_POINT('',(65.,-78.5,-10.8));
#1344 = DIRECTION('',(1.,0.,-0.));
#1345 = DIRECTION('',(0.,0.,1.));
#1346 = ADVANCED_FACE('',(#1347),#1365,.F.);
#1347 = FACE_BOUND('',#1348,.F.);
#1348 = EDGE_LOOP('',(#1349,#1350,#1351,#1359));
#1349 = ORIENTED_EDGE('',*,*,#1129,.F.);
#1350 = ORIENTED_EDGE('',*,*,#1326,.T.);
#1351 = ORIENTED_EDGE('',*,*,#1352,.T.);
#1352 = EDGE_CURVE('',#1327,#1353,#1355,.T.);
#1353 = VERTEX_POINT('',#1354);
#1354 = CARTESIAN_POINT('',(66.,-78.5,-2.5));
#1355 = LINE('',#1356,#1357);
#1356 = CARTESIAN_POINT('',(65.,-78.5,-2.5));
#1357 = VECTOR('',#1358,1.);
#1358 = DIRECTION('',(1.,0.,-0.));
#1359 = ORIENTED_EDGE('',*,*,#1360,.F.);
#1360 = EDGE_CURVE('',#1122,#1353,#1361,.T.);
#1361 = LINE('',#1362,#1363);
#1362 = CARTESIAN_POINT('',(66.,-78.5,-10.8));
#1363 = VECTOR('',#1364,1.);
#1364 = DIRECTION('',(0.,0.,1.));
#1365 = PLANE('',#1366);
#1366 = AXIS2_PLACEMENT_3D('',#1367,#1368,#1369);
#1367 = CARTESIAN_POINT('',(65.,-78.5,-10.8));
#1368 = DIRECTION('',(-0.,1.,0.));
#1369 = DIRECTION('',(0.,0.,1.));
#1370 = ADVANCED_FACE('',(#1371),#1416,.T.);
#1371 = FACE_BOUND('',#1372,.T.);
#1372 = EDGE_LOOP('',(#1373,#1383,#1392,#1401,#1408,#1409));
#1373 = ORIENTED_EDGE('',*,*,#1374,.T.);
#1374 = EDGE_CURVE('',#1375,#1377,#1379,.T.);
#1375 = VERTEX_POINT('',#1376);
#1376 = CARTESIAN_POINT('',(10.,-90.,-17.3));
#1377 = VERTEX_POINT('',#1378);
#1378 = CARTESIAN_POINT('',(10.,-90.,-13.3));
#1379 = LINE('',#1380,#1381);
#1380 = CARTESIAN_POINT('',(10.,-90.,-17.3));
#1381 = VECTOR('',#1382,1.);
#1382 = DIRECTION('',(0.,0.,1.));
#1383 = ORIENTED_EDGE('',*,*,#1384,.F.);
#1384 = EDGE_CURVE('',#1385,#1377,#1387,.T.);
#1385 = VERTEX_POINT('',#1386);
#1386 = CARTESIAN_POINT('',(0.5,-92.17944947177,-13.3));
#1387 = CIRCLE('',#1388,5.);
#1388 = AXIS2_PLACEMENT_3D('',#1389,#1390,#1391);
#1389 = CARTESIAN_POINT('',(5.,-90.,-13.3));
#1390 = DIRECTION('',(0.,0.,1.));
#1391 = DIRECTION('',(1.,0.,-0.));
#1392 = ORIENTED_EDGE('',*,*,#1393,.F.);
#1393 = EDGE_CURVE('',#1394,#1385,#1396,.T.);
#1394 = VERTEX_POINT('',#1395);
#1395 = CARTESIAN_POINT('',(0.5,-87.82055052823,-13.3));
#1396 = CIRCLE('',#1397,5.);
#1397 = AXIS2_PLACEMENT_3D('',#1398,#1399,#1400);
#1398 = CARTESIAN_POINT('',(5.,-90.,-13.3));
#1399 = DIRECTION('',(0.,0.,1.));
#1400 = DIRECTION('',(1.,0.,-0.));
#1401 = ORIENTED_EDGE('',*,*,#1402,.F.);
#1402 = EDGE_CURVE('',#1377,#1394,#1403,.T.);
#1403 = CIRCLE('',#1404,5.);
#1404 = AXIS2_PLACEMENT_3D('',#1405,#1406,#1407);
#1405 = CARTESIAN_POINT('',(5.,-90.,-13.3));
#1406 = DIRECTION('',(0.,0.,1.));
#1407 = DIRECTION('',(1.,0.,-0.));
#1408 = ORIENTED_EDGE('',*,*,#1374,.F.);
#1409 = ORIENTED_EDGE('',*,*,#1410,.T.);
#1410 = EDGE_CURVE('',#1375,#1375,#1411,.T.);
#1411 = CIRCLE('',#1412,5.);
#1412 = AXIS2_PLACEMENT_3D('',#1413,#1414,#1415);
#1413 = CARTESIAN_POINT('',(5.,-90.,-17.3));
#1414 = DIRECTION('',(0.,0.,1.));
#1415 = DIRECTION('',(1.,0.,-0.));
#1416 = CYLINDRICAL_SURFACE('',#1417,5.);
#1417 = AXIS2_PLACEMENT_3D('',#1418,#1419,#1420);
#1418 = CARTESIAN_POINT('',(5.,-90.,-17.3));
#1419 = DIRECTION('',(0.,0.,1.));
#1420 = DIRECTION('',(1.,0.,-0.));
#1421 = ADVANCED_FACE('',(#1422,#1425),#1436,.F.);
#1422 = FACE_BOUND('',#1423,.F.);
#1423 = EDGE_LOOP('',(#1424));
#1424 = ORIENTED_EDGE('',*,*,#1410,.T.);
#1425 = FACE_BOUND('',#1426,.F.);
#1426 = EDGE_LOOP('',(#1427));
#1427 = ORIENTED_EDGE('',*,*,#1428,.F.);
#1428 = EDGE_CURVE('',#1429,#1429,#1431,.T.);
#1429 = VERTEX_POINT('',#1430);
#1430 = CARTESIAN_POINT('',(6.7,-90.,-17.3));
#1431 = CIRCLE('',#1432,1.7);
#1432 = AXIS2_PLACEMENT_3D('',#1433,#1434,#1435);
#1433 = CARTESIAN_POINT('',(5.,-90.,-17.3));
#1434 = DIRECTION('',(0.,0.,1.));
#1435 = DIRECTION('',(1.,0.,-0.));
#1436 = PLANE('',#1437);
#1437 = AXIS2_PLACEMENT_3D('',#1438,#1439,#1440);
#1438 = CARTESIAN_POINT('',(5.,-90.,-17.3));
#1439 = DIRECTION('',(0.,0.,1.));
#1440 = DIRECTION('',(1.,0.,-0.));
#1441 = ADVANCED_FACE('',(#1442),#1461,.F.);
#1442 = FACE_BOUND('',#1443,.F.);
#1443 = EDGE_LOOP('',(#1444,#1453,#1459,#1460));
#1444 = ORIENTED_EDGE('',*,*,#1445,.F.);
#1445 = EDGE_CURVE('',#1446,#1446,#1448,.T.);
#1446 = VERTEX_POINT('',#1447);
#1447 = CARTESIAN_POINT('',(6.7,-90.,-13.2));
#1448 = CIRCLE('',#1449,1.7);
#1449 = AXIS2_PLACEMENT_3D('',#1450,#1451,#1452);
#1450 = CARTESIAN_POINT('',(5.,-90.,-13.2));
#1451 = DIRECTION('',(0.,0.,1.));
#1452 = DIRECTION('',(1.,0.,-0.));
#1453 = ORIENTED_EDGE('',*,*,#1454,.F.);
#1454 = EDGE_CURVE('',#1429,#1446,#1455,.T.);
#1455 = LINE('',#1456,#1457);
#1456 = CARTESIAN_POINT('',(6.7,-90.,-17.3));
#1457 = VECTOR('',#1458,1.);
#1458 = DIRECTION('',(0.,0.,1.));
#1459 = ORIENTED_EDGE('',*,*,#1428,.T.);
#1460 = ORIENTED_EDGE('',*,*,#1454,.T.);
#1461 = CYLINDRICAL_SURFACE('',#1462,1.7);
#1462 = AXIS2_PLACEMENT_3D('',#1463,#1464,#1465);
#1463 = CARTESIAN_POINT('',(5.,-90.,-17.3));
#1464 = DIRECTION('',(0.,0.,1.));
#1465 = DIRECTION('',(1.,0.,-0.));
#1466 = ADVANCED_FACE('',(#1467,#1517),#1520,.T.);
#1467 = FACE_BOUND('',#1468,.T.);
#1468 = EDGE_LOOP('',(#1469,#1479,#1487,#1495,#1503,#1511));
#1469 = ORIENTED_EDGE('',*,*,#1470,.T.);
#1470 = EDGE_CURVE('',#1471,#1473,#1475,.T.);
#1471 = VERTEX_POINT('',#1472);
#1472 = CARTESIAN_POINT('',(7.9,-88.32568421935,-13.2));
#1473 = VERTEX_POINT('',#1474);
#1474 = CARTESIAN_POINT('',(5.,-86.6513684387,-13.2));
#1475 = LINE('',#1476,#1477);
#1476 = CARTESIAN_POINT('',(7.9,-88.32568421935,-13.2));
#1477 = VECTOR('',#1478,1.);
#1478 = DIRECTION('',(-0.866025403784,0.5,0.));
#1479 = ORIENTED_EDGE('',*,*,#1480,.T.);
#1480 = EDGE_CURVE('',#1473,#1481,#1483,.T.);
#1481 = VERTEX_POINT('',#1482);
#1482 = CARTESIAN_POINT('',(2.1,-88.32568421935,-13.2));
#1483 = LINE('',#1484,#1485);
#1484 = CARTESIAN_POINT('',(5.,-86.6513684387,-13.2));
#1485 = VECTOR('',#1486,1.);
#1486 = DIRECTION('',(-0.866025403784,-0.5,0.));
#1487 = ORIENTED_EDGE('',*,*,#1488,.T.);
#1488 = EDGE_CURVE('',#1481,#1489,#1491,.T.);
#1489 = VERTEX_POINT('',#1490);
#1490 = CARTESIAN_POINT('',(2.1,-91.67431578065,-13.2));
#1491 = LINE('',#1492,#1493);
#1492 = CARTESIAN_POINT('',(2.1,-88.32568421935,-13.2));
#1493 = VECTOR('',#1494,1.);
#1494 = DIRECTION('',(1.326181163023E-16,-1.,0.));
#1495 = ORIENTED_EDGE('',*,*,#1496,.T.);
#1496 = EDGE_CURVE('',#1489,#1497,#1499,.T.);
#1497 = VERTEX_POINT('',#1498);
#1498 = CARTESIAN_POINT('',(5.,-93.3486315613,-13.2));
#1499 = LINE('',#1500,#1501);
#1500 = CARTESIAN_POINT('',(2.1,-91.67431578065,-13.2));
#1501 = VECTOR('',#1502,1.);
#1502 = DIRECTION('',(0.866025403784,-0.5,0.));
#1503 = ORIENTED_EDGE('',*,*,#1504,.T.);
#1504 = EDGE_CURVE('',#1497,#1505,#1507,.T.);
#1505 = VERTEX_POINT('',#1506);
#1506 = CARTESIAN_POINT('',(7.9,-91.67431578065,-13.2));
#1507 = LINE('',#1508,#1509);
#1508 = CARTESIAN_POINT('',(5.,-93.3486315613,-13.2));
#1509 = VECTOR('',#1510,1.);
#1510 = DIRECTION('',(0.866025403784,0.5,0.));
#1511 = ORIENTED_EDGE('',*,*,#1512,.T.);
#1512 = EDGE_CURVE('',#1505,#1471,#1513,.T.);
#1513 = LINE('',#1514,#1515);
#1514 = CARTESIAN_POINT('',(7.9,-91.67431578065,-13.2));
#1515 = VECTOR('',#1516,1.);
#1516 = DIRECTION('',(5.304724652093E-16,1.,0.));
#1517 = FACE_BOUND('',#1518,.T.);
#1518 = EDGE_LOOP('',(#1519));
#1519 = ORIENTED_EDGE('',*,*,#1445,.F.);
#1520 = PLANE('',#1521);
#1521 = AXIS2_PLACEMENT_3D('',#1522,#1523,#1524);
#1522 = CARTESIAN_POINT('',(5.,-90.,-13.2));
#1523 = DIRECTION('',(0.,0.,1.));
#1524 = DIRECTION('',(1.,0.,-0.));
#1525 = ADVANCED_FACE('',(#1526),#1551,.T.);
#1526 = FACE_BOUND('',#1527,.T.);
#1527 = EDGE_LOOP('',(#1528,#1536,#1544,#1550));
#1528 = ORIENTED_EDGE('',*,*,#1529,.T.);
#1529 = EDGE_CURVE('',#1471,#1530,#1532,.T.);
#1530 = VERTEX_POINT('',#1531);
#1531 = CARTESIAN_POINT('',(7.9,-88.32568421935,-10.4));
#1532 = LINE('',#1533,#1534);
#1533 = CARTESIAN_POINT('',(7.9,-88.32568421935,-13.2));
#1534 = VECTOR('',#1535,1.);
#1535 = DIRECTION('',(0.,0.,1.));
#1536 = ORIENTED_EDGE('',*,*,#1537,.T.);
#1537 = EDGE_CURVE('',#1530,#1538,#1540,.T.);
#1538 = VERTEX_POINT('',#1539);
#1539 = CARTESIAN_POINT('',(5.,-86.6513684387,-10.4));
#1540 = LINE('',#1541,#1542);
#1541 = CARTESIAN_POINT('',(7.9,-88.32568421935,-10.4));
#1542 = VECTOR('',#1543,1.);
#1543 = DIRECTION('',(-0.866025403784,0.5,0.));
#1544 = ORIENTED_EDGE('',*,*,#1545,.F.);
#1545 = EDGE_CURVE('',#1473,#1538,#1546,.T.);
#1546 = LINE('',#1547,#1548);
#1547 = CARTESIAN_POINT('',(5.,-86.6513684387,-13.2));
#1548 = VECTOR('',#1549,1.);
#1549 = DIRECTION('',(0.,0.,1.));
#1550 = ORIENTED_EDGE('',*,*,#1470,.F.);
#1551 = PLANE('',#1552);
#1552 = AXIS2_PLACEMENT_3D('',#1553,#1554,#1555);
#1553 = CARTESIAN_POINT('',(7.9,-88.32568421935,-13.2));
#1554 = DIRECTION('',(-0.5,-0.866025403784,0.));
#1555 = DIRECTION('',(-0.866025403784,0.5,0.));
#1556 = ADVANCED_FACE('',(#1557),#1576,.T.);
#1557 = FACE_BOUND('',#1558,.T.);
#1558 = EDGE_LOOP('',(#1559,#1568,#1574,#1575));
#1559 = ORIENTED_EDGE('',*,*,#1560,.F.);
#1560 = EDGE_CURVE('',#1561,#1561,#1563,.T.);
#1561 = VERTEX_POINT('',#1562);
#1562 = CARTESIAN_POINT('',(9.2,-90.,0.));
#1563 = CIRCLE('',#1564,4.2);
#1564 = AXIS2_PLACEMENT_3D('',#1565,#1566,#1567);
#1565 = CARTESIAN_POINT('',(5.,-90.,0.));
#1566 = DIRECTION('',(0.,0.,1.));
#1567 = DIRECTION('',(1.,0.,-0.));
#1568 = ORIENTED_EDGE('',*,*,#1569,.F.);
#1569 = EDGE_CURVE('',#1162,#1561,#1570,.T.);
#1570 = LINE('',#1571,#1572);
#1571 = CARTESIAN_POINT('',(9.2,-90.,-10.8));
#1572 = VECTOR('',#1573,1.);
#1573 = DIRECTION('',(0.,0.,1.));
#1574 = ORIENTED_EDGE('',*,*,#1161,.T.);
#1575 = ORIENTED_EDGE('',*,*,#1569,.T.);
#1576 = CYLINDRICAL_SURFACE('',#1577,4.2);
#1577 = AXIS2_PLACEMENT_3D('',#1578,#1579,#1580);
#1578 = CARTESIAN_POINT('',(5.,-90.,-10.8));
#1579 = DIRECTION('',(0.,0.,1.));
#1580 = DIRECTION('',(1.,0.,-0.));
#1581 = ADVANCED_FACE('',(#1582,#1585),#1596,.T.);
#1582 = FACE_BOUND('',#1583,.T.);
#1583 = EDGE_LOOP('',(#1584));
#1584 = ORIENTED_EDGE('',*,*,#1560,.T.);
#1585 = FACE_BOUND('',#1586,.T.);
#1586 = EDGE_LOOP('',(#1587));
#1587 = ORIENTED_EDGE('',*,*,#1588,.F.);
#1588 = EDGE_CURVE('',#1589,#1589,#1591,.T.);
#1589 = VERTEX_POINT('',#1590);
#1590 = CARTESIAN_POINT('',(6.7,-90.,0.));
#1591 = CIRCLE('',#1592,1.7);
#1592 = AXIS2_PLACEMENT_3D('',#1593,#1594,#1595);
#1593 = CARTESIAN_POINT('',(5.,-90.,0.));
#1594 = DIRECTION('',(0.,0.,1.));
#1595 = DIRECTION('',(1.,0.,-0.));
#1596 = PLANE('',#1597);
#1597 = AXIS2_PLACEMENT_3D('',#1598,#1599,#1600);
#1598 = CARTESIAN_POINT('',(5.,-90.,0.));
#1599 = DIRECTION('',(0.,0.,1.));
#1600 = DIRECTION('',(1.,0.,-0.));
#1601 = ADVANCED_FACE('',(#1602),#1621,.F.);
#1602 = FACE_BOUND('',#1603,.F.);
#1603 = EDGE_LOOP('',(#1604,#1612,#1613,#1614));
#1604 = ORIENTED_EDGE('',*,*,#1605,.T.);
#1605 = EDGE_CURVE('',#1606,#1589,#1608,.T.);
#1606 = VERTEX_POINT('',#1607);
#1607 = CARTESIAN_POINT('',(6.7,-90.,-10.4));
#1608 = LINE('',#1609,#1610);
#1609 = CARTESIAN_POINT('',(6.7,-90.,-17.3));
#1610 = VECTOR('',#1611,1.);
#1611 = DIRECTION('',(0.,0.,1.));
#1612 = ORIENTED_EDGE('',*,*,#1588,.F.);
#1613 = ORIENTED_EDGE('',*,*,#1605,.F.);
#1614 = ORIENTED_EDGE('',*,*,#1615,.T.);
#1615 = EDGE_CURVE('',#1606,#1606,#1616,.T.);
#1616 = CIRCLE('',#1617,1.7);
#1617 = AXIS2_PLACEMENT_3D('',#1618,#1619,#1620);
#1618 = CARTESIAN_POINT('',(5.,-90.,-10.4));
#1619 = DIRECTION('',(0.,0.,1.));
#1620 = DIRECTION('',(1.,0.,-0.));
#1621 = CYLINDRICAL_SURFACE('',#1622,1.7);
#1622 = AXIS2_PLACEMENT_3D('',#1623,#1624,#1625);
#1623 = CARTESIAN_POINT('',(5.,-90.,-17.3));
#1624 = DIRECTION('',(0.,0.,1.));
#1625 = DIRECTION('',(1.,0.,-0.));
#1626 = ADVANCED_FACE('',(#1627,#1668),#1671,.F.);
#1627 = FACE_BOUND('',#1628,.F.);
#1628 = EDGE_LOOP('',(#1629,#1630,#1638,#1646,#1654,#1662));
#1629 = ORIENTED_EDGE('',*,*,#1537,.T.);
#1630 = ORIENTED_EDGE('',*,*,#1631,.T.);
#1631 = EDGE_CURVE('',#1538,#1632,#1634,.T.);
#1632 = VERTEX_POINT('',#1633);
#1633 = CARTESIAN_POINT('',(2.1,-88.32568421935,-10.4));
#1634 = LINE('',#1635,#1636);
#1635 = CARTESIAN_POINT('',(5.,-86.6513684387,-10.4));
#1636 = VECTOR('',#1637,1.);
#1637 = DIRECTION('',(-0.866025403784,-0.5,0.));
#1638 = ORIENTED_EDGE('',*,*,#1639,.T.);
#1639 = EDGE_CURVE('',#1632,#1640,#1642,.T.);
#1640 = VERTEX_POINT('',#1641);
#1641 = CARTESIAN_POINT('',(2.1,-91.67431578065,-10.4));
#1642 = LINE('',#1643,#1644);
#1643 = CARTESIAN_POINT('',(2.1,-88.32568421935,-10.4));
#1644 = VECTOR('',#1645,1.);
#1645 = DIRECTION('',(1.326181163023E-16,-1.,0.));
#1646 = ORIENTED_EDGE('',*,*,#1647,.T.);
#1647 = EDGE_CURVE('',#1640,#1648,#1650,.T.);
#1648 = VERTEX_POINT('',#1649);
#1649 = CARTESIAN_POINT('',(5.,-93.3486315613,-10.4));
#1650 = LINE('',#1651,#1652);
#1651 = CARTESIAN_POINT('',(2.1,-91.67431578065,-10.4));
#1652 = VECTOR('',#1653,1.);
#1653 = DIRECTION('',(0.866025403784,-0.5,0.));
#1654 = ORIENTED_EDGE('',*,*,#1655,.T.);
#1655 = EDGE_CURVE('',#1648,#1656,#1658,.T.);
#1656 = VERTEX_POINT('',#1657);
#1657 = CARTESIAN_POINT('',(7.9,-91.67431578065,-10.4));
#1658 = LINE('',#1659,#1660);
#1659 = CARTESIAN_POINT('',(5.,-93.3486315613,-10.4));
#1660 = VECTOR('',#1661,1.);
#1661 = DIRECTION('',(0.866025403784,0.5,0.));
#1662 = ORIENTED_EDGE('',*,*,#1663,.T.);
#1663 = EDGE_CURVE('',#1656,#1530,#1664,.T.);
#1664 = LINE('',#1665,#1666);
#1665 = CARTESIAN_POINT('',(7.9,-91.67431578065,-10.4));
#1666 = VECTOR('',#1667,1.);
#1667 = DIRECTION('',(5.304724652093E-16,1.,0.));
#1668 = FACE_BOUND('',#1669,.F.);
#1669 = EDGE_LOOP('',(#1670));
#1670 = ORIENTED_EDGE('',*,*,#1615,.F.);
#1671 = PLANE('',#1672);
#1672 = AXIS2_PLACEMENT_3D('',#1673,#1674,#1675);
#1673 = CARTESIAN_POINT('',(5.,-90.,-10.4));
#1674 = DIRECTION('',(0.,0.,1.));
#1675 = DIRECTION('',(1.,0.,-0.));
#1676 = ADVANCED_FACE('',(#1677),#1688,.T.);
#1677 = FACE_BOUND('',#1678,.T.);
#1678 = EDGE_LOOP('',(#1679,#1685,#1686,#1687));
#1679 = ORIENTED_EDGE('',*,*,#1680,.T.);
#1680 = EDGE_CURVE('',#1505,#1656,#1681,.T.);
#1681 = LINE('',#1682,#1683);
#1682 = CARTESIAN_POINT('',(7.9,-91.67431578065,-13.2));
#1683 = VECTOR('',#1684,1.);
#1684 = DIRECTION('',(0.,0.,1.));
#1685 = ORIENTED_EDGE('',*,*,#1663,.T.);
#1686 = ORIENTED_EDGE('',*,*,#1529,.F.);
#1687 = ORIENTED_EDGE('',*,*,#1512,.F.);
#1688 = PLANE('',#1689);
#1689 = AXIS2_PLACEMENT_3D('',#1690,#1691,#1692);
#1690 = CARTESIAN_POINT('',(7.9,-91.67431578065,-13.2));
#1691 = DIRECTION('',(-1.,5.304724652093E-16,0.));
#1692 = DIRECTION('',(5.304724652093E-16,1.,0.));
#1693 = ADVANCED_FACE('',(#1694),#1705,.T.);
#1694 = FACE_BOUND('',#1695,.T.);
#1695 = EDGE_LOOP('',(#1696,#1697,#1698,#1704));
#1696 = ORIENTED_EDGE('',*,*,#1545,.T.);
#1697 = ORIENTED_EDGE('',*,*,#1631,.T.);
#1698 = ORIENTED_EDGE('',*,*,#1699,.F.);
#1699 = EDGE_CURVE('',#1481,#1632,#1700,.T.);
#1700 = LINE('',#1701,#1702);
#1701 = CARTESIAN_POINT('',(2.1,-88.32568421935,-13.2));
#1702 = VECTOR('',#1703,1.);
#1703 = DIRECTION('',(0.,0.,1.));
#1704 = ORIENTED_EDGE('',*,*,#1480,.F.);
#1705 = PLANE('',#1706);
#1706 = AXIS2_PLACEMENT_3D('',#1707,#1708,#1709);
#1707 = CARTESIAN_POINT('',(5.,-86.6513684387,-13.2));
#1708 = DIRECTION('',(0.5,-0.866025403784,0.));
#1709 = DIRECTION('',(-0.866025403784,-0.5,0.));
#1710 = ADVANCED_FACE('',(#1711),#1722,.T.);
#1711 = FACE_BOUND('',#1712,.T.);
#1712 = EDGE_LOOP('',(#1713,#1719,#1720,#1721));
#1713 = ORIENTED_EDGE('',*,*,#1714,.T.);
#1714 = EDGE_CURVE('',#1497,#1648,#1715,.T.);
#1715 = LINE('',#1716,#1717);
#1716 = CARTESIAN_POINT('',(5.,-93.3486315613,-13.2));
#1717 = VECTOR('',#1718,1.);
#1718 = DIRECTION('',(0.,0.,1.));
#1719 = ORIENTED_EDGE('',*,*,#1655,.T.);
#1720 = ORIENTED_EDGE('',*,*,#1680,.F.);
#1721 = ORIENTED_EDGE('',*,*,#1504,.F.);
#1722 = PLANE('',#1723);
#1723 = AXIS2_PLACEMENT_3D('',#1724,#1725,#1726);
#1724 = CARTESIAN_POINT('',(5.,-93.3486315613,-13.2));
#1725 = DIRECTION('',(-0.5,0.866025403784,0.));
#1726 = DIRECTION('',(0.866025403784,0.5,0.));
#1727 = ADVANCED_FACE('',(#1728),#1739,.T.);
#1728 = FACE_BOUND('',#1729,.T.);
#1729 = EDGE_LOOP('',(#1730,#1731,#1732,#1738));
#1730 = ORIENTED_EDGE('',*,*,#1699,.T.);
#1731 = ORIENTED_EDGE('',*,*,#1639,.T.);
#1732 = ORIENTED_EDGE('',*,*,#1733,.F.);
#1733 = EDGE_CURVE('',#1489,#1640,#1734,.T.);
#1734 = LINE('',#1735,#1736);
#1735 = CARTESIAN_POINT('',(2.1,-91.67431578065,-13.2));
#1736 = VECTOR('',#1737,1.);
#1737 = DIRECTION('',(0.,0.,1.));
#1738 = ORIENTED_EDGE('',*,*,#1488,.F.);
#1739 = PLANE('',#1740);
#1740 = AXIS2_PLACEMENT_3D('',#1741,#1742,#1743);
#1741 = CARTESIAN_POINT('',(2.1,-88.32568421935,-13.2));
#1742 = DIRECTION('',(1.,1.326181163023E-16,-0.));
#1743 = DIRECTION('',(1.326181163023E-16,-1.,0.));
#1744 = ADVANCED_FACE('',(#1745),#1751,.T.);
#1745 = FACE_BOUND('',#1746,.T.);
#1746 = EDGE_LOOP('',(#1747,#1748,#1749,#1750));
#1747 = ORIENTED_EDGE('',*,*,#1733,.T.);
#1748 = ORIENTED_EDGE('',*,*,#1647,.T.);
#1749 = ORIENTED_EDGE('',*,*,#1714,.F.);
#1750 = ORIENTED_EDGE('',*,*,#1496,.F.);
#1751 = PLANE('',#1752);
#1752 = AXIS2_PLACEMENT_3D('',#1753,#1754,#1755);
#1753 = CARTESIAN_POINT('',(2.1,-91.67431578065,-13.2));
#1754 = DIRECTION('',(0.5,0.866025403784,-0.));
#1755 = DIRECTION('',(0.866025403784,-0.5,0.));
#1756 = ADVANCED_FACE('',(#1757),#1838,.T.);
#1757 = FACE_BOUND('',#1758,.T.);
#1758 = EDGE_LOOP('',(#1759,#1769,#1778,#1787,#1796,#1805,#1814,#1823,
    #1830,#1831));
#1759 = ORIENTED_EDGE('',*,*,#1760,.T.);
#1760 = EDGE_CURVE('',#1761,#1763,#1765,.T.);
#1761 = VERTEX_POINT('',#1762);
#1762 = CARTESIAN_POINT('',(10.,-5.,-17.3));
#1763 = VERTEX_POINT('',#1764);
#1764 = CARTESIAN_POINT('',(10.,-5.,-13.3));
#1765 = LINE('',#1766,#1767);
#1766 = CARTESIAN_POINT('',(10.,-5.,-17.3));
#1767 = VECTOR('',#1768,1.);
#1768 = DIRECTION('',(0.,0.,1.));
#1769 = ORIENTED_EDGE('',*,*,#1770,.F.);
#1770 = EDGE_CURVE('',#1771,#1763,#1773,.T.);
#1771 = VERTEX_POINT('',#1772);
#1772 = CARTESIAN_POINT('',(0.5,-7.17944947177,-13.3));
#1773 = CIRCLE('',#1774,5.);
#1774 = AXIS2_PLACEMENT_3D('',#1775,#1776,#1777);
#1775 = CARTESIAN_POINT('',(5.,-5.,-13.3));
#1776 = DIRECTION('',(0.,0.,1.));
#1777 = DIRECTION('',(1.,0.,-0.));
#1778 = ORIENTED_EDGE('',*,*,#1779,.F.);
#1779 = EDGE_CURVE('',#1780,#1771,#1782,.T.);
#1780 = VERTEX_POINT('',#1781);
#1781 = CARTESIAN_POINT('',(0.228373776147,-6.493848446075,-13.3));
#1782 = CIRCLE('',#1783,5.);
#1783 = AXIS2_PLACEMENT_3D('',#1784,#1785,#1786);
#1784 = CARTESIAN_POINT('',(5.,-5.,-13.3));
#1785 = DIRECTION('',(0.,0.,1.));
#1786 = DIRECTION('',(1.,0.,-0.));
#1787 = ORIENTED_EDGE('',*,*,#1788,.F.);
#1788 = EDGE_CURVE('',#1789,#1780,#1791,.T.);
#1789 = VERTEX_POINT('',#1790);
#1790 = CARTESIAN_POINT('',(0.5,-2.82055052823,-13.3));
#1791 = CIRCLE('',#1792,5.);
#1792 = AXIS2_PLACEMENT_3D('',#1793,#1794,#1795);
#1793 = CARTESIAN_POINT('',(5.,-5.,-13.3));
#1794 = DIRECTION('',(0.,0.,1.));
#1795 = DIRECTION('',(1.,0.,-0.));
#1796 = ORIENTED_EDGE('',*,*,#1797,.F.);
#1797 = EDGE_CURVE('',#1798,#1789,#1800,.T.);
#1798 = VERTEX_POINT('',#1799);
#1799 = CARTESIAN_POINT('',(2.820550528229,-0.5,-13.3));
#1800 = CIRCLE('',#1801,5.);
#1801 = AXIS2_PLACEMENT_3D('',#1802,#1803,#1804);
#1802 = CARTESIAN_POINT('',(5.,-5.,-13.3));
#1803 = DIRECTION('',(0.,0.,1.));
#1804 = DIRECTION('',(1.,0.,-0.));
#1805 = ORIENTED_EDGE('',*,*,#1806,.F.);
#1806 = EDGE_CURVE('',#1807,#1798,#1809,.T.);
#1807 = VERTEX_POINT('',#1808);
#1808 = CARTESIAN_POINT('',(6.493848446075,-0.228373776147,-13.3));
#1809 = CIRCLE('',#1810,5.);
#1810 = AXIS2_PLACEMENT_3D('',#1811,#1812,#1813);
#1811 = CARTESIAN_POINT('',(5.,-5.,-13.3));
#1812 = DIRECTION('',(0.,0.,1.));
#1813 = DIRECTION('',(1.,0.,-0.));
#1814 = ORIENTED_EDGE('',*,*,#1815,.F.);
#1815 = EDGE_CURVE('',#1816,#1807,#1818,.T.);
#1816 = VERTEX_POINT('',#1817);
#1817 = CARTESIAN_POINT('',(7.179449471771,-0.5,-13.3));
#1818 = CIRCLE('',#1819,5.);
#1819 = AXIS2_PLACEMENT_3D('',#1820,#1821,#1822);
#1820 = CARTESIAN_POINT('',(5.,-5.,-13.3));
#1821 = DIRECTION('',(0.,0.,1.));
#1822 = DIRECTION('',(1.,0.,-0.));
#1823 = ORIENTED_EDGE('',*,*,#1824,.F.);
#1824 = EDGE_CURVE('',#1763,#1816,#1825,.T.);
#1825 = CIRCLE('',#1826,5.);
#1826 = AXIS2_PLACEMENT_3D('',#1827,#1828,#1829);
#1827 = CARTESIAN_POINT('',(5.,-5.,-13.3));
#1828 = DIRECTION('',(0.,0.,1.));
#1829 = DIRECTION('',(1.,0.,-0.));
#1830 = ORIENTED_EDGE('',*,*,#1760,.F.);
#1831 = ORIENTED_EDGE('',*,*,#1832,.T.);
#1832 = EDGE_CURVE('',#1761,#1761,#1833,.T.);
#1833 = CIRCLE('',#1834,5.);
#1834 = AXIS2_PLACEMENT_3D('',#1835,#1836,#1837);
#1835 = CARTESIAN_POINT('',(5.,-5.,-17.3));
#1836 = DIRECTION('',(0.,0.,1.));
#1837 = DIRECTION('',(1.,0.,-0.));
#1838 = CYLINDRICAL_SURFACE('',#1839,5.);
#1839 = AXIS2_PLACEMENT_3D('',#1840,#1841,#1842);
#1840 = CARTESIAN_POINT('',(5.,-5.,-17.3));
#1841 = DIRECTION('',(0.,0.,1.));
#1842 = DIRECTION('',(1.,0.,-0.));
#1843 = ADVANCED_FACE('',(#1844,#1847),#1858,.F.);
#1844 = FACE_BOUND('',#1845,.F.);
#1845 = EDGE_LOOP('',(#1846));
#1846 = ORIENTED_EDGE('',*,*,#1832,.T.);
#1847 = FACE_BOUND('',#1848,.F.);
#1848 = EDGE_LOOP('',(#1849));
#1849 = ORIENTED_EDGE('',*,*,#1850,.F.);
#1850 = EDGE_CURVE('',#1851,#1851,#1853,.T.);
#1851 = VERTEX_POINT('',#1852);
#1852 = CARTESIAN_POINT('',(6.7,-5.,-17.3));
#1853 = CIRCLE('',#1854,1.7);
#1854 = AXIS2_PLACEMENT_3D('',#1855,#1856,#1857);
#1855 = CARTESIAN_POINT('',(5.,-5.,-17.3));
#1856 = DIRECTION('',(0.,0.,1.));
#1857 = DIRECTION('',(1.,0.,-0.));
#1858 = PLANE('',#1859);
#1859 = AXIS2_PLACEMENT_3D('',#1860,#1861,#1862);
#1860 = CARTESIAN_POINT('',(5.,-5.,-17.3));
#1861 = DIRECTION('',(0.,0.,1.));
#1862 = DIRECTION('',(1.,0.,-0.));
#1863 = ADVANCED_FACE('',(#1864),#1883,.F.);
#1864 = FACE_BOUND('',#1865,.F.);
#1865 = EDGE_LOOP('',(#1866,#1875,#1881,#1882));
#1866 = ORIENTED_EDGE('',*,*,#1867,.F.);
#1867 = EDGE_CURVE('',#1868,#1868,#1870,.T.);
#1868 = VERTEX_POINT('',#1869);
#1869 = CARTESIAN_POINT('',(6.7,-5.,-13.2));
#1870 = CIRCLE('',#1871,1.7);
#1871 = AXIS2_PLACEMENT_3D('',#1872,#1873,#1874);
#1872 = CARTESIAN_POINT('',(5.,-5.,-13.2));
#1873 = DIRECTION('',(0.,0.,1.));
#1874 = DIRECTION('',(1.,0.,-0.));
#1875 = ORIENTED_EDGE('',*,*,#1876,.F.);
#1876 = EDGE_CURVE('',#1851,#1868,#1877,.T.);
#1877 = LINE('',#1878,#1879);
#1878 = CARTESIAN_POINT('',(6.7,-5.,-17.3));
#1879 = VECTOR('',#1880,1.);
#1880 = DIRECTION('',(0.,0.,1.));
#1881 = ORIENTED_EDGE('',*,*,#1850,.T.);
#1882 = ORIENTED_EDGE('',*,*,#1876,.T.);
#1883 = CYLINDRICAL_SURFACE('',#1884,1.7);
#1884 = AXIS2_PLACEMENT_3D('',#1885,#1886,#1887);
#1885 = CARTESIAN_POINT('',(5.,-5.,-17.3));
#1886 = DIRECTION('',(0.,0.,1.));
#1887 = DIRECTION('',(1.,0.,-0.));
#1888 = ADVANCED_FACE('',(#1889,#1939),#1942,.T.);
#1889 = FACE_BOUND('',#1890,.T.);
#1890 = EDGE_LOOP('',(#1891,#1901,#1909,#1917,#1925,#1933));
#1891 = ORIENTED_EDGE('',*,*,#1892,.T.);
#1892 = EDGE_CURVE('',#1893,#1895,#1897,.T.);
#1893 = VERTEX_POINT('',#1894);
#1894 = CARTESIAN_POINT('',(7.9,-3.32568421935,-13.2));
#1895 = VERTEX_POINT('',#1896);
#1896 = CARTESIAN_POINT('',(5.,-1.6513684387,-13.2));
#1897 = LINE('',#1898,#1899);
#1898 = CARTESIAN_POINT('',(7.9,-3.32568421935,-13.2));
#1899 = VECTOR('',#1900,1.);
#1900 = DIRECTION('',(-0.866025403784,0.5,0.));
#1901 = ORIENTED_EDGE('',*,*,#1902,.T.);
#1902 = EDGE_CURVE('',#1895,#1903,#1905,.T.);
#1903 = VERTEX_POINT('',#1904);
#1904 = CARTESIAN_POINT('',(2.1,-3.32568421935,-13.2));
#1905 = LINE('',#1906,#1907);
#1906 = CARTESIAN_POINT('',(5.,-1.6513684387,-13.2));
#1907 = VECTOR('',#1908,1.);
#1908 = DIRECTION('',(-0.866025403784,-0.5,0.));
#1909 = ORIENTED_EDGE('',*,*,#1910,.T.);
#1910 = EDGE_CURVE('',#1903,#1911,#1913,.T.);
#1911 = VERTEX_POINT('',#1912);
#1912 = CARTESIAN_POINT('',(2.1,-6.67431578065,-13.2));
#1913 = LINE('',#1914,#1915);
#1914 = CARTESIAN_POINT('',(2.1,-3.32568421935,-13.2));
#1915 = VECTOR('',#1916,1.);
#1916 = DIRECTION('',(1.326181163023E-16,-1.,0.));
#1917 = ORIENTED_EDGE('',*,*,#1918,.T.);
#1918 = EDGE_CURVE('',#1911,#1919,#1921,.T.);
#1919 = VERTEX_POINT('',#1920);
#1920 = CARTESIAN_POINT('',(5.,-8.3486315613,-13.2));
#1921 = LINE('',#1922,#1923);
#1922 = CARTESIAN_POINT('',(2.1,-6.67431578065,-13.2));
#1923 = VECTOR('',#1924,1.);
#1924 = DIRECTION('',(0.866025403784,-0.5,0.));
#1925 = ORIENTED_EDGE('',*,*,#1926,.T.);
#1926 = EDGE_CURVE('',#1919,#1927,#1929,.T.);
#1927 = VERTEX_POINT('',#1928);
#1928 = CARTESIAN_POINT('',(7.9,-6.67431578065,-13.2));
#1929 = LINE('',#1930,#1931);
#1930 = CARTESIAN_POINT('',(5.,-8.3486315613,-13.2));
#1931 = VECTOR('',#1932,1.);
#1932 = DIRECTION('',(0.866025403784,0.5,0.));
#1933 = ORIENTED_EDGE('',*,*,#1934,.T.);
#1934 = EDGE_CURVE('',#1927,#1893,#1935,.T.);
#1935 = LINE('',#1936,#1937);
#1936 = CARTESIAN_POINT('',(7.9,-6.67431578065,-13.2));
#1937 = VECTOR('',#1938,1.);
#1938 = DIRECTION('',(5.304724652093E-16,1.,0.));
#1939 = FACE_BOUND('',#1940,.T.);
#1940 = EDGE_LOOP('',(#1941));
#1941 = ORIENTED_EDGE('',*,*,#1867,.F.);
#1942 = PLANE('',#1943);
#1943 = AXIS2_PLACEMENT_3D('',#1944,#1945,#1946);
#1944 = CARTESIAN_POINT('',(5.,-5.,-13.2));
#1945 = DIRECTION('',(0.,0.,1.));
#1946 = DIRECTION('',(1.,0.,-0.));
#1947 = ADVANCED_FACE('',(#1948),#1973,.T.);
#1948 = FACE_BOUND('',#1949,.T.);
#1949 = EDGE_LOOP('',(#1950,#1958,#1966,#1972));
#1950 = ORIENTED_EDGE('',*,*,#1951,.T.);
#1951 = EDGE_CURVE('',#1893,#1952,#1954,.T.);
#1952 = VERTEX_POINT('',#1953);
#1953 = CARTESIAN_POINT('',(7.9,-3.32568421935,-10.4));
#1954 = LINE('',#1955,#1956);
#1955 = CARTESIAN_POINT('',(7.9,-3.32568421935,-13.2));
#1956 = VECTOR('',#1957,1.);
#1957 = DIRECTION('',(0.,0.,1.));
#1958 = ORIENTED_EDGE('',*,*,#1959,.T.);
#1959 = EDGE_CURVE('',#1952,#1960,#1962,.T.);
#1960 = VERTEX_POINT('',#1961);
#1961 = CARTESIAN_POINT('',(5.,-1.6513684387,-10.4));
#1962 = LINE('',#1963,#1964);
#1963 = CARTESIAN_POINT('',(7.9,-3.32568421935,-10.4));
#1964 = VECTOR('',#1965,1.);
#1965 = DIRECTION('',(-0.866025403784,0.5,0.));
#1966 = ORIENTED_EDGE('',*,*,#1967,.F.);
#1967 = EDGE_CURVE('',#1895,#1960,#1968,.T.);
#1968 = LINE('',#1969,#1970);
#1969 = CARTESIAN_POINT('',(5.,-1.6513684387,-13.2));
#1970 = VECTOR('',#1971,1.);
#1971 = DIRECTION('',(0.,0.,1.));
#1972 = ORIENTED_EDGE('',*,*,#1892,.F.);
#1973 = PLANE('',#1974);
#1974 = AXIS2_PLACEMENT_3D('',#1975,#1976,#1977);
#1975 = CARTESIAN_POINT('',(7.9,-3.32568421935,-13.2));
#1976 = DIRECTION('',(-0.5,-0.866025403784,0.));
#1977 = DIRECTION('',(-0.866025403784,0.5,0.));
#1978 = ADVANCED_FACE('',(#1979),#2000,.T.);
#1979 = FACE_BOUND('',#1980,.T.);
#1980 = EDGE_LOOP('',(#1981,#1989,#1996,#1997,#1998,#1999));
#1981 = ORIENTED_EDGE('',*,*,#1982,.T.);
#1982 = EDGE_CURVE('',#1175,#1983,#1985,.T.);
#1983 = VERTEX_POINT('',#1984);
#1984 = CARTESIAN_POINT('',(9.2,-5.,0.));
#1985 = LINE('',#1986,#1987);
#1986 = CARTESIAN_POINT('',(9.2,-5.,-10.8));
#1987 = VECTOR('',#1988,1.);
#1988 = DIRECTION('',(0.,0.,1.));
#1989 = ORIENTED_EDGE('',*,*,#1990,.F.);
#1990 = EDGE_CURVE('',#1983,#1983,#1991,.T.);
#1991 = CIRCLE('',#1992,4.2);
#1992 = AXIS2_PLACEMENT_3D('',#1993,#1994,#1995);
#1993 = CARTESIAN_POINT('',(5.,-5.,0.));
#1994 = DIRECTION('',(0.,0.,1.));
#1995 = DIRECTION('',(1.,0.,-0.));
#1996 = ORIENTED_EDGE('',*,*,#1982,.F.);
#1997 = ORIENTED_EDGE('',*,*,#1192,.T.);
#1998 = ORIENTED_EDGE('',*,*,#1183,.T.);
#1999 = ORIENTED_EDGE('',*,*,#1172,.T.);
#2000 = CYLINDRICAL_SURFACE('',#2001,4.2);
#2001 = AXIS2_PLACEMENT_3D('',#2002,#2003,#2004);
#2002 = CARTESIAN_POINT('',(5.,-5.,-10.8));
#2003 = DIRECTION('',(0.,0.,1.));
#2004 = DIRECTION('',(1.,0.,-0.));
#2005 = ADVANCED_FACE('',(#2006,#2009),#2020,.T.);
#2006 = FACE_BOUND('',#2007,.T.);
#2007 = EDGE_LOOP('',(#2008));
#2008 = ORIENTED_EDGE('',*,*,#1990,.T.);
#2009 = FACE_BOUND('',#2010,.T.);
#2010 = EDGE_LOOP('',(#2011));
#2011 = ORIENTED_EDGE('',*,*,#2012,.F.);
#2012 = EDGE_CURVE('',#2013,#2013,#2015,.T.);
#2013 = VERTEX_POINT('',#2014);
#2014 = CARTESIAN_POINT('',(6.7,-5.,0.));
#2015 = CIRCLE('',#2016,1.7);
#2016 = AXIS2_PLACEMENT_3D('',#2017,#2018,#2019);
#2017 = CARTESIAN_POINT('',(5.,-5.,0.));
#2018 = DIRECTION('',(0.,0.,1.));
#2019 = DIRECTION('',(1.,0.,-0.));
#2020 = PLANE('',#2021);
#2021 = AXIS2_PLACEMENT_3D('',#2022,#2023,#2024);
#2022 = CARTESIAN_POINT('',(5.,-5.,0.));
#2023 = DIRECTION('',(0.,0.,1.));
#2024 = DIRECTION('',(1.,0.,-0.));
#2025 = ADVANCED_FACE('',(#2026),#2045,.F.);
#2026 = FACE_BOUND('',#2027,.F.);
#2027 = EDGE_LOOP('',(#2028,#2036,#2037,#2038));
#2028 = ORIENTED_EDGE('',*,*,#2029,.T.);
#2029 = EDGE_CURVE('',#2030,#2013,#2032,.T.);
#2030 = VERTEX_POINT('',#2031);
#2031 = CARTESIAN_POINT('',(6.7,-5.,-10.4));
#2032 = LINE('',#2033,#2034);
#2033 = CARTESIAN_POINT('',(6.7,-5.,-17.3));
#2034 = VECTOR('',#2035,1.);
#2035 = DIRECTION('',(0.,0.,1.));
#2036 = ORIENTED_EDGE('',*,*,#2012,.F.);
#2037 = ORIENTED_EDGE('',*,*,#2029,.F.);
#2038 = ORIENTED_EDGE('',*,*,#2039,.T.);
#2039 = EDGE_CURVE('',#2030,#2030,#2040,.T.);
#2040 = CIRCLE('',#2041,1.7);
#2041 = AXIS2_PLACEMENT_3D('',#2042,#2043,#2044);
#2042 = CARTESIAN_POINT('',(5.,-5.,-10.4));
#2043 = DIRECTION('',(0.,0.,1.));
#2044 = DIRECTION('',(1.,0.,-0.));
#2045 = CYLINDRICAL_SURFACE('',#2046,1.7);
#2046 = AXIS2_PLACEMENT_3D('',#2047,#2048,#2049);
#2047 = CARTESIAN_POINT('',(5.,-5.,-17.3));
#2048 = DIRECTION('',(0.,0.,1.));
#2049 = DIRECTION('',(1.,0.,-0.));
#2050 = ADVANCED_FACE('',(#2051,#2092),#2095,.F.);
#2051 = FACE_BOUND('',#2052,.F.);
#2052 = EDGE_LOOP('',(#2053,#2054,#2062,#2070,#2078,#2086));
#2053 = ORIENTED_EDGE('',*,*,#1959,.T.);
#2054 = ORIENTED_EDGE('',*,*,#2055,.T.);
#2055 = EDGE_CURVE('',#1960,#2056,#2058,.T.);
#2056 = VERTEX_POINT('',#2057);
#2057 = CARTESIAN_POINT('',(2.1,-3.32568421935,-10.4));
#2058 = LINE('',#2059,#2060);
#2059 = CARTESIAN_POINT('',(5.,-1.6513684387,-10.4));
#2060 = VECTOR('',#2061,1.);
#2061 = DIRECTION('',(-0.866025403784,-0.5,0.));
#2062 = ORIENTED_EDGE('',*,*,#2063,.T.);
#2063 = EDGE_CURVE('',#2056,#2064,#2066,.T.);
#2064 = VERTEX_POINT('',#2065);
#2065 = CARTESIAN_POINT('',(2.1,-6.67431578065,-10.4));
#2066 = LINE('',#2067,#2068);
#2067 = CARTESIAN_POINT('',(2.1,-3.32568421935,-10.4));
#2068 = VECTOR('',#2069,1.);
#2069 = DIRECTION('',(1.326181163023E-16,-1.,0.));
#2070 = ORIENTED_EDGE('',*,*,#2071,.T.);
#2071 = EDGE_CURVE('',#2064,#2072,#2074,.T.);
#2072 = VERTEX_POINT('',#2073);
#2073 = CARTESIAN_POINT('',(5.,-8.3486315613,-10.4));
#2074 = LINE('',#2075,#2076);
#2075 = CARTESIAN_POINT('',(2.1,-6.67431578065,-10.4));
#2076 = VECTOR('',#2077,1.);
#2077 = DIRECTION('',(0.866025403784,-0.5,0.));
#2078 = ORIENTED_EDGE('',*,*,#2079,.T.);
#2079 = EDGE_CURVE('',#2072,#2080,#2082,.T.);
#2080 = VERTEX_POINT('',#2081);
#2081 = CARTESIAN_POINT('',(7.9,-6.67431578065,-10.4));
#2082 = LINE('',#2083,#2084);
#2083 = CARTESIAN_POINT('',(5.,-8.3486315613,-10.4));
#2084 = VECTOR('',#2085,1.);
#2085 = DIRECTION('',(0.866025403784,0.5,0.));
#2086 = ORIENTED_EDGE('',*,*,#2087,.T.);
#2087 = EDGE_CURVE('',#2080,#1952,#2088,.T.);
#2088 = LINE('',#2089,#2090);
#2089 = CARTESIAN_POINT('',(7.9,-6.67431578065,-10.4));
#2090 = VECTOR('',#2091,1.);
#2091 = DIRECTION('',(5.304724652093E-16,1.,0.));
#2092 = FACE_BOUND('',#2093,.F.);
#2093 = EDGE_LOOP('',(#2094));
#2094 = ORIENTED_EDGE('',*,*,#2039,.F.);
#2095 = PLANE('',#2096);
#2096 = AXIS2_PLACEMENT_3D('',#2097,#2098,#2099);
#2097 = CARTESIAN_POINT('',(5.,-5.,-10.4));
#2098 = DIRECTION('',(0.,0.,1.));
#2099 = DIRECTION('',(1.,0.,-0.));
#2100 = ADVANCED_FACE('',(#2101),#2112,.T.);
#2101 = FACE_BOUND('',#2102,.T.);
#2102 = EDGE_LOOP('',(#2103,#2109,#2110,#2111));
#2103 = ORIENTED_EDGE('',*,*,#2104,.T.);
#2104 = EDGE_CURVE('',#1927,#2080,#2105,.T.);
#2105 = LINE('',#2106,#2107);
#2106 = CARTESIAN_POINT('',(7.9,-6.67431578065,-13.2));
#2107 = VECTOR('',#2108,1.);
#2108 = DIRECTION('',(0.,0.,1.));
#2109 = ORIENTED_EDGE('',*,*,#2087,.T.);
#2110 = ORIENTED_EDGE('',*,*,#1951,.F.);
#2111 = ORIENTED_EDGE('',*,*,#1934,.F.);
#2112 = PLANE('',#2113);
#2113 = AXIS2_PLACEMENT_3D('',#2114,#2115,#2116);
#2114 = CARTESIAN_POINT('',(7.9,-6.67431578065,-13.2));
#2115 = DIRECTION('',(-1.,5.304724652093E-16,0.));
#2116 = DIRECTION('',(5.304724652093E-16,1.,0.));
#2117 = ADVANCED_FACE('',(#2118),#2129,.T.);
#2118 = FACE_BOUND('',#2119,.T.);
#2119 = EDGE_LOOP('',(#2120,#2121,#2122,#2128));
#2120 = ORIENTED_EDGE('',*,*,#1967,.T.);
#2121 = ORIENTED_EDGE('',*,*,#2055,.T.);
#2122 = ORIENTED_EDGE('',*,*,#2123,.F.);
#2123 = EDGE_CURVE('',#1903,#2056,#2124,.T.);
#2124 = LINE('',#2125,#2126);
#2125 = CARTESIAN_POINT('',(2.1,-3.32568421935,-13.2));
#2126 = VECTOR('',#2127,1.);
#2127 = DIRECTION('',(0.,0.,1.));
#2128 = ORIENTED_EDGE('',*,*,#1902,.F.);
#2129 = PLANE('',#2130);
#2130 = AXIS2_PLACEMENT_3D('',#2131,#2132,#2133);
#2131 = CARTESIAN_POINT('',(5.,-1.6513684387,-13.2));
#2132 = DIRECTION('',(0.5,-0.866025403784,0.));
#2133 = DIRECTION('',(-0.866025403784,-0.5,0.));
#2134 = ADVANCED_FACE('',(#2135),#2146,.T.);
#2135 = FACE_BOUND('',#2136,.T.);
#2136 = EDGE_LOOP('',(#2137,#2143,#2144,#2145));
#2137 = ORIENTED_EDGE('',*,*,#2138,.T.);
#2138 = EDGE_CURVE('',#1919,#2072,#2139,.T.);
#2139 = LINE('',#2140,#2141);
#2140 = CARTESIAN_POINT('',(5.,-8.3486315613,-13.2));
#2141 = VECTOR('',#2142,1.);
#2142 = DIRECTION('',(0.,0.,1.));
#2143 = ORIENTED_EDGE('',*,*,#2079,.T.);
#2144 = ORIENTED_EDGE('',*,*,#2104,.F.);
#2145 = ORIENTED_EDGE('',*,*,#1926,.F.);
#2146 = PLANE('',#2147);
#2147 = AXIS2_PLACEMENT_3D('',#2148,#2149,#2150);
#2148 = CARTESIAN_POINT('',(5.,-8.3486315613,-13.2));
#2149 = DIRECTION('',(-0.5,0.866025403784,0.));
#2150 = DIRECTION('',(0.866025403784,0.5,0.));
#2151 = ADVANCED_FACE('',(#2152),#2163,.T.);
#2152 = FACE_BOUND('',#2153,.T.);
#2153 = EDGE_LOOP('',(#2154,#2155,#2156,#2162));
#2154 = ORIENTED_EDGE('',*,*,#2123,.T.);
#2155 = ORIENTED_EDGE('',*,*,#2063,.T.);
#2156 = ORIENTED_EDGE('',*,*,#2157,.F.);
#2157 = EDGE_CURVE('',#1911,#2064,#2158,.T.);
#2158 = LINE('',#2159,#2160);
#2159 = CARTESIAN_POINT('',(2.1,-6.67431578065,-13.2));
#2160 = VECTOR('',#2161,1.);
#2161 = DIRECTION('',(0.,0.,1.));
#2162 = ORIENTED_EDGE('',*,*,#1910,.F.);
#2163 = PLANE('',#2164);
#2164 = AXIS2_PLACEMENT_3D('',#2165,#2166,#2167);
#2165 = CARTESIAN_POINT('',(2.1,-3.32568421935,-13.2));
#2166 = DIRECTION('',(1.,1.326181163023E-16,-0.));
#2167 = DIRECTION('',(1.326181163023E-16,-1.,0.));
#2168 = ADVANCED_FACE('',(#2169),#2175,.T.);
#2169 = FACE_BOUND('',#2170,.T.);
#2170 = EDGE_LOOP('',(#2171,#2172,#2173,#2174));
#2171 = ORIENTED_EDGE('',*,*,#2157,.T.);
#2172 = ORIENTED_EDGE('',*,*,#2071,.T.);
#2173 = ORIENTED_EDGE('',*,*,#2138,.F.);
#2174 = ORIENTED_EDGE('',*,*,#1918,.F.);
#2175 = PLANE('',#2176);
#2176 = AXIS2_PLACEMENT_3D('',#2177,#2178,#2179);
#2177 = CARTESIAN_POINT('',(2.1,-6.67431578065,-13.2));
#2178 = DIRECTION('',(0.5,0.866025403784,-0.));
#2179 = DIRECTION('',(0.866025403784,-0.5,0.));
#2180 = ADVANCED_FACE('',(#2181),#2200,.T.);
#2181 = FACE_BOUND('',#2182,.T.);
#2182 = EDGE_LOOP('',(#2183,#2192,#2198,#2199));
#2183 = ORIENTED_EDGE('',*,*,#2184,.F.);
#2184 = EDGE_CURVE('',#2185,#2185,#2187,.T.);
#2185 = VERTEX_POINT('',#2186);
#2186 = CARTESIAN_POINT('',(149.2,-90.,0.));
#2187 = CIRCLE('',#2188,4.2);
#2188 = AXIS2_PLACEMENT_3D('',#2189,#2190,#2191);
#2189 = CARTESIAN_POINT('',(145.,-90.,0.));
#2190 = DIRECTION('',(0.,0.,1.));
#2191 = DIRECTION('',(1.,0.,-0.));
#2192 = ORIENTED_EDGE('',*,*,#2193,.F.);
#2193 = EDGE_CURVE('',#1202,#2185,#2194,.T.);
#2194 = LINE('',#2195,#2196);
#2195 = CARTESIAN_POINT('',(149.2,-90.,-10.8));
#2196 = VECTOR('',#2197,1.);
#2197 = DIRECTION('',(0.,0.,1.));
#2198 = ORIENTED_EDGE('',*,*,#1201,.T.);
#2199 = ORIENTED_EDGE('',*,*,#2193,.T.);
#2200 = CYLINDRICAL_SURFACE('',#2201,4.2);
#2201 = AXIS2_PLACEMENT_3D('',#2202,#2203,#2204);
#2202 = CARTESIAN_POINT('',(145.,-90.,-10.8));
#2203 = DIRECTION('',(0.,0.,1.));
#2204 = DIRECTION('',(1.,0.,-0.));
#2205 = ADVANCED_FACE('',(#2206,#2209),#2220,.T.);
#2206 = FACE_BOUND('',#2207,.T.);
#2207 = EDGE_LOOP('',(#2208));
#2208 = ORIENTED_EDGE('',*,*,#2184,.T.);
#2209 = FACE_BOUND('',#2210,.T.);
#2210 = EDGE_LOOP('',(#2211));
#2211 = ORIENTED_EDGE('',*,*,#2212,.F.);
#2212 = EDGE_CURVE('',#2213,#2213,#2215,.T.);
#2213 = VERTEX_POINT('',#2214);
#2214 = CARTESIAN_POINT('',(146.7,-90.,0.));
#2215 = CIRCLE('',#2216,1.7);
#2216 = AXIS2_PLACEMENT_3D('',#2217,#2218,#2219);
#2217 = CARTESIAN_POINT('',(145.,-90.,0.));
#2218 = DIRECTION('',(0.,0.,1.));
#2219 = DIRECTION('',(1.,0.,-0.));
#2220 = PLANE('',#2221);
#2221 = AXIS2_PLACEMENT_3D('',#2222,#2223,#2224);
#2222 = CARTESIAN_POINT('',(145.,-90.,0.));
#2223 = DIRECTION('',(0.,0.,1.));
#2224 = DIRECTION('',(1.,0.,-0.));
#2225 = ADVANCED_FACE('',(#2226),#2245,.F.);
#2226 = FACE_BOUND('',#2227,.F.);
#2227 = EDGE_LOOP('',(#2228,#2236,#2237,#2238));
#2228 = ORIENTED_EDGE('',*,*,#2229,.T.);
#2229 = EDGE_CURVE('',#2230,#2213,#2232,.T.);
#2230 = VERTEX_POINT('',#2231);
#2231 = CARTESIAN_POINT('',(146.7,-90.,-10.4));
#2232 = LINE('',#2233,#2234);
#2233 = CARTESIAN_POINT('',(146.7,-90.,-17.3));
#2234 = VECTOR('',#2235,1.);
#2235 = DIRECTION('',(0.,0.,1.));
#2236 = ORIENTED_EDGE('',*,*,#2212,.F.);
#2237 = ORIENTED_EDGE('',*,*,#2229,.F.);
#2238 = ORIENTED_EDGE('',*,*,#2239,.T.);
#2239 = EDGE_CURVE('',#2230,#2230,#2240,.T.);
#2240 = CIRCLE('',#2241,1.7);
#2241 = AXIS2_PLACEMENT_3D('',#2242,#2243,#2244);
#2242 = CARTESIAN_POINT('',(145.,-90.,-10.4));
#2243 = DIRECTION('',(0.,0.,1.));
#2244 = DIRECTION('',(1.,0.,-0.));
#2245 = CYLINDRICAL_SURFACE('',#2246,1.7);
#2246 = AXIS2_PLACEMENT_3D('',#2247,#2248,#2249);
#2247 = CARTESIAN_POINT('',(145.,-90.,-17.3));
#2248 = DIRECTION('',(0.,0.,1.));
#2249 = DIRECTION('',(1.,0.,-0.));
#2250 = ADVANCED_FACE('',(#2251,#2301),#2304,.F.);
#2251 = FACE_BOUND('',#2252,.F.);
#2252 = EDGE_LOOP('',(#2253,#2263,#2271,#2279,#2287,#2295));
#2253 = ORIENTED_EDGE('',*,*,#2254,.T.);
#2254 = EDGE_CURVE('',#2255,#2257,#2259,.T.);
#2255 = VERTEX_POINT('',#2256);
#2256 = CARTESIAN_POINT('',(147.9,-88.32568421935,-10.4));
#2257 = VERTEX_POINT('',#2258);
#2258 = CARTESIAN_POINT('',(145.,-86.6513684387,-10.4));
#2259 = LINE('',#2260,#2261);
#2260 = CARTESIAN_POINT('',(147.9,-88.32568421935,-10.4));
#2261 = VECTOR('',#2262,1.);
#2262 = DIRECTION('',(-0.866025403784,0.5,0.));
#2263 = ORIENTED_EDGE('',*,*,#2264,.T.);
#2264 = EDGE_CURVE('',#2257,#2265,#2267,.T.);
#2265 = VERTEX_POINT('',#2266);
#2266 = CARTESIAN_POINT('',(142.1,-88.32568421935,-10.4));
#2267 = LINE('',#2268,#2269);
#2268 = CARTESIAN_POINT('',(145.,-86.6513684387,-10.4));
#2269 = VECTOR('',#2270,1.);
#2270 = DIRECTION('',(-0.866025403784,-0.5,0.));
#2271 = ORIENTED_EDGE('',*,*,#2272,.T.);
#2272 = EDGE_CURVE('',#2265,#2273,#2275,.T.);
#2273 = VERTEX_POINT('',#2274);
#2274 = CARTESIAN_POINT('',(142.1,-91.67431578065,-10.4));
#2275 = LINE('',#2276,#2277);
#2276 = CARTESIAN_POINT('',(142.1,-88.32568421935,-10.4));
#2277 = VECTOR('',#2278,1.);
#2278 = DIRECTION('',(0.,-1.,0.));
#2279 = ORIENTED_EDGE('',*,*,#2280,.T.);
#2280 = EDGE_CURVE('',#2273,#2281,#2283,.T.);
#2281 = VERTEX_POINT('',#2282);
#2282 = CARTESIAN_POINT('',(145.,-93.3486315613,-10.4));
#2283 = LINE('',#2284,#2285);
#2284 = CARTESIAN_POINT('',(142.1,-91.67431578065,-10.4));
#2285 = VECTOR('',#2286,1.);
#2286 = DIRECTION('',(0.866025403784,-0.5,0.));
#2287 = ORIENTED_EDGE('',*,*,#2288,.T.);
#2288 = EDGE_CURVE('',#2281,#2289,#2291,.T.);
#2289 = VERTEX_POINT('',#2290);
#2290 = CARTESIAN_POINT('',(147.9,-91.67431578065,-10.4));
#2291 = LINE('',#2292,#2293);
#2292 = CARTESIAN_POINT('',(145.,-93.3486315613,-10.4));
#2293 = VECTOR('',#2294,1.);
#2294 = DIRECTION('',(0.866025403784,0.5,0.));
#2295 = ORIENTED_EDGE('',*,*,#2296,.T.);
#2296 = EDGE_CURVE('',#2289,#2255,#2297,.T.);
#2297 = LINE('',#2298,#2299);
#2298 = CARTESIAN_POINT('',(147.9,-91.67431578065,-10.4));
#2299 = VECTOR('',#2300,1.);
#2300 = DIRECTION('',(0.,1.,0.));
#2301 = FACE_BOUND('',#2302,.F.);
#2302 = EDGE_LOOP('',(#2303));
#2303 = ORIENTED_EDGE('',*,*,#2239,.F.);
#2304 = PLANE('',#2305);
#2305 = AXIS2_PLACEMENT_3D('',#2306,#2307,#2308);
#2306 = CARTESIAN_POINT('',(145.,-90.,-10.4));
#2307 = DIRECTION('',(0.,0.,1.));
#2308 = DIRECTION('',(1.,0.,-0.));
#2309 = ADVANCED_FACE('',(#2310),#2335,.T.);
#2310 = FACE_BOUND('',#2311,.T.);
#2311 = EDGE_LOOP('',(#2312,#2320,#2321,#2329));
#2312 = ORIENTED_EDGE('',*,*,#2313,.T.);
#2313 = EDGE_CURVE('',#2314,#2255,#2316,.T.);
#2314 = VERTEX_POINT('',#2315);
#2315 = CARTESIAN_POINT('',(147.9,-88.32568421935,-13.2));
#2316 = LINE('',#2317,#2318);
#2317 = CARTESIAN_POINT('',(147.9,-88.32568421935,-13.2));
#2318 = VECTOR('',#2319,1.);
#2319 = DIRECTION('',(0.,0.,1.));
#2320 = ORIENTED_EDGE('',*,*,#2254,.T.);
#2321 = ORIENTED_EDGE('',*,*,#2322,.F.);
#2322 = EDGE_CURVE('',#2323,#2257,#2325,.T.);
#2323 = VERTEX_POINT('',#2324);
#2324 = CARTESIAN_POINT('',(145.,-86.6513684387,-13.2));
#2325 = LINE('',#2326,#2327);
#2326 = CARTESIAN_POINT('',(145.,-86.6513684387,-13.2));
#2327 = VECTOR('',#2328,1.);
#2328 = DIRECTION('',(0.,0.,1.));
#2329 = ORIENTED_EDGE('',*,*,#2330,.F.);
#2330 = EDGE_CURVE('',#2314,#2323,#2331,.T.);
#2331 = LINE('',#2332,#2333);
#2332 = CARTESIAN_POINT('',(147.9,-88.32568421935,-13.2));
#2333 = VECTOR('',#2334,1.);
#2334 = DIRECTION('',(-0.866025403784,0.5,0.));
#2335 = PLANE('',#2336);
#2336 = AXIS2_PLACEMENT_3D('',#2337,#2338,#2339);
#2337 = CARTESIAN_POINT('',(147.9,-88.32568421935,-13.2));
#2338 = DIRECTION('',(-0.5,-0.866025403784,0.));
#2339 = DIRECTION('',(-0.866025403784,0.5,0.));
#2340 = ADVANCED_FACE('',(#2341),#2359,.T.);
#2341 = FACE_BOUND('',#2342,.T.);
#2342 = EDGE_LOOP('',(#2343,#2351,#2352,#2353));
#2343 = ORIENTED_EDGE('',*,*,#2344,.T.);
#2344 = EDGE_CURVE('',#2345,#2289,#2347,.T.);
#2345 = VERTEX_POINT('',#2346);
#2346 = CARTESIAN_POINT('',(147.9,-91.67431578065,-13.2));
#2347 = LINE('',#2348,#2349);
#2348 = CARTESIAN_POINT('',(147.9,-91.67431578065,-13.2));
#2349 = VECTOR('',#2350,1.);
#2350 = DIRECTION('',(0.,0.,1.));
#2351 = ORIENTED_EDGE('',*,*,#2296,.T.);
#2352 = ORIENTED_EDGE('',*,*,#2313,.F.);
#2353 = ORIENTED_EDGE('',*,*,#2354,.F.);
#2354 = EDGE_CURVE('',#2345,#2314,#2355,.T.);
#2355 = LINE('',#2356,#2357);
#2356 = CARTESIAN_POINT('',(147.9,-91.67431578065,-13.2));
#2357 = VECTOR('',#2358,1.);
#2358 = DIRECTION('',(0.,1.,0.));
#2359 = PLANE('',#2360);
#2360 = AXIS2_PLACEMENT_3D('',#2361,#2362,#2363);
#2361 = CARTESIAN_POINT('',(147.9,-91.67431578065,-13.2));
#2362 = DIRECTION('',(-1.,0.,0.));
#2363 = DIRECTION('',(0.,1.,0.));
#2364 = ADVANCED_FACE('',(#2365),#2383,.T.);
#2365 = FACE_BOUND('',#2366,.T.);
#2366 = EDGE_LOOP('',(#2367,#2368,#2369,#2377));
#2367 = ORIENTED_EDGE('',*,*,#2322,.T.);
#2368 = ORIENTED_EDGE('',*,*,#2264,.T.);
#2369 = ORIENTED_EDGE('',*,*,#2370,.F.);
#2370 = EDGE_CURVE('',#2371,#2265,#2373,.T.);
#2371 = VERTEX_POINT('',#2372);
#2372 = CARTESIAN_POINT('',(142.1,-88.32568421935,-13.2));
#2373 = LINE('',#2374,#2375);
#2374 = CARTESIAN_POINT('',(142.1,-88.32568421935,-13.2));
#2375 = VECTOR('',#2376,1.);
#2376 = DIRECTION('',(0.,0.,1.));
#2377 = ORIENTED_EDGE('',*,*,#2378,.F.);
#2378 = EDGE_CURVE('',#2323,#2371,#2379,.T.);
#2379 = LINE('',#2380,#2381);
#2380 = CARTESIAN_POINT('',(145.,-86.6513684387,-13.2));
#2381 = VECTOR('',#2382,1.);
#2382 = DIRECTION('',(-0.866025403784,-0.5,0.));
#2383 = PLANE('',#2384);
#2384 = AXIS2_PLACEMENT_3D('',#2385,#2386,#2387);
#2385 = CARTESIAN_POINT('',(145.,-86.6513684387,-13.2));
#2386 = DIRECTION('',(0.5,-0.866025403784,0.));
#2387 = DIRECTION('',(-0.866025403784,-0.5,0.));
#2388 = ADVANCED_FACE('',(#2389),#2407,.T.);
#2389 = FACE_BOUND('',#2390,.T.);
#2390 = EDGE_LOOP('',(#2391,#2399,#2400,#2401));
#2391 = ORIENTED_EDGE('',*,*,#2392,.T.);
#2392 = EDGE_CURVE('',#2393,#2281,#2395,.T.);
#2393 = VERTEX_POINT('',#2394);
#2394 = CARTESIAN_POINT('',(145.,-93.3486315613,-13.2));
#2395 = LINE('',#2396,#2397);
#2396 = CARTESIAN_POINT('',(145.,-93.3486315613,-13.2));
#2397 = VECTOR('',#2398,1.);
#2398 = DIRECTION('',(0.,0.,1.));
#2399 = ORIENTED_EDGE('',*,*,#2288,.T.);
#2400 = ORIENTED_EDGE('',*,*,#2344,.F.);
#2401 = ORIENTED_EDGE('',*,*,#2402,.F.);
#2402 = EDGE_CURVE('',#2393,#2345,#2403,.T.);
#2403 = LINE('',#2404,#2405);
#2404 = CARTESIAN_POINT('',(145.,-93.3486315613,-13.2));
#2405 = VECTOR('',#2406,1.);
#2406 = DIRECTION('',(0.866025403784,0.5,0.));
#2407 = PLANE('',#2408);
#2408 = AXIS2_PLACEMENT_3D('',#2409,#2410,#2411);
#2409 = CARTESIAN_POINT('',(145.,-93.3486315613,-13.2));
#2410 = DIRECTION('',(-0.5,0.866025403784,0.));
#2411 = DIRECTION('',(0.866025403784,0.5,0.));
#2412 = ADVANCED_FACE('',(#2413),#2431,.T.);
#2413 = FACE_BOUND('',#2414,.T.);
#2414 = EDGE_LOOP('',(#2415,#2416,#2417,#2425));
#2415 = ORIENTED_EDGE('',*,*,#2370,.T.);
#2416 = ORIENTED_EDGE('',*,*,#2272,.T.);
#2417 = ORIENTED_EDGE('',*,*,#2418,.F.);
#2418 = EDGE_CURVE('',#2419,#2273,#2421,.T.);
#2419 = VERTEX_POINT('',#2420);
#2420 = CARTESIAN_POINT('',(142.1,-91.67431578065,-13.2));
#2421 = LINE('',#2422,#2423);
#2422 = CARTESIAN_POINT('',(142.1,-91.67431578065,-13.2));
#2423 = VECTOR('',#2424,1.);
#2424 = DIRECTION('',(0.,0.,1.));
#2425 = ORIENTED_EDGE('',*,*,#2426,.F.);
#2426 = EDGE_CURVE('',#2371,#2419,#2427,.T.);
#2427 = LINE('',#2428,#2429);
#2428 = CARTESIAN_POINT('',(142.1,-88.32568421935,-13.2));
#2429 = VECTOR('',#2430,1.);
#2430 = DIRECTION('',(0.,-1.,0.));
#2431 = PLANE('',#2432);
#2432 = AXIS2_PLACEMENT_3D('',#2433,#2434,#2435);
#2433 = CARTESIAN_POINT('',(142.1,-88.32568421935,-13.2));
#2434 = DIRECTION('',(1.,0.,-0.));
#2435 = DIRECTION('',(0.,-1.,0.));
#2436 = ADVANCED_FACE('',(#2437),#2448,.T.);
#2437 = FACE_BOUND('',#2438,.T.);
#2438 = EDGE_LOOP('',(#2439,#2440,#2441,#2442));
#2439 = ORIENTED_EDGE('',*,*,#2418,.T.);
#2440 = ORIENTED_EDGE('',*,*,#2280,.T.);
#2441 = ORIENTED_EDGE('',*,*,#2392,.F.);
#2442 = ORIENTED_EDGE('',*,*,#2443,.F.);
#2443 = EDGE_CURVE('',#2419,#2393,#2444,.T.);
#2444 = LINE('',#2445,#2446);
#2445 = CARTESIAN_POINT('',(142.1,-91.67431578065,-13.2));
#2446 = VECTOR('',#2447,1.);
#2447 = DIRECTION('',(0.866025403784,-0.5,0.));
#2448 = PLANE('',#2449);
#2449 = AXIS2_PLACEMENT_3D('',#2450,#2451,#2452);
#2450 = CARTESIAN_POINT('',(142.1,-91.67431578065,-13.2));
#2451 = DIRECTION('',(0.5,0.866025403784,-0.));
#2452 = DIRECTION('',(0.866025403784,-0.5,0.));
#2453 = ADVANCED_FACE('',(#2454,#2462),#2473,.T.);
#2454 = FACE_BOUND('',#2455,.T.);
#2455 = EDGE_LOOP('',(#2456,#2457,#2458,#2459,#2460,#2461));
#2456 = ORIENTED_EDGE('',*,*,#2330,.T.);
#2457 = ORIENTED_EDGE('',*,*,#2378,.T.);
#2458 = ORIENTED_EDGE('',*,*,#2426,.T.);
#2459 = ORIENTED_EDGE('',*,*,#2443,.T.);
#2460 = ORIENTED_EDGE('',*,*,#2402,.T.);
#2461 = ORIENTED_EDGE('',*,*,#2354,.T.);
#2462 = FACE_BOUND('',#2463,.T.);
#2463 = EDGE_LOOP('',(#2464));
#2464 = ORIENTED_EDGE('',*,*,#2465,.F.);
#2465 = EDGE_CURVE('',#2466,#2466,#2468,.T.);
#2466 = VERTEX_POINT('',#2467);
#2467 = CARTESIAN_POINT('',(146.7,-90.,-13.2));
#2468 = CIRCLE('',#2469,1.7);
#2469 = AXIS2_PLACEMENT_3D('',#2470,#2471,#2472);
#2470 = CARTESIAN_POINT('',(145.,-90.,-13.2));
#2471 = DIRECTION('',(0.,0.,1.));
#2472 = DIRECTION('',(1.,0.,-0.));
#2473 = PLANE('',#2474);
#2474 = AXIS2_PLACEMENT_3D('',#2475,#2476,#2477);
#2475 = CARTESIAN_POINT('',(145.,-90.,-13.2));
#2476 = DIRECTION('',(0.,0.,1.));
#2477 = DIRECTION('',(1.,0.,-0.));
#2478 = ADVANCED_FACE('',(#2479),#2524,.T.);
#2479 = FACE_BOUND('',#2480,.T.);
#2480 = EDGE_LOOP('',(#2481,#2491,#2500,#2509,#2516,#2517));
#2481 = ORIENTED_EDGE('',*,*,#2482,.T.);
#2482 = EDGE_CURVE('',#2483,#2485,#2487,.T.);
#2483 = VERTEX_POINT('',#2484);
#2484 = CARTESIAN_POINT('',(150.,-90.,-17.3));
#2485 = VERTEX_POINT('',#2486);
#2486 = CARTESIAN_POINT('',(150.,-90.,-13.3));
#2487 = LINE('',#2488,#2489);
#2488 = CARTESIAN_POINT('',(150.,-90.,-17.3));
#2489 = VECTOR('',#2490,1.);
#2490 = DIRECTION('',(0.,0.,1.));
#2491 = ORIENTED_EDGE('',*,*,#2492,.F.);
#2492 = EDGE_CURVE('',#2493,#2485,#2495,.T.);
#2493 = VERTEX_POINT('',#2494);
#2494 = CARTESIAN_POINT('',(149.5,-92.17944947177,-13.3));
#2495 = CIRCLE('',#2496,5.);
#2496 = AXIS2_PLACEMENT_3D('',#2497,#2498,#2499);
#2497 = CARTESIAN_POINT('',(145.,-90.,-13.3));
#2498 = DIRECTION('',(0.,0.,1.));
#2499 = DIRECTION('',(1.,0.,-0.));
#2500 = ORIENTED_EDGE('',*,*,#2501,.F.);
#2501 = EDGE_CURVE('',#2502,#2493,#2504,.T.);
#2502 = VERTEX_POINT('',#2503);
#2503 = CARTESIAN_POINT('',(149.5,-87.82055052823,-13.3));
#2504 = CIRCLE('',#2505,5.);
#2505 = AXIS2_PLACEMENT_3D('',#2506,#2507,#2508);
#2506 = CARTESIAN_POINT('',(145.,-90.,-13.3));
#2507 = DIRECTION('',(0.,0.,1.));
#2508 = DIRECTION('',(1.,0.,-0.));
#2509 = ORIENTED_EDGE('',*,*,#2510,.F.);
#2510 = EDGE_CURVE('',#2485,#2502,#2511,.T.);
#2511 = CIRCLE('',#2512,5.);
#2512 = AXIS2_PLACEMENT_3D('',#2513,#2514,#2515);
#2513 = CARTESIAN_POINT('',(145.,-90.,-13.3));
#2514 = DIRECTION('',(0.,0.,1.));
#2515 = DIRECTION('',(1.,0.,-0.));
#2516 = ORIENTED_EDGE('',*,*,#2482,.F.);
#2517 = ORIENTED_EDGE('',*,*,#2518,.T.);
#2518 = EDGE_CURVE('',#2483,#2483,#2519,.T.);
#2519 = CIRCLE('',#2520,5.);
#2520 = AXIS2_PLACEMENT_3D('',#2521,#2522,#2523);
#2521 = CARTESIAN_POINT('',(145.,-90.,-17.3));
#2522 = DIRECTION('',(0.,0.,1.));
#2523 = DIRECTION('',(1.,0.,-0.));
#2524 = CYLINDRICAL_SURFACE('',#2525,5.);
#2525 = AXIS2_PLACEMENT_3D('',#2526,#2527,#2528);
#2526 = CARTESIAN_POINT('',(145.,-90.,-17.3));
#2527 = DIRECTION('',(0.,0.,1.));
#2528 = DIRECTION('',(1.,0.,-0.));
#2529 = ADVANCED_FACE('',(#2530,#2533),#2544,.F.);
#2530 = FACE_BOUND('',#2531,.F.);
#2531 = EDGE_LOOP('',(#2532));
#2532 = ORIENTED_EDGE('',*,*,#2518,.T.);
#2533 = FACE_BOUND('',#2534,.F.);
#2534 = EDGE_LOOP('',(#2535));
#2535 = ORIENTED_EDGE('',*,*,#2536,.F.);
#2536 = EDGE_CURVE('',#2537,#2537,#2539,.T.);
#2537 = VERTEX_POINT('',#2538);
#2538 = CARTESIAN_POINT('',(146.7,-90.,-17.3));
#2539 = CIRCLE('',#2540,1.7);
#2540 = AXIS2_PLACEMENT_3D('',#2541,#2542,#2543);
#2541 = CARTESIAN_POINT('',(145.,-90.,-17.3));
#2542 = DIRECTION('',(0.,0.,1.));
#2543 = DIRECTION('',(1.,0.,-0.));
#2544 = PLANE('',#2545);
#2545 = AXIS2_PLACEMENT_3D('',#2546,#2547,#2548);
#2546 = CARTESIAN_POINT('',(145.,-90.,-17.3));
#2547 = DIRECTION('',(0.,0.,1.));
#2548 = DIRECTION('',(1.,0.,-0.));
#2549 = ADVANCED_FACE('',(#2550),#2561,.F.);
#2550 = FACE_BOUND('',#2551,.F.);
#2551 = EDGE_LOOP('',(#2552,#2553,#2559,#2560));
#2552 = ORIENTED_EDGE('',*,*,#2465,.F.);
#2553 = ORIENTED_EDGE('',*,*,#2554,.F.);
#2554 = EDGE_CURVE('',#2537,#2466,#2555,.T.);
#2555 = LINE('',#2556,#2557);
#2556 = CARTESIAN_POINT('',(146.7,-90.,-17.3));
#2557 = VECTOR('',#2558,1.);
#2558 = DIRECTION('',(0.,0.,1.));
#2559 = ORIENTED_EDGE('',*,*,#2536,.T.);
#2560 = ORIENTED_EDGE('',*,*,#2554,.T.);
#2561 = CYLINDRICAL_SURFACE('',#2562,1.7);
#2562 = AXIS2_PLACEMENT_3D('',#2563,#2564,#2565);
#2563 = CARTESIAN_POINT('',(145.,-90.,-17.3));
#2564 = DIRECTION('',(0.,0.,1.));
#2565 = DIRECTION('',(1.,0.,-0.));
#2566 = ADVANCED_FACE('',(#2567),#2588,.T.);
#2567 = FACE_BOUND('',#2568,.T.);
#2568 = EDGE_LOOP('',(#2569,#2577,#2584,#2585,#2586,#2587));
#2569 = ORIENTED_EDGE('',*,*,#2570,.T.);
#2570 = EDGE_CURVE('',#1213,#2571,#2573,.T.);
#2571 = VERTEX_POINT('',#2572);
#2572 = CARTESIAN_POINT('',(149.2,-5.,0.));
#2573 = LINE('',#2574,#2575);
#2574 = CARTESIAN_POINT('',(149.2,-5.,-10.8));
#2575 = VECTOR('',#2576,1.);
#2576 = DIRECTION('',(0.,0.,1.));
#2577 = ORIENTED_EDGE('',*,*,#2578,.F.);
#2578 = EDGE_CURVE('',#2571,#2571,#2579,.T.);
#2579 = CIRCLE('',#2580,4.2);
#2580 = AXIS2_PLACEMENT_3D('',#2581,#2582,#2583);
#2581 = CARTESIAN_POINT('',(145.,-5.,0.));
#2582 = DIRECTION('',(0.,0.,1.));
#2583 = DIRECTION('',(1.,0.,-0.));
#2584 = ORIENTED_EDGE('',*,*,#2570,.F.);
#2585 = ORIENTED_EDGE('',*,*,#1212,.T.);
#2586 = ORIENTED_EDGE('',*,*,#1232,.T.);
#2587 = ORIENTED_EDGE('',*,*,#1223,.T.);
#2588 = CYLINDRICAL_SURFACE('',#2589,4.2);
#2589 = AXIS2_PLACEMENT_3D('',#2590,#2591,#2592);
#2590 = CARTESIAN_POINT('',(145.,-5.,-10.8));
#2591 = DIRECTION('',(0.,0.,1.));
#2592 = DIRECTION('',(1.,0.,-0.));
#2593 = ADVANCED_FACE('',(#2594,#2597),#2608,.T.);
#2594 = FACE_BOUND('',#2595,.T.);
#2595 = EDGE_LOOP('',(#2596));
#2596 = ORIENTED_EDGE('',*,*,#2578,.T.);
#2597 = FACE_BOUND('',#2598,.T.);
#2598 = EDGE_LOOP('',(#2599));
#2599 = ORIENTED_EDGE('',*,*,#2600,.F.);
#2600 = EDGE_CURVE('',#2601,#2601,#2603,.T.);
#2601 = VERTEX_POINT('',#2602);
#2602 = CARTESIAN_POINT('',(146.7,-5.,0.));
#2603 = CIRCLE('',#2604,1.7);
#2604 = AXIS2_PLACEMENT_3D('',#2605,#2606,#2607);
#2605 = CARTESIAN_POINT('',(145.,-5.,0.));
#2606 = DIRECTION('',(0.,0.,1.));
#2607 = DIRECTION('',(1.,0.,-0.));
#2608 = PLANE('',#2609);
#2609 = AXIS2_PLACEMENT_3D('',#2610,#2611,#2612);
#2610 = CARTESIAN_POINT('',(145.,-5.,0.));
#2611 = DIRECTION('',(0.,0.,1.));
#2612 = DIRECTION('',(1.,0.,-0.));
#2613 = ADVANCED_FACE('',(#2614),#2633,.F.);
#2614 = FACE_BOUND('',#2615,.F.);
#2615 = EDGE_LOOP('',(#2616,#2624,#2625,#2626));
#2616 = ORIENTED_EDGE('',*,*,#2617,.T.);
#2617 = EDGE_CURVE('',#2618,#2601,#2620,.T.);
#2618 = VERTEX_POINT('',#2619);
#2619 = CARTESIAN_POINT('',(146.7,-5.,-10.4));
#2620 = LINE('',#2621,#2622);
#2621 = CARTESIAN_POINT('',(146.7,-5.,-17.3));
#2622 = VECTOR('',#2623,1.);
#2623 = DIRECTION('',(0.,0.,1.));
#2624 = ORIENTED_EDGE('',*,*,#2600,.F.);
#2625 = ORIENTED_EDGE('',*,*,#2617,.F.);
#2626 = ORIENTED_EDGE('',*,*,#2627,.T.);
#2627 = EDGE_CURVE('',#2618,#2618,#2628,.T.);
#2628 = CIRCLE('',#2629,1.7);
#2629 = AXIS2_PLACEMENT_3D('',#2630,#2631,#2632);
#2630 = CARTESIAN_POINT('',(145.,-5.,-10.4));
#2631 = DIRECTION('',(0.,0.,1.));
#2632 = DIRECTION('',(1.,0.,-0.));
#2633 = CYLINDRICAL_SURFACE('',#2634,1.7);
#2634 = AXIS2_PLACEMENT_3D('',#2635,#2636,#2637);
#2635 = CARTESIAN_POINT('',(145.,-5.,-17.3));
#2636 = DIRECTION('',(0.,0.,1.));
#2637 = DIRECTION('',(1.,0.,-0.));
#2638 = ADVANCED_FACE('',(#2639,#2689),#2692,.F.);
#2639 = FACE_BOUND('',#2640,.F.);
#2640 = EDGE_LOOP('',(#2641,#2651,#2659,#2667,#2675,#2683));
#2641 = ORIENTED_EDGE('',*,*,#2642,.T.);
#2642 = EDGE_CURVE('',#2643,#2645,#2647,.T.);
#2643 = VERTEX_POINT('',#2644);
#2644 = CARTESIAN_POINT('',(147.9,-3.32568421935,-10.4));
#2645 = VERTEX_POINT('',#2646);
#2646 = CARTESIAN_POINT('',(145.,-1.6513684387,-10.4));
#2647 = LINE('',#2648,#2649);
#2648 = CARTESIAN_POINT('',(147.9,-3.32568421935,-10.4));
#2649 = VECTOR('',#2650,1.);
#2650 = DIRECTION('',(-0.866025403784,0.5,0.));
#2651 = ORIENTED_EDGE('',*,*,#2652,.T.);
#2652 = EDGE_CURVE('',#2645,#2653,#2655,.T.);
#2653 = VERTEX_POINT('',#2654);
#2654 = CARTESIAN_POINT('',(142.1,-3.32568421935,-10.4));
#2655 = LINE('',#2656,#2657);
#2656 = CARTESIAN_POINT('',(145.,-1.6513684387,-10.4));
#2657 = VECTOR('',#2658,1.);
#2658 = DIRECTION('',(-0.866025403784,-0.5,0.));
#2659 = ORIENTED_EDGE('',*,*,#2660,.T.);
#2660 = EDGE_CURVE('',#2653,#2661,#2663,.T.);
#2661 = VERTEX_POINT('',#2662);
#2662 = CARTESIAN_POINT('',(142.1,-6.67431578065,-10.4));
#2663 = LINE('',#2664,#2665);
#2664 = CARTESIAN_POINT('',(142.1,-3.32568421935,-10.4));
#2665 = VECTOR('',#2666,1.);
#2666 = DIRECTION('',(0.,-1.,0.));
#2667 = ORIENTED_EDGE('',*,*,#2668,.T.);
#2668 = EDGE_CURVE('',#2661,#2669,#2671,.T.);
#2669 = VERTEX_POINT('',#2670);
#2670 = CARTESIAN_POINT('',(145.,-8.3486315613,-10.4));
#2671 = LINE('',#2672,#2673);
#2672 = CARTESIAN_POINT('',(142.1,-6.67431578065,-10.4));
#2673 = VECTOR('',#2674,1.);
#2674 = DIRECTION('',(0.866025403784,-0.5,0.));
#2675 = ORIENTED_EDGE('',*,*,#2676,.T.);
#2676 = EDGE_CURVE('',#2669,#2677,#2679,.T.);
#2677 = VERTEX_POINT('',#2678);
#2678 = CARTESIAN_POINT('',(147.9,-6.67431578065,-10.4));
#2679 = LINE('',#2680,#2681);
#2680 = CARTESIAN_POINT('',(145.,-8.3486315613,-10.4));
#2681 = VECTOR('',#2682,1.);
#2682 = DIRECTION('',(0.866025403784,0.5,0.));
#2683 = ORIENTED_EDGE('',*,*,#2684,.T.);
#2684 = EDGE_CURVE('',#2677,#2643,#2685,.T.);
#2685 = LINE('',#2686,#2687);
#2686 = CARTESIAN_POINT('',(147.9,-6.67431578065,-10.4));
#2687 = VECTOR('',#2688,1.);
#2688 = DIRECTION('',(0.,1.,0.));
#2689 = FACE_BOUND('',#2690,.F.);
#2690 = EDGE_LOOP('',(#2691));
#2691 = ORIENTED_EDGE('',*,*,#2627,.F.);
#2692 = PLANE('',#2693);
#2693 = AXIS2_PLACEMENT_3D('',#2694,#2695,#2696);
#2694 = CARTESIAN_POINT('',(145.,-5.,-10.4));
#2695 = DIRECTION('',(0.,0.,1.));
#2696 = DIRECTION('',(1.,0.,-0.));
#2697 = ADVANCED_FACE('',(#2698),#2723,.T.);
#2698 = FACE_BOUND('',#2699,.T.);
#2699 = EDGE_LOOP('',(#2700,#2708,#2709,#2717));
#2700 = ORIENTED_EDGE('',*,*,#2701,.T.);
#2701 = EDGE_CURVE('',#2702,#2643,#2704,.T.);
#2702 = VERTEX_POINT('',#2703);
#2703 = CARTESIAN_POINT('',(147.9,-3.32568421935,-13.2));
#2704 = LINE('',#2705,#2706);
#2705 = CARTESIAN_POINT('',(147.9,-3.32568421935,-13.2));
#2706 = VECTOR('',#2707,1.);
#2707 = DIRECTION('',(0.,0.,1.));
#2708 = ORIENTED_EDGE('',*,*,#2642,.T.);
#2709 = ORIENTED_EDGE('',*,*,#2710,.F.);
#2710 = EDGE_CURVE('',#2711,#2645,#2713,.T.);
#2711 = VERTEX_POINT('',#2712);
#2712 = CARTESIAN_POINT('',(145.,-1.6513684387,-13.2));
#2713 = LINE('',#2714,#2715);
#2714 = CARTESIAN_POINT('',(145.,-1.6513684387,-13.2));
#2715 = VECTOR('',#2716,1.);
#2716 = DIRECTION('',(0.,0.,1.));
#2717 = ORIENTED_EDGE('',*,*,#2718,.F.);
#2718 = EDGE_CURVE('',#2702,#2711,#2719,.T.);
#2719 = LINE('',#2720,#2721);
#2720 = CARTESIAN_POINT('',(147.9,-3.32568421935,-13.2));
#2721 = VECTOR('',#2722,1.);
#2722 = DIRECTION('',(-0.866025403784,0.5,0.));
#2723 = PLANE('',#2724);
#2724 = AXIS2_PLACEMENT_3D('',#2725,#2726,#2727);
#2725 = CARTESIAN_POINT('',(147.9,-3.32568421935,-13.2));
#2726 = DIRECTION('',(-0.5,-0.866025403784,0.));
#2727 = DIRECTION('',(-0.866025403784,0.5,0.));
#2728 = ADVANCED_FACE('',(#2729),#2747,.T.);
#2729 = FACE_BOUND('',#2730,.T.);
#2730 = EDGE_LOOP('',(#2731,#2739,#2740,#2741));
#2731 = ORIENTED_EDGE('',*,*,#2732,.T.);
#2732 = EDGE_CURVE('',#2733,#2677,#2735,.T.);
#2733 = VERTEX_POINT('',#2734);
#2734 = CARTESIAN_POINT('',(147.9,-6.67431578065,-13.2));
#2735 = LINE('',#2736,#2737);
#2736 = CARTESIAN_POINT('',(147.9,-6.67431578065,-13.2));
#2737 = VECTOR('',#2738,1.);
#2738 = DIRECTION('',(0.,0.,1.));
#2739 = ORIENTED_EDGE('',*,*,#2684,.T.);
#2740 = ORIENTED_EDGE('',*,*,#2701,.F.);
#2741 = ORIENTED_EDGE('',*,*,#2742,.F.);
#2742 = EDGE_CURVE('',#2733,#2702,#2743,.T.);
#2743 = LINE('',#2744,#2745);
#2744 = CARTESIAN_POINT('',(147.9,-6.67431578065,-13.2));
#2745 = VECTOR('',#2746,1.);
#2746 = DIRECTION('',(0.,1.,0.));
#2747 = PLANE('',#2748);
#2748 = AXIS2_PLACEMENT_3D('',#2749,#2750,#2751);
#2749 = CARTESIAN_POINT('',(147.9,-6.67431578065,-13.2));
#2750 = DIRECTION('',(-1.,0.,0.));
#2751 = DIRECTION('',(0.,1.,0.));
#2752 = ADVANCED_FACE('',(#2753),#2771,.T.);
#2753 = FACE_BOUND('',#2754,.T.);
#2754 = EDGE_LOOP('',(#2755,#2756,#2757,#2765));
#2755 = ORIENTED_EDGE('',*,*,#2710,.T.);
#2756 = ORIENTED_EDGE('',*,*,#2652,.T.);
#2757 = ORIENTED_EDGE('',*,*,#2758,.F.);
#2758 = EDGE_CURVE('',#2759,#2653,#2761,.T.);
#2759 = VERTEX_POINT('',#2760);
#2760 = CARTESIAN_POINT('',(142.1,-3.32568421935,-13.2));
#2761 = LINE('',#2762,#2763);
#2762 = CARTESIAN_POINT('',(142.1,-3.32568421935,-13.2));
#2763 = VECTOR('',#2764,1.);
#2764 = DIRECTION('',(0.,0.,1.));
#2765 = ORIENTED_EDGE('',*,*,#2766,.F.);
#2766 = EDGE_CURVE('',#2711,#2759,#2767,.T.);
#2767 = LINE('',#2768,#2769);
#2768 = CARTESIAN_POINT('',(145.,-1.6513684387,-13.2));
#2769 = VECTOR('',#2770,1.);
#2770 = DIRECTION('',(-0.866025403784,-0.5,0.));
#2771 = PLANE('',#2772);
#2772 = AXIS2_PLACEMENT_3D('',#2773,#2774,#2775);
#2773 = CARTESIAN_POINT('',(145.,-1.6513684387,-13.2));
#2774 = DIRECTION('',(0.5,-0.866025403784,0.));
#2775 = DIRECTION('',(-0.866025403784,-0.5,0.));
#2776 = ADVANCED_FACE('',(#2777),#2795,.T.);
#2777 = FACE_BOUND('',#2778,.T.);
#2778 = EDGE_LOOP('',(#2779,#2787,#2788,#2789));
#2779 = ORIENTED_EDGE('',*,*,#2780,.T.);
#2780 = EDGE_CURVE('',#2781,#2669,#2783,.T.);
#2781 = VERTEX_POINT('',#2782);
#2782 = CARTESIAN_POINT('',(145.,-8.3486315613,-13.2));
#2783 = LINE('',#2784,#2785);
#2784 = CARTESIAN_POINT('',(145.,-8.3486315613,-13.2));
#2785 = VECTOR('',#2786,1.);
#2786 = DIRECTION('',(0.,0.,1.));
#2787 = ORIENTED_EDGE('',*,*,#2676,.T.);
#2788 = ORIENTED_EDGE('',*,*,#2732,.F.);
#2789 = ORIENTED_EDGE('',*,*,#2790,.F.);
#2790 = EDGE_CURVE('',#2781,#2733,#2791,.T.);
#2791 = LINE('',#2792,#2793);
#2792 = CARTESIAN_POINT('',(145.,-8.3486315613,-13.2));
#2793 = VECTOR('',#2794,1.);
#2794 = DIRECTION('',(0.866025403784,0.5,0.));
#2795 = PLANE('',#2796);
#2796 = AXIS2_PLACEMENT_3D('',#2797,#2798,#2799);
#2797 = CARTESIAN_POINT('',(145.,-8.3486315613,-13.2));
#2798 = DIRECTION('',(-0.5,0.866025403784,0.));
#2799 = DIRECTION('',(0.866025403784,0.5,0.));
#2800 = ADVANCED_FACE('',(#2801),#2819,.T.);
#2801 = FACE_BOUND('',#2802,.T.);
#2802 = EDGE_LOOP('',(#2803,#2804,#2805,#2813));
#2803 = ORIENTED_EDGE('',*,*,#2758,.T.);
#2804 = ORIENTED_EDGE('',*,*,#2660,.T.);
#2805 = ORIENTED_EDGE('',*,*,#2806,.F.);
#2806 = EDGE_CURVE('',#2807,#2661,#2809,.T.);
#2807 = VERTEX_POINT('',#2808);
#2808 = CARTESIAN_POINT('',(142.1,-6.67431578065,-13.2));
#2809 = LINE('',#2810,#2811);
#2810 = CARTESIAN_POINT('',(142.1,-6.67431578065,-13.2));
#2811 = VECTOR('',#2812,1.);
#2812 = DIRECTION('',(0.,0.,1.));
#2813 = ORIENTED_EDGE('',*,*,#2814,.F.);
#2814 = EDGE_CURVE('',#2759,#2807,#2815,.T.);
#2815 = LINE('',#2816,#2817);
#2816 = CARTESIAN_POINT('',(142.1,-3.32568421935,-13.2));
#2817 = VECTOR('',#2818,1.);
#2818 = DIRECTION('',(0.,-1.,0.));
#2819 = PLANE('',#2820);
#2820 = AXIS2_PLACEMENT_3D('',#2821,#2822,#2823);
#2821 = CARTESIAN_POINT('',(142.1,-3.32568421935,-13.2));
#2822 = DIRECTION('',(1.,0.,-0.));
#2823 = DIRECTION('',(0.,-1.,0.));
#2824 = ADVANCED_FACE('',(#2825),#2836,.T.);
#2825 = FACE_BOUND('',#2826,.T.);
#2826 = EDGE_LOOP('',(#2827,#2828,#2829,#2830));
#2827 = ORIENTED_EDGE('',*,*,#2806,.T.);
#2828 = ORIENTED_EDGE('',*,*,#2668,.T.);
#2829 = ORIENTED_EDGE('',*,*,#2780,.F.);
#2830 = ORIENTED_EDGE('',*,*,#2831,.F.);
#2831 = EDGE_CURVE('',#2807,#2781,#2832,.T.);
#2832 = LINE('',#2833,#2834);
#2833 = CARTESIAN_POINT('',(142.1,-6.67431578065,-13.2));
#2834 = VECTOR('',#2835,1.);
#2835 = DIRECTION('',(0.866025403784,-0.5,0.));
#2836 = PLANE('',#2837);
#2837 = AXIS2_PLACEMENT_3D('',#2838,#2839,#2840);
#2838 = CARTESIAN_POINT('',(142.1,-6.67431578065,-13.2));
#2839 = DIRECTION('',(0.5,0.866025403784,-0.));
#2840 = DIRECTION('',(0.866025403784,-0.5,0.));
#2841 = ADVANCED_FACE('',(#2842,#2850),#2861,.T.);
#2842 = FACE_BOUND('',#2843,.T.);
#2843 = EDGE_LOOP('',(#2844,#2845,#2846,#2847,#2848,#2849));
#2844 = ORIENTED_EDGE('',*,*,#2718,.T.);
#2845 = ORIENTED_EDGE('',*,*,#2766,.T.);
#2846 = ORIENTED_EDGE('',*,*,#2814,.T.);
#2847 = ORIENTED_EDGE('',*,*,#2831,.T.);
#2848 = ORIENTED_EDGE('',*,*,#2790,.T.);
#2849 = ORIENTED_EDGE('',*,*,#2742,.T.);
#2850 = FACE_BOUND('',#2851,.T.);
#2851 = EDGE_LOOP('',(#2852));
#2852 = ORIENTED_EDGE('',*,*,#2853,.F.);
#2853 = EDGE_CURVE('',#2854,#2854,#2856,.T.);
#2854 = VERTEX_POINT('',#2855);
#2855 = CARTESIAN_POINT('',(146.7,-5.,-13.2));
#2856 = CIRCLE('',#2857,1.7);
#2857 = AXIS2_PLACEMENT_3D('',#2858,#2859,#2860);
#2858 = CARTESIAN_POINT('',(145.,-5.,-13.2));
#2859 = DIRECTION('',(0.,0.,1.));
#2860 = DIRECTION('',(1.,0.,-0.));
#2861 = PLANE('',#2862);
#2862 = AXIS2_PLACEMENT_3D('',#2863,#2864,#2865);
#2863 = CARTESIAN_POINT('',(145.,-5.,-13.2));
#2864 = DIRECTION('',(0.,0.,1.));
#2865 = DIRECTION('',(1.,0.,-0.));
#2866 = ADVANCED_FACE('',(#2867),#2948,.T.);
#2867 = FACE_BOUND('',#2868,.T.);
#2868 = EDGE_LOOP('',(#2869,#2879,#2888,#2897,#2906,#2915,#2924,#2933,
    #2940,#2941));
#2869 = ORIENTED_EDGE('',*,*,#2870,.T.);
#2870 = EDGE_CURVE('',#2871,#2873,#2875,.T.);
#2871 = VERTEX_POINT('',#2872);
#2872 = CARTESIAN_POINT('',(150.,-5.,-17.3));
#2873 = VERTEX_POINT('',#2874);
#2874 = CARTESIAN_POINT('',(150.,-5.,-13.3));
#2875 = LINE('',#2876,#2877);
#2876 = CARTESIAN_POINT('',(150.,-5.,-17.3));
#2877 = VECTOR('',#2878,1.);
#2878 = DIRECTION('',(0.,0.,1.));
#2879 = ORIENTED_EDGE('',*,*,#2880,.F.);
#2880 = EDGE_CURVE('',#2881,#2873,#2883,.T.);
#2881 = VERTEX_POINT('',#2882);
#2882 = CARTESIAN_POINT('',(149.77162622385,-6.493848446075,-13.3));
#2883 = CIRCLE('',#2884,5.);
#2884 = AXIS2_PLACEMENT_3D('',#2885,#2886,#2887);
#2885 = CARTESIAN_POINT('',(145.,-5.,-13.3));
#2886 = DIRECTION('',(0.,0.,1.));
#2887 = DIRECTION('',(1.,0.,-0.));
#2888 = ORIENTED_EDGE('',*,*,#2889,.F.);
#2889 = EDGE_CURVE('',#2890,#2881,#2892,.T.);
#2890 = VERTEX_POINT('',#2891);
#2891 = CARTESIAN_POINT('',(149.5,-7.17944947177,-13.3));
#2892 = CIRCLE('',#2893,5.);
#2893 = AXIS2_PLACEMENT_3D('',#2894,#2895,#2896);
#2894 = CARTESIAN_POINT('',(145.,-5.,-13.3));
#2895 = DIRECTION('',(0.,0.,1.));
#2896 = DIRECTION('',(1.,0.,-0.));
#2897 = ORIENTED_EDGE('',*,*,#2898,.F.);
#2898 = EDGE_CURVE('',#2899,#2890,#2901,.T.);
#2899 = VERTEX_POINT('',#2900);
#2900 = CARTESIAN_POINT('',(142.82055052822,-0.5,-13.3));
#2901 = CIRCLE('',#2902,5.);
#2902 = AXIS2_PLACEMENT_3D('',#2903,#2904,#2905);
#2903 = CARTESIAN_POINT('',(145.,-5.,-13.3));
#2904 = DIRECTION('',(0.,0.,1.));
#2905 = DIRECTION('',(1.,0.,-0.));
#2906 = ORIENTED_EDGE('',*,*,#2907,.F.);
#2907 = EDGE_CURVE('',#2908,#2899,#2910,.T.);
#2908 = VERTEX_POINT('',#2909);
#2909 = CARTESIAN_POINT('',(143.50615155392,-0.228373776147,-13.3));
#2910 = CIRCLE('',#2911,5.);
#2911 = AXIS2_PLACEMENT_3D('',#2912,#2913,#2914);
#2912 = CARTESIAN_POINT('',(145.,-5.,-13.3));
#2913 = DIRECTION('',(0.,0.,1.));
#2914 = DIRECTION('',(1.,0.,-0.));
#2915 = ORIENTED_EDGE('',*,*,#2916,.F.);
#2916 = EDGE_CURVE('',#2917,#2908,#2919,.T.);
#2917 = VERTEX_POINT('',#2918);
#2918 = CARTESIAN_POINT('',(147.17944947177,-0.5,-13.3));
#2919 = CIRCLE('',#2920,5.);
#2920 = AXIS2_PLACEMENT_3D('',#2921,#2922,#2923);
#2921 = CARTESIAN_POINT('',(145.,-5.,-13.3));
#2922 = DIRECTION('',(0.,0.,1.));
#2923 = DIRECTION('',(1.,0.,-0.));
#2924 = ORIENTED_EDGE('',*,*,#2925,.F.);
#2925 = EDGE_CURVE('',#2926,#2917,#2928,.T.);
#2926 = VERTEX_POINT('',#2927);
#2927 = CARTESIAN_POINT('',(149.5,-2.820550528229,-13.3));
#2928 = CIRCLE('',#2929,5.);
#2929 = AXIS2_PLACEMENT_3D('',#2930,#2931,#2932);
#2930 = CARTESIAN_POINT('',(145.,-5.,-13.3));
#2931 = DIRECTION('',(0.,0.,1.));
#2932 = DIRECTION('',(1.,0.,-0.));
#2933 = ORIENTED_EDGE('',*,*,#2934,.F.);
#2934 = EDGE_CURVE('',#2873,#2926,#2935,.T.);
#2935 = CIRCLE('',#2936,5.);
#2936 = AXIS2_PLACEMENT_3D('',#2937,#2938,#2939);
#2937 = CARTESIAN_POINT('',(145.,-5.,-13.3));
#2938 = DIRECTION('',(0.,0.,1.));
#2939 = DIRECTION('',(1.,0.,-0.));
#2940 = ORIENTED_EDGE('',*,*,#2870,.F.);
#2941 = ORIENTED_EDGE('',*,*,#2942,.T.);
#2942 = EDGE_CURVE('',#2871,#2871,#2943,.T.);
#2943 = CIRCLE('',#2944,5.);
#2944 = AXIS2_PLACEMENT_3D('',#2945,#2946,#2947);
#2945 = CARTESIAN_POINT('',(145.,-5.,-17.3));
#2946 = DIRECTION('',(0.,0.,1.));
#2947 = DIRECTION('',(1.,0.,-0.));
#2948 = CYLINDRICAL_SURFACE('',#2949,5.);
#2949 = AXIS2_PLACEMENT_3D('',#2950,#2951,#2952);
#2950 = CARTESIAN_POINT('',(145.,-5.,-17.3));
#2951 = DIRECTION('',(0.,0.,1.));
#2952 = DIRECTION('',(1.,0.,-0.));
#2953 = ADVANCED_FACE('',(#2954,#2957),#2968,.F.);
#2954 = FACE_BOUND('',#2955,.F.);
#2955 = EDGE_LOOP('',(#2956));
#2956 = ORIENTED_EDGE('',*,*,#2942,.T.);
#2957 = FACE_BOUND('',#2958,.F.);
#2958 = EDGE_LOOP('',(#2959));
#2959 = ORIENTED_EDGE('',*,*,#2960,.F.);
#2960 = EDGE_CURVE('',#2961,#2961,#2963,.T.);
#2961 = VERTEX_POINT('',#2962);
#2962 = CARTESIAN_POINT('',(146.7,-5.,-17.3));
#2963 = CIRCLE('',#2964,1.7);
#2964 = AXIS2_PLACEMENT_3D('',#2965,#2966,#2967);
#2965 = CARTESIAN_POINT('',(145.,-5.,-17.3));
#2966 = DIRECTION('',(0.,0.,1.));
#2967 = DIRECTION('',(1.,0.,-0.));
#2968 = PLANE('',#2969);
#2969 = AXIS2_PLACEMENT_3D('',#2970,#2971,#2972);
#2970 = CARTESIAN_POINT('',(145.,-5.,-17.3));
#2971 = DIRECTION('',(0.,0.,1.));
#2972 = DIRECTION('',(1.,0.,-0.));
#2973 = ADVANCED_FACE('',(#2974),#2985,.F.);
#2974 = FACE_BOUND('',#2975,.F.);
#2975 = EDGE_LOOP('',(#2976,#2977,#2983,#2984));
#2976 = ORIENTED_EDGE('',*,*,#2853,.F.);
#2977 = ORIENTED_EDGE('',*,*,#2978,.F.);
#2978 = EDGE_CURVE('',#2961,#2854,#2979,.T.);
#2979 = LINE('',#2980,#2981);
#2980 = CARTESIAN_POINT('',(146.7,-5.,-17.3));
#2981 = VECTOR('',#2982,1.);
#2982 = DIRECTION('',(0.,0.,1.));
#2983 = ORIENTED_EDGE('',*,*,#2960,.T.);
#2984 = ORIENTED_EDGE('',*,*,#2978,.T.);
#2985 = CYLINDRICAL_SURFACE('',#2986,1.7);
#2986 = AXIS2_PLACEMENT_3D('',#2987,#2988,#2989);
#2987 = CARTESIAN_POINT('',(145.,-5.,-17.3));
#2988 = DIRECTION('',(0.,0.,1.));
#2989 = DIRECTION('',(1.,0.,-0.));
#2990 = ADVANCED_FACE('',(#2991,#3001,#3010,#3015,#3024),#3029,.T.);
#2991 = FACE_BOUND('',#2992,.T.);
#2992 = EDGE_LOOP('',(#2993,#2994,#2995,#2996,#2997,#2998,#2999,#3000));
#2993 = ORIENTED_EDGE('',*,*,#40,.F.);
#2994 = ORIENTED_EDGE('',*,*,#400,.T.);
#2995 = ORIENTED_EDGE('',*,*,#698,.F.);
#2996 = ORIENTED_EDGE('',*,*,#990,.T.);
#2997 = ORIENTED_EDGE('',*,*,#1029,.F.);
#2998 = ORIENTED_EDGE('',*,*,#923,.F.);
#2999 = ORIENTED_EDGE('',*,*,#569,.F.);
#3000 = ORIENTED_EDGE('',*,*,#63,.F.);
#3001 = FACE_BOUND('',#3002,.T.);
#3002 = EDGE_LOOP('',(#3003,#3004,#3005,#3006,#3007,#3008,#3009));
#3003 = ORIENTED_EDGE('',*,*,#1779,.T.);
#3004 = ORIENTED_EDGE('',*,*,#1770,.T.);
#3005 = ORIENTED_EDGE('',*,*,#1824,.T.);
#3006 = ORIENTED_EDGE('',*,*,#1815,.T.);
#3007 = ORIENTED_EDGE('',*,*,#1806,.T.);
#3008 = ORIENTED_EDGE('',*,*,#1797,.T.);
#3009 = ORIENTED_EDGE('',*,*,#1788,.T.);
#3010 = FACE_BOUND('',#3011,.T.);
#3011 = EDGE_LOOP('',(#3012,#3013,#3014));
#3012 = ORIENTED_EDGE('',*,*,#1393,.T.);
#3013 = ORIENTED_EDGE('',*,*,#1384,.T.);
#3014 = ORIENTED_EDGE('',*,*,#1402,.T.);
#3015 = FACE_BOUND('',#3016,.T.);
#3016 = EDGE_LOOP('',(#3017,#3018,#3019,#3020,#3021,#3022,#3023));
#3017 = ORIENTED_EDGE('',*,*,#2907,.T.);
#3018 = ORIENTED_EDGE('',*,*,#2898,.T.);
#3019 = ORIENTED_EDGE('',*,*,#2889,.T.);
#3020 = ORIENTED_EDGE('',*,*,#2880,.T.);
#3021 = ORIENTED_EDGE('',*,*,#2934,.T.);
#3022 = ORIENTED_EDGE('',*,*,#2925,.T.);
#3023 = ORIENTED_EDGE('',*,*,#2916,.T.);
#3024 = FACE_BOUND('',#3025,.T.);
#3025 = EDGE_LOOP('',(#3026,#3027,#3028));
#3026 = ORIENTED_EDGE('',*,*,#2492,.T.);
#3027 = ORIENTED_EDGE('',*,*,#2510,.T.);
#3028 = ORIENTED_EDGE('',*,*,#2501,.T.);
#3029 = PLANE('',#3030);
#3030 = AXIS2_PLACEMENT_3D('',#3031,#3032,#3033);
#3031 = CARTESIAN_POINT('',(75.,-51.,-13.3));
#3032 = DIRECTION('',(-0.,-0.,-1.));
#3033 = DIRECTION('',(-1.,0.,0.));
#3034 = ADVANCED_FACE('',(#3035),#3053,.F.);
#3035 = FACE_BOUND('',#3036,.T.);
#3036 = EDGE_LOOP('',(#3037,#3038,#3046,#3052));
#3037 = ORIENTED_EDGE('',*,*,#1248,.T.);
#3038 = ORIENTED_EDGE('',*,*,#3039,.T.);
#3039 = EDGE_CURVE('',#1249,#3040,#3042,.T.);
#3040 = VERTEX_POINT('',#3041);
#3041 = CARTESIAN_POINT('',(14.,-16.5,-2.5));
#3042 = LINE('',#3043,#3044);
#3043 = CARTESIAN_POINT('',(14.,-78.5,-2.5));
#3044 = VECTOR('',#3045,1.);
#3045 = DIRECTION('',(-0.,1.,0.));
#3046 = ORIENTED_EDGE('',*,*,#3047,.F.);
#3047 = EDGE_CURVE('',#1106,#3040,#3048,.T.);
#3048 = LINE('',#3049,#3050);
#3049 = CARTESIAN_POINT('',(14.,-16.5,-10.8));
#3050 = VECTOR('',#3051,1.);
#3051 = DIRECTION('',(0.,0.,1.));
#3052 = ORIENTED_EDGE('',*,*,#1105,.F.);
#3053 = PLANE('',#3054);
#3054 = AXIS2_PLACEMENT_3D('',#3055,#3056,#3057);
#3055 = CARTESIAN_POINT('',(14.,-78.5,-10.8));
#3056 = DIRECTION('',(1.,0.,-0.));
#3057 = DIRECTION('',(0.,0.,1.));
#3058 = ADVANCED_FACE('',(#3059),#3077,.T.);
#3059 = FACE_BOUND('',#3060,.T.);
#3060 = EDGE_LOOP('',(#3061,#3062,#3063,#3071));
#3061 = ORIENTED_EDGE('',*,*,#1113,.F.);
#3062 = ORIENTED_EDGE('',*,*,#3047,.T.);
#3063 = ORIENTED_EDGE('',*,*,#3064,.T.);
#3064 = EDGE_CURVE('',#3040,#3065,#3067,.T.);
#3065 = VERTEX_POINT('',#3066);
#3066 = CARTESIAN_POINT('',(66.,-16.5,-2.5));
#3067 = LINE('',#3068,#3069);
#3068 = CARTESIAN_POINT('',(14.,-16.5,-2.5));
#3069 = VECTOR('',#3070,1.);
#3070 = DIRECTION('',(1.,0.,-0.));
#3071 = ORIENTED_EDGE('',*,*,#3072,.F.);
#3072 = EDGE_CURVE('',#1114,#3065,#3073,.T.);
#3073 = LINE('',#3074,#3075);
#3074 = CARTESIAN_POINT('',(66.,-16.5,-10.8));
#3075 = VECTOR('',#3076,1.);
#3076 = DIRECTION('',(0.,0.,1.));
#3077 = PLANE('',#3078);
#3078 = AXIS2_PLACEMENT_3D('',#3079,#3080,#3081);
#3079 = CARTESIAN_POINT('',(40.,-16.5,-6.65));
#3080 = DIRECTION('',(0.,1.,0.));
#3081 = DIRECTION('',(0.,-0.,1.));
#3082 = ADVANCED_FACE('',(#3083),#3094,.T.);
#3083 = FACE_BOUND('',#3084,.T.);
#3084 = EDGE_LOOP('',(#3085,#3086,#3087,#3088));
#3085 = ORIENTED_EDGE('',*,*,#1360,.F.);
#3086 = ORIENTED_EDGE('',*,*,#1121,.T.);
#3087 = ORIENTED_EDGE('',*,*,#3072,.T.);
#3088 = ORIENTED_EDGE('',*,*,#3089,.F.);
#3089 = EDGE_CURVE('',#1353,#3065,#3090,.T.);
#3090 = LINE('',#3091,#3092);
#3091 = CARTESIAN_POINT('',(66.,-78.5,-2.5));
#3092 = VECTOR('',#3093,1.);
#3093 = DIRECTION('',(-0.,1.,0.));
#3094 = PLANE('',#3095);
#3095 = AXIS2_PLACEMENT_3D('',#3096,#3097,#3098);
#3096 = CARTESIAN_POINT('',(66.,-78.5,-10.8));
#3097 = DIRECTION('',(1.,0.,-0.));
#3098 = DIRECTION('',(0.,0.,1.));
#3099 = ADVANCED_FACE('',(#3100),#3110,.T.);
#3100 = FACE_BOUND('',#3101,.T.);
#3101 = EDGE_LOOP('',(#3102,#3103,#3104,#3105,#3106,#3107,#3108,#3109));
#3102 = ORIENTED_EDGE('',*,*,#3039,.F.);
#3103 = ORIENTED_EDGE('',*,*,#1256,.T.);
#3104 = ORIENTED_EDGE('',*,*,#1288,.T.);
#3105 = ORIENTED_EDGE('',*,*,#1304,.T.);
#3106 = ORIENTED_EDGE('',*,*,#1336,.F.);
#3107 = ORIENTED_EDGE('',*,*,#1352,.T.);
#3108 = ORIENTED_EDGE('',*,*,#3089,.T.);
#3109 = ORIENTED_EDGE('',*,*,#3064,.F.);
#3110 = PLANE('',#3111);
#3111 = AXIS2_PLACEMENT_3D('',#3112,#3113,#3114);
#3112 = CARTESIAN_POINT('',(40.,-38.96,-2.5));
#3113 = DIRECTION('',(0.,0.,1.));
#3114 = DIRECTION('',(1.,0.,-0.));
#3115 = ( GEOMETRIC_REPRESENTATION_CONTEXT(3) 
GLOBAL_UNCERTAINTY_ASSIGNED_CONTEXT((#3119)) 
GLOBAL_UNIT_ASSIGNED_CONTEXT((#3116,#3117,#3118)) REPRESENTATION_CONTEXT
('Context #1','3D Context with UNIT and UNCERTAINTY') );
#3116 = ( LENGTH_UNIT() NAMED_UNIT(*) SI_UNIT(.MILLI.,.METRE.) );
#3117 = ( NAMED_UNIT(*) PLANE_ANGLE_UNIT() SI_UNIT($,.RADIAN.) );
#3118 = ( NAMED_UNIT(*) SI_UNIT($,.STERADIAN.) SOLID_ANGLE_UNIT() );
#3119 = UNCERTAINTY_MEASURE_WITH_UNIT(LENGTH_MEASURE(1.E-07),#3116,
  'distance_accuracy_value','confusion accuracy');
#3120 = PRODUCT_RELATED_PRODUCT_CATEGORY('part',$,(#7));
ENDSEC;
END-ISO-10303-21;
