solid 
 facet normal  0.000000e+00  0.000000e+00  1.000000e+00
   outer loop
     vertex -1.586836e+00 -1.664918e+00  1.250000e+01
     vertex -1.631914e+00 -1.620758e+00  1.250000e+01
     vertex -2.128583e+00 -2.114032e+00  1.250000e+01
   endloop
 endfacet
 facet normal  0.000000e+00  0.000000e+00  1.000000e+00
   outer loop
     vertex -1.586836e+00 -1.664918e+00  1.250000e+01
     vertex -2.128583e+00 -2.114032e+00  1.250000e+01
     vertex -2.069786e+00 -2.171632e+00  1.250000e+01
   endloop
 endfacet
 facet normal  0.000000e+00  0.000000e+00  1.000000e+00
   outer loop
     vertex -1.675764e+00 -1.575378e+00  1.250000e+01
     vertex -2.128583e+00 -2.114032e+00  1.250000e+01
     vertex -1.631914e+00 -1.620758e+00  1.250000e+01
   endloop
 endfacet
 facet normal  0.000000e+00  0.000000e+00  1.000000e+00
   outer loop
     vertex -1.675764e+00 -1.575378e+00  1.250000e+01
     vertex -2.185779e+00 -2.054841e+00  1.250000e+01
     vertex -2.128583e+00 -2.114032e+00  1.250000e+01
   endloop
 endfacet
 facet normal  0.000000e+00  0.000000e+00  1.000000e+00
   outer loop
     vertex -1.540563e+00 -1.707825e+00  1.250000e+01
     vertex -2.069786e+00 -2.171632e+00  1.250000e+01
     vertex -2.009430e+00 -2.227598e+00  1.250000e+01
   endloop
 endfacet
 facet normal  0.000000e+00  0.000000e+00  1.000000e+00
   outer loop
     vertex -1.540563e+00 -1.707825e+00  1.250000e+01
     vertex -1.586836e+00 -1.664918e+00  1.250000e+01
     vertex -2.069786e+00 -2.171632e+00  1.250000e+01
   endloop
 endfacet
 facet normal  0.000000e+00  0.000000e+00  1.000000e+00
   outer loop
     vertex -1.718352e+00 -1.528812e+00  1.250000e+01
     vertex -2.241329e+00 -1.994103e+00  1.250000e+01
     vertex -2.185779e+00 -2.054841e+00  1.250000e+01
   endloop
 endfacet
 facet normal  0.000000e+00  0.000000e+00  1.000000e+00
   outer loop
     vertex -1.718352e+00 -1.528812e+00  1.250000e+01
     vertex -2.185779e+00 -2.054841e+00  1.250000e+01
     vertex -1.675764e+00 -1.575378e+00  1.250000e+01
   endloop
 endfacet
 facet normal  0.000000e+00  0.000000e+00  1.000000e+00
   outer loop
     vertex -1.493131e+00 -1.749446e+00  1.250000e+01
     vertex -2.009430e+00 -2.227598e+00  1.250000e+01
     vertex -1.947562e+00 -2.281886e+00  1.250000e+01
   endloop
 endfacet
 facet normal  0.000000e+00  0.000000e+00  1.000000e+00
   outer loop
     vertex -1.493131e+00 -1.749446e+00  1.250000e+01
     vertex -1.540563e+00 -1.707825e+00  1.250000e+01
     vertex -2.009430e+00 -2.227598e+00  1.250000e+01
   endloop
 endfacet
 facet normal  0.000000e+00  0.000000e+00  1.000000e+00
   outer loop
     vertex -1.759647e+00 -1.481095e+00  1.250000e+01
     vertex -2.295191e+00 -1.931864e+00  1.250000e+01
     vertex -2.241329e+00 -1.994103e+00  1.250000e+01
   endloop
 endfacet
 facet normal  0.000000e+00  0.000000e+00  1.000000e+00
   outer loop
     vertex -1.759647e+00 -1.481095e+00  1.250000e+01
     vertex -2.241329e+00 -1.994103e+00  1.250000e+01
     vertex -1.718352e+00 -1.528812e+00  1.250000e+01
   endloop
 endfacet
 facet normal  0.000000e+00  0.000000e+00  1.000000e+00
   outer loop
     vertex -1.444574e+00 -1.789750e+00  1.250000e+01
     vertex -1.947562e+00 -2.281886e+00  1.250000e+01
     vertex -1.884227e+00 -2.334457e+00  1.250000e+01
   endloop
 endfacet
 facet normal  0.000000e+00  0.000000e+00  1.000000e+00
   outer loop
     vertex -1.444574e+00 -1.789750e+00  1.250000e+01
     vertex -1.493131e+00 -1.749446e+00  1.250000e+01
     vertex -1.947562e+00 -2.281886e+00  1.250000e+01
   endloop
 endfacet
 facet normal  0.000000e+00  0.000000e+00  1.000000e+00
   outer loop
     vertex -1.799617e+00 -1.432264e+00  1.250000e+01
     vertex -2.295191e+00 -1.931864e+00  1.250000e+01
     vertex -1.759647e+00 -1.481095e+00  1.250000e+01
   endloop
 endfacet
 facet normal  0.000000e+00  0.000000e+00  1.000000e+00
   outer loop
     vertex -1.799617e+00 -1.432264e+00  1.250000e+01
     vertex -2.347326e+00 -1.868170e+00  1.250000e+01
     vertex -2.295191e+00 -1.931864e+00  1.250000e+01
   endloop
 endfacet
 facet normal  0.000000e+00  0.000000e+00  1.000000e+00
   outer loop
     vertex -1.394930e+00 -1.828707e+00  1.250000e+01
     vertex -1.444574e+00 -1.789750e+00  1.250000e+01
     vertex -1.884227e+00 -2.334457e+00  1.250000e+01
   endloop
 endfacet
 facet normal  0.000000e+00  0.000000e+00  1.000000e+00
   outer loop
     vertex -1.394930e+00 -1.828707e+00  1.250000e+01
     vertex -1.884227e+00 -2.334457e+00  1.250000e+01
     vertex -1.819474e+00 -2.385270e+00  1.250000e+01
   endloop
 endfacet
 facet normal  0.000000e+00  0.000000e+00  1.000000e+00
   outer loop
     vertex -1.838232e+00 -1.382354e+00  1.250000e+01
     vertex -2.347326e+00 -1.868170e+00  1.250000e+01
     vertex -1.799617e+00 -1.432264e+00  1.250000e+01
   endloop
 endfacet
 facet normal  0.000000e+00  0.000000e+00  1.000000e+00
   outer loop
     vertex -1.838232e+00 -1.382354e+00  1.250000e+01
     vertex -2.397694e+00 -1.803070e+00  1.250000e+01
     vertex -2.347326e+00 -1.868170e+00  1.250000e+01
   endloop
 endfacet
 facet normal  0.000000e+00  0.000000e+00  1.000000e+00
   outer loop
     vertex -1.344237e+00 -1.866287e+00  1.250000e+01
     vertex -1.819474e+00 -2.385270e+00  1.250000e+01
     vertex -1.753352e+00 -2.434288e+00  1.250000e+01
   endloop
 endfacet
 facet normal  0.000000e+00  0.000000e+00  1.000000e+00
   outer loop
     vertex -1.344237e+00 -1.866287e+00  1.250000e+01
     vertex -1.394930e+00 -1.828707e+00  1.250000e+01
     vertex -1.819474e+00 -2.385270e+00  1.250000e+01
   endloop
 endfacet
 facet normal  0.000000e+00  0.000000e+00  1.000000e+00
   outer loop
     vertex -1.875464e+00 -1.331403e+00  1.250000e+01
     vertex -2.397694e+00 -1.803070e+00  1.250000e+01
     vertex -1.838232e+00 -1.382354e+00  1.250000e+01
   endloop
 endfacet
 facet normal  0.000000e+00  0.000000e+00  1.000000e+00
   outer loop
     vertex -1.875464e+00 -1.331403e+00  1.250000e+01
     vertex -2.446257e+00 -1.736613e+00  1.250000e+01
     vertex -2.397694e+00 -1.803070e+00  1.250000e+01
   endloop
 endfacet
 facet normal  0.000000e+00  0.000000e+00  1.000000e+00
   outer loop
     vertex -1.292531e+00 -1.902463e+00  1.250000e+01
     vertex -1.753352e+00 -2.434288e+00  1.250000e+01
     vertex -1.685910e+00 -2.481473e+00  1.250000e+01
   endloop
 endfacet
 facet normal  0.000000e+00  0.000000e+00  1.000000e+00
   outer loop
     vertex -1.292531e+00 -1.902463e+00  1.250000e+01
     vertex -1.344237e+00 -1.866287e+00  1.250000e+01
     vertex -1.753352e+00 -2.434288e+00  1.250000e+01
   endloop
 endfacet
 facet normal  0.000000e+00  0.000000e+00  1.000000e+00
   outer loop
     vertex -1.911284e+00 -1.279451e+00  1.250000e+01
     vertex -2.446257e+00 -1.736613e+00  1.250000e+01
     vertex -1.875464e+00 -1.331403e+00  1.250000e+01
   endloop
 endfacet
 facet normal  0.000000e+00  0.000000e+00  1.000000e+00
   outer loop
     vertex -1.911284e+00 -1.279451e+00  1.250000e+01
     vertex -2.492979e+00 -1.668849e+00  1.250000e+01
     vertex -2.446257e+00 -1.736613e+00  1.250000e+01
   endloop
 endfacet
 facet normal  0.000000e+00  0.000000e+00  1.000000e+00
   outer loop
     vertex -1.239852e+00 -1.937206e+00  1.250000e+01
     vertex -1.685910e+00 -2.481473e+00  1.250000e+01
     vertex -1.617198e+00 -2.526790e+00  1.250000e+01
   endloop
 endfacet
 facet normal  0.000000e+00  0.000000e+00  1.000000e+00
   outer loop
     vertex -1.239852e+00 -1.937206e+00  1.250000e+01
     vertex -1.292531e+00 -1.902463e+00  1.250000e+01
     vertex -1.685910e+00 -2.481473e+00  1.250000e+01
   endloop
 endfacet
 facet normal  0.000000e+00  0.000000e+00  1.000000e+00
   outer loop
     vertex -1.945665e+00 -1.226535e+00  1.250000e+01
     vertex -2.537824e+00 -1.599828e+00  1.250000e+01
     vertex -2.492979e+00 -1.668849e+00  1.250000e+01
   endloop
 endfacet
 facet normal  0.000000e+00  0.000000e+00  1.000000e+00
   outer loop
     vertex -1.945665e+00 -1.226535e+00  1.250000e+01
     vertex -2.492979e+00 -1.668849e+00  1.250000e+01
     vertex -1.911284e+00 -1.279451e+00  1.250000e+01
   endloop
 endfacet
 facet normal  0.000000e+00  0.000000e+00  1.000000e+00
   outer loop
     vertex -1.186240e+00 -1.970491e+00  1.250000e+01
     vertex -1.617198e+00 -2.526790e+00  1.250000e+01
     vertex -1.547270e+00 -2.570206e+00  1.250000e+01
   endloop
 endfacet
 facet normal  0.000000e+00  0.000000e+00  1.000000e+00
   outer loop
     vertex -1.186240e+00 -1.970491e+00  1.250000e+01
     vertex -1.239852e+00 -1.937206e+00  1.250000e+01
     vertex -1.617198e+00 -2.526790e+00  1.250000e+01
   endloop
 endfacet
 facet normal  0.000000e+00  0.000000e+00  1.000000e+00
   outer loop
     vertex -1.978581e+00 -1.172696e+00  1.250000e+01
     vertex -2.580758e+00 -1.529603e+00  1.250000e+01
     vertex -2.537824e+00 -1.599828e+00  1.250000e+01
   endloop
 endfacet
 facet normal  0.000000e+00  0.000000e+00  1.000000e+00
   outer loop
     vertex -1.978581e+00 -1.172696e+00  1.250000e+01
     vertex -2.537824e+00 -1.599828e+00  1.250000e+01
     vertex -1.945665e+00 -1.226535e+00  1.250000e+01
   endloop
 endfacet
 facet normal  0.000000e+00  0.000000e+00  1.000000e+00
   outer loop
     vertex -1.131735e+00 -2.002293e+00  1.250000e+01
     vertex -1.547270e+00 -2.570206e+00  1.250000e+01
     vertex -1.476176e+00 -2.611686e+00  1.250000e+01
   endloop
 endfacet
 facet normal  0.000000e+00  0.000000e+00  1.000000e+00
   outer loop
     vertex -1.131735e+00 -2.002293e+00  1.250000e+01
     vertex -1.186240e+00 -1.970491e+00  1.250000e+01
     vertex -1.547270e+00 -2.570206e+00  1.250000e+01
   endloop
 endfacet
 facet normal  0.000000e+00  0.000000e+00  1.000000e+00
   outer loop
     vertex -2.010009e+00 -1.117974e+00  1.250000e+01
     vertex -2.660769e+00 -1.385753e+00  1.250000e+01
     vertex -2.621750e+00 -1.458227e+00  1.250000e+01
   endloop
 endfacet
 facet normal  0.000000e+00  0.000000e+00  1.000000e+00
   outer loop
     vertex -2.010009e+00 -1.117974e+00  1.250000e+01
     vertex -2.621750e+00 -1.458227e+00  1.250000e+01
     vertex -2.580758e+00 -1.529603e+00  1.250000e+01
   endloop
 endfacet
 facet normal  0.000000e+00  0.000000e+00  1.000000e+00
   outer loop
     vertex -2.010009e+00 -1.117974e+00  1.250000e+01
     vertex -2.580758e+00 -1.529603e+00  1.250000e+01
     vertex -1.978581e+00 -1.172696e+00  1.250000e+01
   endloop
 endfacet
 facet normal  0.000000e+00  0.000000e+00  1.000000e+00
   outer loop
     vertex -1.076378e+00 -2.032587e+00  1.250000e+01
     vertex -1.476176e+00 -2.611686e+00  1.250000e+01
     vertex -1.403971e+00 -2.651201e+00  1.250000e+01
   endloop
 endfacet
 facet normal  0.000000e+00  0.000000e+00  1.000000e+00
   outer loop
     vertex -1.076378e+00 -2.032587e+00  1.250000e+01
     vertex -1.131735e+00 -2.002293e+00  1.250000e+01
     vertex -1.476176e+00 -2.611686e+00  1.250000e+01
   endloop
 endfacet
 facet normal  0.000000e+00  0.000000e+00  1.000000e+00
   outer loop
     vertex -2.039923e+00 -1.062411e+00  1.250000e+01
     vertex -2.660769e+00 -1.385753e+00  1.250000e+01
     vertex -2.010009e+00 -1.117974e+00  1.250000e+01
   endloop
 endfacet
 facet normal  0.000000e+00  0.000000e+00  1.000000e+00
   outer loop
     vertex -1.020211e+00 -2.061351e+00  1.250000e+01
     vertex -1.076378e+00 -2.032587e+00  1.250000e+01
     vertex -1.403971e+00 -2.651201e+00  1.250000e+01
   endloop
 endfacet
 facet normal  0.000000e+00  0.000000e+00  1.000000e+00
   outer loop
     vertex -1.020211e+00 -2.061351e+00  1.250000e+01
     vertex -1.403971e+00 -2.651201e+00  1.250000e+01
     vertex -1.330710e+00 -2.688719e+00  1.250000e+01
   endloop
 endfacet
 facet normal  0.000000e+00  0.000000e+00  1.000000e+00
   outer loop
     vertex -1.020211e+00 -2.061351e+00  1.250000e+01
     vertex -1.330710e+00 -2.688719e+00  1.250000e+01
     vertex -1.256446e+00 -2.724214e+00  1.250000e+01
   endloop
 endfacet
 facet normal  0.000000e+00  0.000000e+00  1.000000e+00
   outer loop
     vertex -2.068301e+00 -1.006047e+00  1.250000e+01
     vertex -2.732768e+00 -1.237731e+00  1.250000e+01
     vertex -2.697784e+00 -1.312236e+00  1.250000e+01
   endloop
 endfacet
 facet normal  0.000000e+00  0.000000e+00  1.000000e+00
   outer loop
     vertex -2.068301e+00 -1.006047e+00  1.250000e+01
     vertex -2.697784e+00 -1.312236e+00  1.250000e+01
     vertex -2.660769e+00 -1.385753e+00  1.250000e+01
   endloop
 endfacet
 facet normal  0.000000e+00  0.000000e+00  1.000000e+00
   outer loop
     vertex -2.068301e+00 -1.006047e+00  1.250000e+01
     vertex -2.660769e+00 -1.385753e+00  1.250000e+01
     vertex -2.039923e+00 -1.062411e+00  1.250000e+01
   endloop
 endfacet
 facet normal  0.000000e+00  0.000000e+00  1.000000e+00
   outer loop
     vertex -9.632756e-01 -2.088564e+00  1.250000e+01
     vertex -1.256446e+00 -2.724214e+00  1.250000e+01
     vertex -1.181237e+00 -2.757658e+00  1.250000e+01
   endloop
 endfacet
 facet normal  0.000000e+00  0.000000e+00  1.000000e+00
   outer loop
     vertex -9.632756e-01 -2.088564e+00  1.250000e+01
     vertex -1.020211e+00 -2.061351e+00  1.250000e+01
     vertex -1.256446e+00 -2.724214e+00  1.250000e+01
   endloop
 endfacet
 facet normal  0.000000e+00  0.000000e+00  1.000000e+00
   outer loop
     vertex -2.095122e+00 -9.489268e-01  1.250000e+01
     vertex -2.765696e+00 -1.162294e+00  1.250000e+01
     vertex -2.732768e+00 -1.237731e+00  1.250000e+01
   endloop
 endfacet
 facet normal  0.000000e+00  0.000000e+00  1.000000e+00
   outer loop
     vertex -2.095122e+00 -9.489268e-01  1.250000e+01
     vertex -2.732768e+00 -1.237731e+00  1.250000e+01
     vertex -2.068301e+00 -1.006047e+00  1.250000e+01
   endloop
 endfacet
 facet normal  0.000000e+00  0.000000e+00  1.000000e+00
   outer loop
     vertex -9.056152e-01 -2.114205e+00  1.250000e+01
     vertex -9.632756e-01 -2.088564e+00  1.250000e+01
     vertex -1.181237e+00 -2.757658e+00  1.250000e+01
   endloop
 endfacet
 facet normal  0.000000e+00  0.000000e+00  1.000000e+00
   outer loop
     vertex -2.120367e+00 -8.910919e-01  1.250000e+01
     vertex -2.765696e+00 -1.162294e+00  1.250000e+01
     vertex -2.095122e+00 -9.489268e-01  1.250000e+01
   endloop
 endfacet
 facet normal  0.000000e+00  0.000000e+00  1.000000e+00
   outer loop
     vertex -8.472732e-01 -2.138254e+00  1.250000e+01
     vertex -9.056152e-01 -2.114205e+00  1.250000e+01
     vertex -1.181237e+00 -2.757658e+00  1.250000e+01
   endloop
 endfacet
 facet normal  0.000000e+00  0.000000e+00  1.000000e+00
   outer loop
     vertex -8.472732e-01 -2.138254e+00  1.250000e+01
     vertex -1.181237e+00 -2.757658e+00  1.250000e+01
     vertex -1.105139e+00 -2.789026e+00  1.250000e+01
   endloop
 endfacet
 facet normal  0.000000e+00  0.000000e+00  1.000000e+00
   outer loop
     vertex -2.144015e+00 -8.325863e-01  1.250000e+01
     vertex -2.765696e+00 -1.162294e+00  1.250000e+01
     vertex -2.120367e+00 -8.910919e-01  1.250000e+01
   endloop
 endfacet
 facet normal  0.000000e+00  0.000000e+00  1.000000e+00
   outer loop
     vertex -2.144015e+00 -8.325863e-01  1.250000e+01
     vertex -2.796541e+00 -1.085982e+00  1.250000e+01
     vertex -2.765696e+00 -1.162294e+00  1.250000e+01
   endloop
 endfacet
 facet normal  0.000000e+00  0.000000e+00  1.000000e+00
   outer loop
     vertex -7.882933e-01 -2.160693e+00  1.250000e+01
     vertex -1.105139e+00 -2.789026e+00  1.250000e+01
     vertex -1.028209e+00 -2.818295e+00  1.250000e+01
   endloop
 endfacet
 facet normal  0.000000e+00  0.000000e+00  1.000000e+00
   outer loop
     vertex -7.882933e-01 -2.160693e+00  1.250000e+01
     vertex -8.472732e-01 -2.138254e+00  1.250000e+01
     vertex -1.105139e+00 -2.789026e+00  1.250000e+01
   endloop
 endfacet
 facet normal  0.000000e+00  0.000000e+00  1.000000e+00
   outer loop
     vertex -2.166049e+00 -7.734539e-01  1.250000e+01
     vertex -2.825282e+00 -1.008853e+00  1.250000e+01
     vertex -2.796541e+00 -1.085982e+00  1.250000e+01
   endloop
 endfacet
 facet normal  0.000000e+00  0.000000e+00  1.000000e+00
   outer loop
     vertex -2.166049e+00 -7.734539e-01  1.250000e+01
     vertex -2.796541e+00 -1.085982e+00  1.250000e+01
     vertex -2.144015e+00 -8.325863e-01  1.250000e+01
   endloop
 endfacet
 facet normal  0.000000e+00  0.000000e+00  1.000000e+00
   outer loop
     vertex -7.287201e-01 -2.181506e+00  1.250000e+01
     vertex -1.028209e+00 -2.818295e+00  1.250000e+01
     vertex -9.505045e-01 -2.845442e+00  1.250000e+01
   endloop
 endfacet
 facet normal  0.000000e+00  0.000000e+00  1.000000e+00
   outer loop
     vertex -7.287201e-01 -2.181506e+00  1.250000e+01
     vertex -7.882933e-01 -2.160693e+00  1.250000e+01
     vertex -1.028209e+00 -2.818295e+00  1.250000e+01
   endloop
 endfacet
 facet normal  0.000000e+00  0.000000e+00  1.000000e+00
   outer loop
     vertex -2.186453e+00 -7.137393e-01  1.250000e+01
     vertex -2.876362e+00 -8.523749e-01  1.250000e+01
     vertex -2.851895e+00 -9.309643e-01  1.250000e+01
   endloop
 endfacet
 facet normal  0.000000e+00  0.000000e+00  1.000000e+00
   outer loop
     vertex -2.186453e+00 -7.137393e-01  1.250000e+01
     vertex -2.851895e+00 -9.309643e-01  1.250000e+01
     vertex -2.825282e+00 -1.008853e+00  1.250000e+01
   endloop
 endfacet
 facet normal  0.000000e+00  0.000000e+00  1.000000e+00
   outer loop
     vertex -2.186453e+00 -7.137393e-01  1.250000e+01
     vertex -2.825282e+00 -1.008853e+00  1.250000e+01
     vertex -2.166049e+00 -7.734539e-01  1.250000e+01
   endloop
 endfacet
 facet normal  0.000000e+00  0.000000e+00  1.000000e+00
   outer loop
     vertex -6.685983e-01 -2.200676e+00  1.250000e+01
     vertex -7.287201e-01 -2.181506e+00  1.250000e+01
     vertex -9.505045e-01 -2.845442e+00  1.250000e+01
   endloop
 endfacet
 facet normal  0.000000e+00  0.000000e+00  1.000000e+00
   outer loop
     vertex -6.685983e-01 -2.200676e+00  1.250000e+01
     vertex -9.505045e-01 -2.845442e+00  1.250000e+01
     vertex -8.720847e-01 -2.870447e+00  1.250000e+01
   endloop
 endfacet
 facet normal  0.000000e+00  0.000000e+00  1.000000e+00
   outer loop
     vertex -2.205211e+00 -6.534874e-01  1.250000e+01
     vertex -2.876362e+00 -8.523749e-01  1.250000e+01
     vertex -2.186453e+00 -7.137393e-01  1.250000e+01
   endloop
 endfacet
 facet normal  0.000000e+00  0.000000e+00  1.000000e+00
   outer loop
     vertex -6.079732e-01 -2.218190e+00  1.250000e+01
     vertex -6.685983e-01 -2.200676e+00  1.250000e+01
     vertex -8.720847e-01 -2.870447e+00  1.250000e+01
   endloop
 endfacet
 facet normal  0.000000e+00  0.000000e+00  1.000000e+00
   outer loop
     vertex -6.079732e-01 -2.218190e+00  1.250000e+01
     vertex -8.720847e-01 -2.870447e+00  1.250000e+01
     vertex -7.930085e-01 -2.893292e+00  1.250000e+01
   endloop
 endfacet
 facet normal  0.000000e+00  0.000000e+00  1.000000e+00
   outer loop
     vertex -6.079732e-01 -2.218190e+00  1.250000e+01
     vertex -7.930085e-01 -2.893292e+00  1.250000e+01
     vertex -7.133353e-01 -2.913958e+00  1.250000e+01
   endloop
 endfacet
 facet normal  0.000000e+00  0.000000e+00  1.000000e+00
   outer loop
     vertex -2.222308e+00 -5.927436e-01  1.250000e+01
     vertex -2.876362e+00 -8.523749e-01  1.250000e+01
     vertex -2.205211e+00 -6.534874e-01  1.250000e+01
   endloop
 endfacet
 facet normal  0.000000e+00  0.000000e+00  1.000000e+00
   outer loop
     vertex -2.222308e+00 -5.927436e-01  1.250000e+01
     vertex -2.898663e+00 -7.731438e-01  1.250000e+01
     vertex -2.876362e+00 -8.523749e-01  1.250000e+01
   endloop
 endfacet
 facet normal  0.000000e+00  0.000000e+00  1.000000e+00
   outer loop
     vertex -5.468904e-01 -2.234035e+00  1.250000e+01
     vertex -6.079732e-01 -2.218190e+00  1.250000e+01
     vertex -7.133353e-01 -2.913958e+00  1.250000e+01
   endloop
 endfacet
 facet normal  0.000000e+00  0.000000e+00  1.000000e+00
   outer loop
     vertex -2.237733e+00 -5.315536e-01  1.250000e+01
     vertex -2.898663e+00 -7.731438e-01  1.250000e+01
     vertex -2.222308e+00 -5.927436e-01  1.250000e+01
   endloop
 endfacet
 facet normal  0.000000e+00  0.000000e+00  1.000000e+00
   outer loop
     vertex -2.237733e+00 -5.315536e-01  1.250000e+01
     vertex -2.936705e+00 -6.129958e-01  1.250000e+01
     vertex -2.918783e+00 -6.933307e-01  1.250000e+01
   endloop
 endfacet
 facet normal  0.000000e+00  0.000000e+00  1.000000e+00
   outer loop
     vertex -2.237733e+00 -5.315536e-01  1.250000e+01
     vertex -2.918783e+00 -6.933307e-01  1.250000e+01
     vertex -2.898663e+00 -7.731438e-01  1.250000e+01
   endloop
 endfacet
 facet normal  0.000000e+00  0.000000e+00  1.000000e+00
   outer loop
     vertex -4.853959e-01 -2.248197e+00  1.250000e+01
     vertex -5.468904e-01 -2.234035e+00  1.250000e+01
     vertex -7.133353e-01 -2.913958e+00  1.250000e+01
   endloop
 endfacet
 facet normal  0.000000e+00  0.000000e+00  1.000000e+00
   outer loop
     vertex -4.853959e-01 -2.248197e+00  1.250000e+01
     vertex -7.133353e-01 -2.913958e+00  1.250000e+01
     vertex -6.331251e-01 -2.932431e+00  1.250000e+01
   endloop
 endfacet
 facet normal  0.000000e+00  0.000000e+00  1.000000e+00
   outer loop
     vertex -2.251474e+00 -4.699634e-01  1.250000e+01
     vertex -2.936705e+00 -6.129958e-01  1.250000e+01
     vertex -2.237733e+00 -5.315536e-01  1.250000e+01
   endloop
 endfacet
 facet normal  0.000000e+00  0.000000e+00  1.000000e+00
   outer loop
     vertex -4.235361e-01 -2.260667e+00  1.250000e+01
     vertex -4.853959e-01 -2.248197e+00  1.250000e+01
     vertex -6.331251e-01 -2.932431e+00  1.250000e+01
   endloop
 endfacet
 facet normal  0.000000e+00  0.000000e+00  1.000000e+00
   outer loop
     vertex -4.235361e-01 -2.260667e+00  1.250000e+01
     vertex -6.331251e-01 -2.932431e+00  1.250000e+01
     vertex -5.524384e-01 -2.948697e+00  1.250000e+01
   endloop
 endfacet
 facet normal  0.000000e+00  0.000000e+00  1.000000e+00
   outer loop
     vertex -2.263519e+00 -4.080195e-01  1.250000e+01
     vertex -2.952417e+00 -5.321993e-01  1.250000e+01
     vertex -2.936705e+00 -6.129958e-01  1.250000e+01
   endloop
 endfacet
 facet normal  0.000000e+00  0.000000e+00  1.000000e+00
   outer loop
     vertex -2.263519e+00 -4.080195e-01  1.250000e+01
     vertex -2.936705e+00 -6.129958e-01  1.250000e+01
     vertex -2.251474e+00 -4.699634e-01  1.250000e+01
   endloop
 endfacet
 facet normal  0.000000e+00  0.000000e+00  1.000000e+00
   outer loop
     vertex -3.613574e-01 -2.271436e+00  1.250000e+01
     vertex -4.235361e-01 -2.260667e+00  1.250000e+01
     vertex -5.524384e-01 -2.948697e+00  1.250000e+01
   endloop
 endfacet
 facet normal  0.000000e+00  0.000000e+00  1.000000e+00
   outer loop
     vertex -3.613574e-01 -2.271436e+00  1.250000e+01
     vertex -5.524384e-01 -2.948697e+00  1.250000e+01
     vertex -4.713358e-01 -2.962742e+00  1.250000e+01
   endloop
 endfacet
 facet normal  0.000000e+00  0.000000e+00  1.000000e+00
   outer loop
     vertex -3.613574e-01 -2.271436e+00  1.250000e+01
     vertex -4.713358e-01 -2.962742e+00  1.250000e+01
     vertex -3.898783e-01 -2.974558e+00  1.250000e+01
   endloop
 endfacet
 facet normal  0.000000e+00  0.000000e+00  1.000000e+00
   outer loop
     vertex -2.273861e+00 -3.457684e-01  1.250000e+01
     vertex -2.965906e+00 -4.510023e-01  1.250000e+01
     vertex -2.952417e+00 -5.321993e-01  1.250000e+01
   endloop
 endfacet
 facet normal  0.000000e+00  0.000000e+00  1.000000e+00
   outer loop
     vertex -2.273861e+00 -3.457684e-01  1.250000e+01
     vertex -2.952417e+00 -5.321993e-01  1.250000e+01
     vertex -2.263519e+00 -4.080195e-01  1.250000e+01
   endloop
 endfacet
 facet normal  0.000000e+00  0.000000e+00  1.000000e+00
   outer loop
     vertex -2.989067e-01 -2.280494e+00  1.250000e+01
     vertex -3.613574e-01 -2.271436e+00  1.250000e+01
     vertex -3.898783e-01 -2.974558e+00  1.250000e+01
   endloop
 endfacet
 facet normal  0.000000e+00  0.000000e+00  1.000000e+00
   outer loop
     vertex -2.989067e-01 -2.280494e+00  1.250000e+01
     vertex -3.898783e-01 -2.974558e+00  1.250000e+01
     vertex -3.081274e-01 -2.984134e+00  1.250000e+01
   endloop
 endfacet
 facet normal  0.000000e+00  0.000000e+00  1.000000e+00
   outer loop
     vertex -2.282491e+00 -2.832571e-01  1.250000e+01
     vertex -2.977162e+00 -3.694657e-01  1.250000e+01
     vertex -2.965906e+00 -4.510023e-01  1.250000e+01
   endloop
 endfacet
 facet normal  0.000000e+00  0.000000e+00  1.000000e+00
   outer loop
     vertex -2.282491e+00 -2.832571e-01  1.250000e+01
     vertex -2.965906e+00 -4.510023e-01  1.250000e+01
     vertex -2.273861e+00 -3.457684e-01  1.250000e+01
   endloop
 endfacet
 facet normal  0.000000e+00  0.000000e+00  1.000000e+00
   outer loop
     vertex -2.362310e-01 -2.287836e+00  1.250000e+01
     vertex -2.989067e-01 -2.280494e+00  1.250000e+01
     vertex -3.081274e-01 -2.984134e+00  1.250000e+01
   endloop
 endfacet
 facet normal  0.000000e+00  0.000000e+00  1.000000e+00
   outer loop
     vertex -2.289403e+00 -2.205325e-01  1.250000e+01
     vertex -2.986178e+00 -2.876511e-01  1.250000e+01
     vertex -2.977162e+00 -3.694657e-01  1.250000e+01
   endloop
 endfacet
 facet normal  0.000000e+00  0.000000e+00  1.000000e+00
   outer loop
     vertex -2.289403e+00 -2.205325e-01  1.250000e+01
     vertex -2.977162e+00 -3.694657e-01  1.250000e+01
     vertex -2.282491e+00 -2.832571e-01  1.250000e+01
   endloop
 endfacet
 facet normal  0.000000e+00  0.000000e+00  1.000000e+00
   outer loop
     vertex -1.733775e-01 -2.293456e+00  1.250000e+01
     vertex -2.362310e-01 -2.287836e+00  1.250000e+01
     vertex -3.081274e-01 -2.984134e+00  1.250000e+01
   endloop
 endfacet
 facet normal  0.000000e+00  0.000000e+00  1.000000e+00
   outer loop
     vertex -1.733775e-01 -2.293456e+00  1.250000e+01
     vertex -3.081274e-01 -2.984134e+00  1.250000e+01
     vertex -2.261446e-01 -2.991464e+00  1.250000e+01
   endloop
 endfacet
 facet normal  0.000000e+00  0.000000e+00  1.000000e+00
   outer loop
     vertex -2.294591e+00 -1.576419e-01  1.250000e+01
     vertex -2.992945e+00 -2.056198e-01  1.250000e+01
     vertex -2.986178e+00 -2.876511e-01  1.250000e+01
   endloop
 endfacet
 facet normal  0.000000e+00  0.000000e+00  1.000000e+00
   outer loop
     vertex -2.294591e+00 -1.576419e-01  1.250000e+01
     vertex -2.986178e+00 -2.876511e-01  1.250000e+01
     vertex -2.289403e+00 -2.205325e-01  1.250000e+01
   endloop
 endfacet
 facet normal  0.000000e+00  0.000000e+00  1.000000e+00
   outer loop
     vertex -1.103935e-01 -2.297349e+00  1.250000e+01
     vertex -1.733775e-01 -2.293456e+00  1.250000e+01
     vertex -2.261446e-01 -2.991464e+00  1.250000e+01
   endloop
 endfacet
 facet normal  0.000000e+00  0.000000e+00  1.000000e+00
   outer loop
     vertex -1.103935e-01 -2.297349e+00  1.250000e+01
     vertex -2.261446e-01 -2.991464e+00  1.250000e+01
     vertex -1.439915e-01 -2.996542e+00  1.250000e+01
   endloop
 endfacet
 facet normal  0.000000e+00  0.000000e+00  1.000000e+00
   outer loop
     vertex -2.298052e+00 -9.463262e-02  1.250000e+01
     vertex -2.997460e+00 -1.234339e-01  1.250000e+01
     vertex -2.992945e+00 -2.056198e-01  1.250000e+01
   endloop
 endfacet
 facet normal  0.000000e+00  0.000000e+00  1.000000e+00
   outer loop
     vertex -2.298052e+00 -9.463262e-02  1.250000e+01
     vertex -2.992945e+00 -2.056198e-01  1.250000e+01
     vertex -2.294591e+00 -1.576419e-01  1.250000e+01
   endloop
 endfacet
 facet normal  0.000000e+00  0.000000e+00  1.000000e+00
   outer loop
     vertex -4.732633e-02 -2.299513e+00  1.250000e+01
     vertex -1.103935e-01 -2.297349e+00  1.250000e+01
     vertex -1.439915e-01 -2.996542e+00  1.250000e+01
   endloop
 endfacet
 facet normal  0.000000e+00  0.000000e+00  1.000000e+00
   outer loop
     vertex -4.732633e-02 -2.299513e+00  1.250000e+01
     vertex -1.439915e-01 -2.996542e+00  1.250000e+01
     vertex -6.173000e-02 -2.999365e+00  1.250000e+01
   endloop
 endfacet
 facet normal  0.000000e+00  0.000000e+00  1.000000e+00
   outer loop
     vertex -2.299784e+00 -3.155212e-02  1.250000e+01
     vertex -2.999718e+00  4.115494e-02  1.250000e+01
     vertex -2.999718e+00 -4.115494e-02  1.250000e+01
   endloop
 endfacet
 facet normal  0.000000e+00  0.000000e+00  1.000000e+00
   outer loop
     vertex -2.299784e+00 -3.155212e-02  1.250000e+01
     vertex -2.999718e+00 -4.115494e-02  1.250000e+01
     vertex -2.997460e+00 -1.234339e-01  1.250000e+01
   endloop
 endfacet
 facet normal  0.000000e+00  0.000000e+00  1.000000e+00
   outer loop
     vertex -2.299784e+00 -3.155212e-02  1.250000e+01
     vertex -2.997460e+00 -1.234339e-01  1.250000e+01
     vertex -2.298052e+00 -9.463262e-02  1.250000e+01
   endloop
 endfacet
 facet normal  0.000000e+00  0.000000e+00  1.000000e+00
   outer loop
     vertex  1.577643e-02 -2.299946e+00  1.250000e+01
     vertex -4.732633e-02 -2.299513e+00  1.250000e+01
     vertex -6.173000e-02 -2.999365e+00  1.250000e+01
   endloop
 endfacet
 facet normal  0.000000e+00  0.000000e+00  1.000000e+00
   outer loop
     vertex  1.577643e-02 -2.299946e+00  1.250000e+01
     vertex -6.173000e-02 -2.999365e+00  1.250000e+01
     vertex  2.057796e-02 -2.999929e+00  1.250000e+01
   endloop
 endfacet
 facet normal  0.000000e+00  0.000000e+00  1.000000e+00
   outer loop
     vertex -2.299784e+00  3.155212e-02  1.250000e+01
     vertex -2.997460e+00  1.234339e-01  1.250000e+01
     vertex -2.999718e+00  4.115494e-02  1.250000e+01
   endloop
 endfacet
 facet normal  0.000000e+00  0.000000e+00  1.000000e+00
   outer loop
     vertex -2.299784e+00  3.155212e-02  1.250000e+01
     vertex -2.999718e+00  4.115494e-02  1.250000e+01
     vertex -2.299784e+00 -3.155212e-02  1.250000e+01
   endloop
 endfacet
 facet normal  0.000000e+00  0.000000e+00  1.000000e+00
   outer loop
     vertex  7.886732e-02 -2.298647e+00  1.250000e+01
     vertex  1.577643e-02 -2.299946e+00  1.250000e+01
     vertex  2.057796e-02 -2.999929e+00  1.250000e+01
   endloop
 endfacet
 facet normal  0.000000e+00  0.000000e+00  1.000000e+00
   outer loop
     vertex  7.886732e-02 -2.298647e+00  1.250000e+01
     vertex  2.057796e-02 -2.999929e+00  1.250000e+01
     vertex  1.028704e-01 -2.998236e+00  1.250000e+01
   endloop
 endfacet
 facet normal  0.000000e+00  0.000000e+00  1.000000e+00
   outer loop
     vertex -2.298052e+00  9.463262e-02  1.250000e+01
     vertex -2.997460e+00  1.234339e-01  1.250000e+01
     vertex -2.299784e+00  3.155212e-02  1.250000e+01
   endloop
 endfacet
 facet normal  0.000000e+00  0.000000e+00  1.000000e+00
   outer loop
     vertex  1.418988e-01 -2.295619e+00  1.250000e+01
     vertex  1.028704e-01 -2.998236e+00  1.250000e+01
     vertex  1.850854e-01 -2.994285e+00  1.250000e+01
   endloop
 endfacet
 facet normal  0.000000e+00  0.000000e+00  1.000000e+00
   outer loop
     vertex  1.418988e-01 -2.295619e+00  1.250000e+01
     vertex  7.886732e-02 -2.298647e+00  1.250000e+01
     vertex  1.028704e-01 -2.998236e+00  1.250000e+01
   endloop
 endfacet
 facet normal  0.000000e+00  0.000000e+00  1.000000e+00
   outer loop
     vertex -2.294591e+00  1.576419e-01  1.250000e+01
     vertex -2.992945e+00  2.056198e-01  1.250000e+01
     vertex -2.997460e+00  1.234339e-01  1.250000e+01
   endloop
 endfacet
 facet normal  0.000000e+00  0.000000e+00  1.000000e+00
   outer loop
     vertex -2.294591e+00  1.576419e-01  1.250000e+01
     vertex -2.997460e+00  1.234339e-01  1.250000e+01
     vertex -2.298052e+00  9.463262e-02  1.250000e+01
   endloop
 endfacet
 facet normal  0.000000e+00  0.000000e+00  1.000000e+00
   outer loop
     vertex  2.048235e-01 -2.290862e+00  1.250000e+01
     vertex  1.418988e-01 -2.295619e+00  1.250000e+01
     vertex  1.850854e-01 -2.994285e+00  1.250000e+01
   endloop
 endfacet
 facet normal  0.000000e+00  0.000000e+00  1.000000e+00
   outer loop
     vertex  2.048235e-01 -2.290862e+00  1.250000e+01
     vertex  1.850854e-01 -2.994285e+00  1.250000e+01
     vertex  2.671611e-01 -2.988080e+00  1.250000e+01
   endloop
 endfacet
 facet normal  0.000000e+00  0.000000e+00  1.000000e+00
   outer loop
     vertex -2.289403e+00  2.205325e-01  1.250000e+01
     vertex -2.992945e+00  2.056198e-01  1.250000e+01
     vertex -2.294591e+00  1.576419e-01  1.250000e+01
   endloop
 endfacet
 facet normal  0.000000e+00  0.000000e+00  1.000000e+00
   outer loop
     vertex -2.289403e+00  2.205325e-01  1.250000e+01
     vertex -2.986178e+00  2.876511e-01  1.250000e+01
     vertex -2.992945e+00  2.056198e-01  1.250000e+01
   endloop
 endfacet
 facet normal  0.000000e+00  0.000000e+00  1.000000e+00
   outer loop
     vertex  2.675941e-01 -2.284380e+00  1.250000e+01
     vertex  2.048235e-01 -2.290862e+00  1.250000e+01
     vertex  2.671611e-01 -2.988080e+00  1.250000e+01
   endloop
 endfacet
 facet normal  0.000000e+00  0.000000e+00  1.000000e+00
   outer loop
     vertex  2.675941e-01 -2.284380e+00  1.250000e+01
     vertex  2.671611e-01 -2.988080e+00  1.250000e+01
     vertex  3.490357e-01 -2.979626e+00  1.250000e+01
   endloop
 endfacet
 facet normal  0.000000e+00  0.000000e+00  1.000000e+00
   outer loop
     vertex -2.282491e+00  2.832571e-01  1.250000e+01
     vertex -2.965906e+00  4.510023e-01  1.250000e+01
     vertex -2.977162e+00  3.694657e-01  1.250000e+01
   endloop
 endfacet
 facet normal  0.000000e+00  0.000000e+00  1.000000e+00
   outer loop
     vertex -2.282491e+00  2.832571e-01  1.250000e+01
     vertex -2.977162e+00  3.694657e-01  1.250000e+01
     vertex -2.986178e+00  2.876511e-01  1.250000e+01
   endloop
 endfacet
 facet normal  0.000000e+00  0.000000e+00  1.000000e+00
   outer loop
     vertex -2.282491e+00  2.832571e-01  1.250000e+01
     vertex -2.986178e+00  2.876511e-01  1.250000e+01
     vertex -2.289403e+00  2.205325e-01  1.250000e+01
   endloop
 endfacet
 facet normal  0.000000e+00  0.000000e+00  1.000000e+00
   outer loop
     vertex  3.301631e-01 -2.276179e+00  1.250000e+01
     vertex  2.675941e-01 -2.284380e+00  1.250000e+01
     vertex  3.490357e-01 -2.979626e+00  1.250000e+01
   endloop
 endfacet
 facet normal  0.000000e+00  0.000000e+00  1.000000e+00
   outer loop
     vertex  3.301631e-01 -2.276179e+00  1.250000e+01
     vertex  3.490357e-01 -2.979626e+00  1.250000e+01
     vertex  4.306476e-01 -2.968930e+00  1.250000e+01
   endloop
 endfacet
 facet normal  0.000000e+00  0.000000e+00  1.000000e+00
   outer loop
     vertex -2.273861e+00  3.457684e-01  1.250000e+01
     vertex -2.965906e+00  4.510023e-01  1.250000e+01
     vertex -2.282491e+00  2.832571e-01  1.250000e+01
   endloop
 endfacet
 facet normal  0.000000e+00  0.000000e+00  1.000000e+00
   outer loop
     vertex  3.924837e-01 -2.266265e+00  1.250000e+01
     vertex  3.301631e-01 -2.276179e+00  1.250000e+01
     vertex  4.306476e-01 -2.968930e+00  1.250000e+01
   endloop
 endfacet
 facet normal  0.000000e+00  0.000000e+00  1.000000e+00
   outer loop
     vertex  3.924837e-01 -2.266265e+00  1.250000e+01
     vertex  4.306476e-01 -2.968930e+00  1.250000e+01
     vertex  5.119352e-01 -2.955998e+00  1.250000e+01
   endloop
 endfacet
 facet normal  0.000000e+00  0.000000e+00  1.000000e+00
   outer loop
     vertex -2.263519e+00  4.080195e-01  1.250000e+01
     vertex -2.952417e+00  5.321993e-01  1.250000e+01
     vertex -2.965906e+00  4.510023e-01  1.250000e+01
   endloop
 endfacet
 facet normal  0.000000e+00  0.000000e+00  1.000000e+00
   outer loop
     vertex -2.263519e+00  4.080195e-01  1.250000e+01
     vertex -2.965906e+00  4.510023e-01  1.250000e+01
     vertex -2.273861e+00  3.457684e-01  1.250000e+01
   endloop
 endfacet
 facet normal  0.000000e+00  0.000000e+00  1.000000e+00
   outer loop
     vertex  4.545088e-01 -2.254644e+00  1.250000e+01
     vertex  3.924837e-01 -2.266265e+00  1.250000e+01
     vertex  5.119352e-01 -2.955998e+00  1.250000e+01
   endloop
 endfacet
 facet normal  0.000000e+00  0.000000e+00  1.000000e+00
   outer loop
     vertex  4.545088e-01 -2.254644e+00  1.250000e+01
     vertex  5.119352e-01 -2.955998e+00  1.250000e+01
     vertex  5.928375e-01 -2.940841e+00  1.250000e+01
   endloop
 endfacet
 facet normal  0.000000e+00  0.000000e+00  1.000000e+00
   outer loop
     vertex -2.251474e+00  4.699634e-01  1.250000e+01
     vertex -2.936705e+00  6.129958e-01  1.250000e+01
     vertex -2.952417e+00  5.321993e-01  1.250000e+01
   endloop
 endfacet
 facet normal  0.000000e+00  0.000000e+00  1.000000e+00
   outer loop
     vertex -2.251474e+00  4.699634e-01  1.250000e+01
     vertex -2.952417e+00  5.321993e-01  1.250000e+01
     vertex -2.263519e+00  4.080195e-01  1.250000e+01
   endloop
 endfacet
 facet normal  0.000000e+00  0.000000e+00  1.000000e+00
   outer loop
     vertex  5.161917e-01 -2.241327e+00  1.250000e+01
     vertex  4.545088e-01 -2.254644e+00  1.250000e+01
     vertex  5.928375e-01 -2.940841e+00  1.250000e+01
   endloop
 endfacet
 facet normal  0.000000e+00  0.000000e+00  1.000000e+00
   outer loop
     vertex  5.161917e-01 -2.241327e+00  1.250000e+01
     vertex  5.928375e-01 -2.940841e+00  1.250000e+01
     vertex  6.732936e-01 -2.923470e+00  1.250000e+01
   endloop
 endfacet
 facet normal  0.000000e+00  0.000000e+00  1.000000e+00
   outer loop
     vertex -2.237733e+00  5.315536e-01  1.250000e+01
     vertex -2.918783e+00  6.933307e-01  1.250000e+01
     vertex -2.936705e+00  6.129958e-01  1.250000e+01
   endloop
 endfacet
 facet normal  0.000000e+00  0.000000e+00  1.000000e+00
   outer loop
     vertex -2.237733e+00  5.315536e-01  1.250000e+01
     vertex -2.936705e+00  6.129958e-01  1.250000e+01
     vertex -2.251474e+00  4.699634e-01  1.250000e+01
   endloop
 endfacet
 facet normal  0.000000e+00  0.000000e+00  1.000000e+00
   outer loop
     vertex  5.774861e-01 -2.226322e+00  1.250000e+01
     vertex  5.161917e-01 -2.241327e+00  1.250000e+01
     vertex  6.732936e-01 -2.923470e+00  1.250000e+01
   endloop
 endfacet
 facet normal  0.000000e+00  0.000000e+00  1.000000e+00
   outer loop
     vertex  5.774861e-01 -2.226322e+00  1.250000e+01
     vertex  6.732936e-01 -2.923470e+00  1.250000e+01
     vertex  7.532428e-01 -2.903898e+00  1.250000e+01
   endloop
 endfacet
 facet normal  0.000000e+00  0.000000e+00  1.000000e+00
   outer loop
     vertex -2.222308e+00  5.927436e-01  1.250000e+01
     vertex -2.898663e+00  7.731438e-01  1.250000e+01
     vertex -2.918783e+00  6.933307e-01  1.250000e+01
   endloop
 endfacet
 facet normal  0.000000e+00  0.000000e+00  1.000000e+00
   outer loop
     vertex -2.222308e+00  5.927436e-01  1.250000e+01
     vertex -2.918783e+00  6.933307e-01  1.250000e+01
     vertex -2.237733e+00  5.315536e-01  1.250000e+01
   endloop
 endfacet
 facet normal  0.000000e+00  0.000000e+00  1.000000e+00
   outer loop
     vertex  6.383458e-01 -2.209641e+00  1.250000e+01
     vertex  7.532428e-01 -2.903898e+00  1.250000e+01
     vertex  8.326249e-01 -2.882141e+00  1.250000e+01
   endloop
 endfacet
 facet normal  0.000000e+00  0.000000e+00  1.000000e+00
   outer loop
     vertex  6.383458e-01 -2.209641e+00  1.250000e+01
     vertex  5.774861e-01 -2.226322e+00  1.250000e+01
     vertex  7.532428e-01 -2.903898e+00  1.250000e+01
   endloop
 endfacet
 facet normal  0.000000e+00  0.000000e+00  1.000000e+00
   outer loop
     vertex -2.205211e+00  6.534874e-01  1.250000e+01
     vertex -2.876362e+00  8.523749e-01  1.250000e+01
     vertex -2.898663e+00  7.731438e-01  1.250000e+01
   endloop
 endfacet
 facet normal  0.000000e+00  0.000000e+00  1.000000e+00
   outer loop
     vertex -2.205211e+00  6.534874e-01  1.250000e+01
     vertex -2.898663e+00  7.731438e-01  1.250000e+01
     vertex -2.222308e+00  5.927436e-01  1.250000e+01
   endloop
 endfacet
 facet normal  0.000000e+00  0.000000e+00  1.000000e+00
   outer loop
     vertex  6.987249e-01 -2.191297e+00  1.250000e+01
     vertex  6.383458e-01 -2.209641e+00  1.250000e+01
     vertex  8.326249e-01 -2.882141e+00  1.250000e+01
   endloop
 endfacet
 facet normal  0.000000e+00  0.000000e+00  1.000000e+00
   outer loop
     vertex  6.987249e-01 -2.191297e+00  1.250000e+01
     vertex  8.326249e-01 -2.882141e+00  1.250000e+01
     vertex  9.113803e-01 -2.858214e+00  1.250000e+01
   endloop
 endfacet
 facet normal  0.000000e+00  0.000000e+00  1.000000e+00
   outer loop
     vertex  6.987249e-01 -2.191297e+00  1.250000e+01
     vertex  9.113803e-01 -2.858214e+00  1.250000e+01
     vertex  9.894497e-01 -2.832135e+00  1.250000e+01
   endloop
 endfacet
 facet normal  0.000000e+00  0.000000e+00  1.000000e+00
   outer loop
     vertex -2.186453e+00  7.137393e-01  1.250000e+01
     vertex -2.851895e+00  9.309643e-01  1.250000e+01
     vertex -2.876362e+00  8.523749e-01  1.250000e+01
   endloop
 endfacet
 facet normal  0.000000e+00  0.000000e+00  1.000000e+00
   outer loop
     vertex -2.186453e+00  7.137393e-01  1.250000e+01
     vertex -2.876362e+00  8.523749e-01  1.250000e+01
     vertex -2.205211e+00  6.534874e-01  1.250000e+01
   endloop
 endfacet
 facet normal  0.000000e+00  0.000000e+00  1.000000e+00
   outer loop
     vertex  7.585781e-01 -2.171304e+00  1.250000e+01
     vertex  6.987249e-01 -2.191297e+00  1.250000e+01
     vertex  9.894497e-01 -2.832135e+00  1.250000e+01
   endloop
 endfacet
 facet normal  0.000000e+00  0.000000e+00  1.000000e+00
   outer loop
     vertex -2.166049e+00  7.734539e-01  1.250000e+01
     vertex -2.825282e+00  1.008853e+00  1.250000e+01
     vertex -2.851895e+00  9.309643e-01  1.250000e+01
   endloop
 endfacet
 facet normal  0.000000e+00  0.000000e+00  1.000000e+00
   outer loop
     vertex -2.166049e+00  7.734539e-01  1.250000e+01
     vertex -2.851895e+00  9.309643e-01  1.250000e+01
     vertex -2.186453e+00  7.137393e-01  1.250000e+01
   endloop
 endfacet
 facet normal  0.000000e+00  0.000000e+00  1.000000e+00
   outer loop
     vertex  8.178602e-01 -2.149675e+00  1.250000e+01
     vertex  7.585781e-01 -2.171304e+00  1.250000e+01
     vertex  9.894497e-01 -2.832135e+00  1.250000e+01
   endloop
 endfacet
 facet normal  0.000000e+00  0.000000e+00  1.000000e+00
   outer loop
     vertex  8.178602e-01 -2.149675e+00  1.250000e+01
     vertex  9.894497e-01 -2.832135e+00  1.250000e+01
     vertex  1.066774e+00 -2.803925e+00  1.250000e+01
   endloop
 endfacet
 facet normal  0.000000e+00  0.000000e+00  1.000000e+00
   outer loop
     vertex -2.144015e+00  8.325863e-01  1.250000e+01
     vertex -2.796541e+00  1.085982e+00  1.250000e+01
     vertex -2.825282e+00  1.008853e+00  1.250000e+01
   endloop
 endfacet
 facet normal  0.000000e+00  0.000000e+00  1.000000e+00
   outer loop
     vertex -2.144015e+00  8.325863e-01  1.250000e+01
     vertex -2.825282e+00  1.008853e+00  1.250000e+01
     vertex -2.166049e+00  7.734539e-01  1.250000e+01
   endloop
 endfacet
 facet normal  0.000000e+00  0.000000e+00  1.000000e+00
   outer loop
     vertex  8.765267e-01 -2.126429e+00  1.250000e+01
     vertex  8.178602e-01 -2.149675e+00  1.250000e+01
     vertex  1.066774e+00 -2.803925e+00  1.250000e+01
   endloop
 endfacet
 facet normal  0.000000e+00  0.000000e+00  1.000000e+00
   outer loop
     vertex  8.765267e-01 -2.126429e+00  1.250000e+01
     vertex  1.066774e+00 -2.803925e+00  1.250000e+01
     vertex  1.143296e+00 -2.773603e+00  1.250000e+01
   endloop
 endfacet
 facet normal  0.000000e+00  0.000000e+00  1.000000e+00
   outer loop
     vertex -2.120367e+00  8.910919e-01  1.250000e+01
     vertex -2.765696e+00  1.162294e+00  1.250000e+01
     vertex -2.796541e+00  1.085982e+00  1.250000e+01
   endloop
 endfacet
 facet normal  0.000000e+00  0.000000e+00  1.000000e+00
   outer loop
     vertex -2.120367e+00  8.910919e-01  1.250000e+01
     vertex -2.796541e+00  1.085982e+00  1.250000e+01
     vertex -2.144015e+00  8.325863e-01  1.250000e+01
   endloop
 endfacet
 facet normal  0.000000e+00  0.000000e+00  1.000000e+00
   outer loop
     vertex  9.345333e-01 -2.101582e+00  1.250000e+01
     vertex  1.143296e+00 -2.773603e+00  1.250000e+01
     vertex  1.218957e+00 -2.741194e+00  1.250000e+01
   endloop
 endfacet
 facet normal  0.000000e+00  0.000000e+00  1.000000e+00
   outer loop
     vertex  9.345333e-01 -2.101582e+00  1.250000e+01
     vertex  8.765267e-01 -2.126429e+00  1.250000e+01
     vertex  1.143296e+00 -2.773603e+00  1.250000e+01
   endloop
 endfacet
 facet normal  0.000000e+00  0.000000e+00  1.000000e+00
   outer loop
     vertex -2.095122e+00  9.489268e-01  1.250000e+01
     vertex -2.765696e+00  1.162294e+00  1.250000e+01
     vertex -2.120367e+00  8.910919e-01  1.250000e+01
   endloop
 endfacet
 facet normal  0.000000e+00  0.000000e+00  1.000000e+00
   outer loop
     vertex -2.095122e+00  9.489268e-01  1.250000e+01
     vertex -2.732768e+00  1.237731e+00  1.250000e+01
     vertex -2.765696e+00  1.162294e+00  1.250000e+01
   endloop
 endfacet
 facet normal  0.000000e+00  0.000000e+00  1.000000e+00
   outer loop
     vertex  9.918365e-01 -2.075153e+00  1.250000e+01
     vertex  9.345333e-01 -2.101582e+00  1.250000e+01
     vertex  1.218957e+00 -2.741194e+00  1.250000e+01
   endloop
 endfacet
 facet normal  0.000000e+00  0.000000e+00  1.000000e+00
   outer loop
     vertex  9.918365e-01 -2.075153e+00  1.250000e+01
     vertex  1.218957e+00 -2.741194e+00  1.250000e+01
     vertex  1.293700e+00 -2.706721e+00  1.250000e+01
   endloop
 endfacet
 facet normal  0.000000e+00  0.000000e+00  1.000000e+00
   outer loop
     vertex -2.068301e+00  1.006047e+00  1.250000e+01
     vertex -2.732768e+00  1.237731e+00  1.250000e+01
     vertex -2.095122e+00  9.489268e-01  1.250000e+01
   endloop
 endfacet
 facet normal  0.000000e+00  0.000000e+00  1.000000e+00
   outer loop
     vertex -2.068301e+00  1.006047e+00  1.250000e+01
     vertex -2.697784e+00  1.312236e+00  1.250000e+01
     vertex -2.732768e+00  1.237731e+00  1.250000e+01
   endloop
 endfacet
 facet normal  0.000000e+00  0.000000e+00  1.000000e+00
   outer loop
     vertex  1.048393e+00 -2.047162e+00  1.250000e+01
     vertex  9.918365e-01 -2.075153e+00  1.250000e+01
     vertex  1.293700e+00 -2.706721e+00  1.250000e+01
   endloop
 endfacet
 facet normal  0.000000e+00  0.000000e+00  1.000000e+00
   outer loop
     vertex  1.048393e+00 -2.047162e+00  1.250000e+01
     vertex  1.293700e+00 -2.706721e+00  1.250000e+01
     vertex  1.367469e+00 -2.670211e+00  1.250000e+01
   endloop
 endfacet
 facet normal  0.000000e+00  0.000000e+00  1.000000e+00
   outer loop
     vertex -2.039923e+00  1.062411e+00  1.250000e+01
     vertex -2.697784e+00  1.312236e+00  1.250000e+01
     vertex -2.068301e+00  1.006047e+00  1.250000e+01
   endloop
 endfacet
 facet normal  0.000000e+00  0.000000e+00  1.000000e+00
   outer loop
     vertex -2.039923e+00  1.062411e+00  1.250000e+01
     vertex -2.660769e+00  1.385753e+00  1.250000e+01
     vertex -2.697784e+00  1.312236e+00  1.250000e+01
   endloop
 endfacet
 facet normal  0.000000e+00  0.000000e+00  1.000000e+00
   outer loop
     vertex  1.104160e+00 -2.017630e+00  1.250000e+01
     vertex  1.048393e+00 -2.047162e+00  1.250000e+01
     vertex  1.367469e+00 -2.670211e+00  1.250000e+01
   endloop
 endfacet
 facet normal  0.000000e+00  0.000000e+00  1.000000e+00
   outer loop
     vertex  1.104160e+00 -2.017630e+00  1.250000e+01
     vertex  1.367469e+00 -2.670211e+00  1.250000e+01
     vertex  1.440209e+00 -2.631691e+00  1.250000e+01
   endloop
 endfacet
 facet normal  0.000000e+00  0.000000e+00  1.000000e+00
   outer loop
     vertex -2.010009e+00  1.117974e+00  1.250000e+01
     vertex -2.660769e+00  1.385753e+00  1.250000e+01
     vertex -2.039923e+00  1.062411e+00  1.250000e+01
   endloop
 endfacet
 facet normal  0.000000e+00  0.000000e+00  1.000000e+00
   outer loop
     vertex -2.010009e+00  1.117974e+00  1.250000e+01
     vertex -2.621750e+00  1.458227e+00  1.250000e+01
     vertex -2.660769e+00  1.385753e+00  1.250000e+01
   endloop
 endfacet
 facet normal  0.000000e+00  0.000000e+00  1.000000e+00
   outer loop
     vertex  1.159097e+00 -1.986579e+00  1.250000e+01
     vertex  1.104160e+00 -2.017630e+00  1.250000e+01
     vertex  1.440209e+00 -2.631691e+00  1.250000e+01
   endloop
 endfacet
 facet normal  0.000000e+00  0.000000e+00  1.000000e+00
   outer loop
     vertex  1.159097e+00 -1.986579e+00  1.250000e+01
     vertex  1.440209e+00 -2.631691e+00  1.250000e+01
     vertex  1.511865e+00 -2.591190e+00  1.250000e+01
   endloop
 endfacet
 facet normal  0.000000e+00  0.000000e+00  1.000000e+00
   outer loop
     vertex -1.978581e+00  1.172696e+00  1.250000e+01
     vertex -2.621750e+00  1.458227e+00  1.250000e+01
     vertex -2.010009e+00  1.117974e+00  1.250000e+01
   endloop
 endfacet
 facet normal  0.000000e+00  0.000000e+00  1.000000e+00
   outer loop
     vertex -1.978581e+00  1.172696e+00  1.250000e+01
     vertex -2.537824e+00  1.599828e+00  1.250000e+01
     vertex -2.580758e+00  1.529603e+00  1.250000e+01
   endloop
 endfacet
 facet normal  0.000000e+00  0.000000e+00  1.000000e+00
   outer loop
     vertex -1.978581e+00  1.172696e+00  1.250000e+01
     vertex -2.580758e+00  1.529603e+00  1.250000e+01
     vertex -2.621750e+00  1.458227e+00  1.250000e+01
   endloop
 endfacet
 facet normal  0.000000e+00  0.000000e+00  1.000000e+00
   outer loop
     vertex  1.213160e+00 -1.954032e+00  1.250000e+01
     vertex  1.159097e+00 -1.986579e+00  1.250000e+01
     vertex  1.511865e+00 -2.591190e+00  1.250000e+01
   endloop
 endfacet
 facet normal  0.000000e+00  0.000000e+00  1.000000e+00
   outer loop
     vertex  1.213160e+00 -1.954032e+00  1.250000e+01
     vertex  1.511865e+00 -2.591190e+00  1.250000e+01
     vertex  1.582383e+00 -2.548738e+00  1.250000e+01
   endloop
 endfacet
 facet normal  0.000000e+00  0.000000e+00  1.000000e+00
   outer loop
     vertex -1.945665e+00  1.226535e+00  1.250000e+01
     vertex -2.537824e+00  1.599828e+00  1.250000e+01
     vertex -1.978581e+00  1.172696e+00  1.250000e+01
   endloop
 endfacet
 facet normal  0.000000e+00  0.000000e+00  1.000000e+00
   outer loop
     vertex  1.266311e+00 -1.920015e+00  1.250000e+01
     vertex  1.213160e+00 -1.954032e+00  1.250000e+01
     vertex  1.582383e+00 -2.548738e+00  1.250000e+01
   endloop
 endfacet
 facet normal  0.000000e+00  0.000000e+00  1.000000e+00
   outer loop
     vertex  1.266311e+00 -1.920015e+00  1.250000e+01
     vertex  1.582383e+00 -2.548738e+00  1.250000e+01
     vertex  1.651709e+00 -2.504367e+00  1.250000e+01
   endloop
 endfacet
 facet normal  0.000000e+00  0.000000e+00  1.000000e+00
   outer loop
     vertex -1.911284e+00  1.279451e+00  1.250000e+01
     vertex -2.537824e+00  1.599828e+00  1.250000e+01
     vertex -1.945665e+00  1.226535e+00  1.250000e+01
   endloop
 endfacet
 facet normal  0.000000e+00  0.000000e+00  1.000000e+00
   outer loop
     vertex -1.911284e+00  1.279451e+00  1.250000e+01
     vertex -2.446257e+00  1.736613e+00  1.250000e+01
     vertex -2.492979e+00  1.668849e+00  1.250000e+01
   endloop
 endfacet
 facet normal  0.000000e+00  0.000000e+00  1.000000e+00
   outer loop
     vertex -1.911284e+00  1.279451e+00  1.250000e+01
     vertex -2.492979e+00  1.668849e+00  1.250000e+01
     vertex -2.537824e+00  1.599828e+00  1.250000e+01
   endloop
 endfacet
 facet normal  0.000000e+00  0.000000e+00  1.000000e+00
   outer loop
     vertex  1.318508e+00 -1.884552e+00  1.250000e+01
     vertex  1.266311e+00 -1.920015e+00  1.250000e+01
     vertex  1.651709e+00 -2.504367e+00  1.250000e+01
   endloop
 endfacet
 facet normal  0.000000e+00  0.000000e+00  1.000000e+00
   outer loop
     vertex  1.318508e+00 -1.884552e+00  1.250000e+01
     vertex  1.651709e+00 -2.504367e+00  1.250000e+01
     vertex  1.719793e+00 -2.458112e+00  1.250000e+01
   endloop
 endfacet
 facet normal  0.000000e+00  0.000000e+00  1.000000e+00
   outer loop
     vertex -1.875464e+00  1.331403e+00  1.250000e+01
     vertex -2.446257e+00  1.736613e+00  1.250000e+01
     vertex -1.911284e+00  1.279451e+00  1.250000e+01
   endloop
 endfacet
 facet normal  0.000000e+00  0.000000e+00  1.000000e+00
   outer loop
     vertex  1.369712e+00 -1.847671e+00  1.250000e+01
     vertex  1.318508e+00 -1.884552e+00  1.250000e+01
     vertex  1.719793e+00 -2.458112e+00  1.250000e+01
   endloop
 endfacet
 facet normal  0.000000e+00  0.000000e+00  1.000000e+00
   outer loop
     vertex  1.369712e+00 -1.847671e+00  1.250000e+01
     vertex  1.719793e+00 -2.458112e+00  1.250000e+01
     vertex  1.786581e+00 -2.410006e+00  1.250000e+01
   endloop
 endfacet
 facet normal  0.000000e+00  0.000000e+00  1.000000e+00
   outer loop
     vertex -1.838232e+00  1.382354e+00  1.250000e+01
     vertex -2.446257e+00  1.736613e+00  1.250000e+01
     vertex -1.875464e+00  1.331403e+00  1.250000e+01
   endloop
 endfacet
 facet normal  0.000000e+00  0.000000e+00  1.000000e+00
   outer loop
     vertex -1.838232e+00  1.382354e+00  1.250000e+01
     vertex -2.397694e+00  1.803070e+00  1.250000e+01
     vertex -2.446257e+00  1.736613e+00  1.250000e+01
   endloop
 endfacet
 facet normal  0.000000e+00  0.000000e+00  1.000000e+00
   outer loop
     vertex  1.419886e+00 -1.809399e+00  1.250000e+01
     vertex  1.369712e+00 -1.847671e+00  1.250000e+01
     vertex  1.786581e+00 -2.410006e+00  1.250000e+01
   endloop
 endfacet
 facet normal  0.000000e+00  0.000000e+00  1.000000e+00
   outer loop
     vertex  1.419886e+00 -1.809399e+00  1.250000e+01
     vertex  1.786581e+00 -2.410006e+00  1.250000e+01
     vertex  1.852025e+00 -2.360085e+00  1.250000e+01
   endloop
 endfacet
 facet normal  0.000000e+00  0.000000e+00  1.000000e+00
   outer loop
     vertex -1.799617e+00  1.432264e+00  1.250000e+01
     vertex -2.397694e+00  1.803070e+00  1.250000e+01
     vertex -1.838232e+00  1.382354e+00  1.250000e+01
   endloop
 endfacet
 facet normal  0.000000e+00  0.000000e+00  1.000000e+00
   outer loop
     vertex -1.799617e+00  1.432264e+00  1.250000e+01
     vertex -2.347326e+00  1.868170e+00  1.250000e+01
     vertex -2.397694e+00  1.803070e+00  1.250000e+01
   endloop
 endfacet
 facet normal  0.000000e+00  0.000000e+00  1.000000e+00
   outer loop
     vertex  1.468991e+00 -1.769765e+00  1.250000e+01
     vertex  1.419886e+00 -1.809399e+00  1.250000e+01
     vertex  1.852025e+00 -2.360085e+00  1.250000e+01
   endloop
 endfacet
 facet normal  0.000000e+00  0.000000e+00  1.000000e+00
   outer loop
     vertex  1.468991e+00 -1.769765e+00  1.250000e+01
     vertex  1.852025e+00 -2.360085e+00  1.250000e+01
     vertex  1.916075e+00 -2.308389e+00  1.250000e+01
   endloop
 endfacet
 facet normal  0.000000e+00  0.000000e+00  1.000000e+00
   outer loop
     vertex -1.759647e+00  1.481095e+00  1.250000e+01
     vertex -2.347326e+00  1.868170e+00  1.250000e+01
     vertex -1.799617e+00  1.432264e+00  1.250000e+01
   endloop
 endfacet
 facet normal  0.000000e+00  0.000000e+00  1.000000e+00
   outer loop
     vertex -1.759647e+00  1.481095e+00  1.250000e+01
     vertex -2.295191e+00  1.931864e+00  1.250000e+01
     vertex -2.347326e+00  1.868170e+00  1.250000e+01
   endloop
 endfacet
 facet normal  0.000000e+00  0.000000e+00  1.000000e+00
   outer loop
     vertex  1.516990e+00 -1.728798e+00  1.250000e+01
     vertex  1.468991e+00 -1.769765e+00  1.250000e+01
     vertex  1.916075e+00 -2.308389e+00  1.250000e+01
   endloop
 endfacet
 facet normal  0.000000e+00  0.000000e+00  1.000000e+00
   outer loop
     vertex  1.516990e+00 -1.728798e+00  1.250000e+01
     vertex  1.916075e+00 -2.308389e+00  1.250000e+01
     vertex  1.978682e+00 -2.254954e+00  1.250000e+01
   endloop
 endfacet
 facet normal  0.000000e+00  0.000000e+00  1.000000e+00
   outer loop
     vertex -1.718352e+00  1.528812e+00  1.250000e+01
     vertex -2.241329e+00  1.994103e+00  1.250000e+01
     vertex -2.295191e+00  1.931864e+00  1.250000e+01
   endloop
 endfacet
 facet normal  0.000000e+00  0.000000e+00  1.000000e+00
   outer loop
     vertex -1.718352e+00  1.528812e+00  1.250000e+01
     vertex -2.295191e+00  1.931864e+00  1.250000e+01
     vertex -1.759647e+00  1.481095e+00  1.250000e+01
   endloop
 endfacet
 facet normal  0.000000e+00  0.000000e+00  1.000000e+00
   outer loop
     vertex  2.039800e+00 -2.199822e+00  1.250000e+01
     vertex  1.516990e+00 -1.728798e+00  1.250000e+01
     vertex  1.978682e+00 -2.254954e+00  1.250000e+01
   endloop
 endfacet
 facet normal  0.000000e+00  0.000000e+00  1.000000e+00
   outer loop
     vertex  1.563846e+00 -1.686530e+00  1.250000e+01
     vertex  1.516990e+00 -1.728798e+00  1.250000e+01
     vertex  2.039800e+00 -2.199822e+00  1.250000e+01
   endloop
 endfacet
 facet normal  0.000000e+00  0.000000e+00  1.000000e+00
   outer loop
     vertex -1.675764e+00  1.575378e+00  1.250000e+01
     vertex -2.241329e+00  1.994103e+00  1.250000e+01
     vertex -1.718352e+00  1.528812e+00  1.250000e+01
   endloop
 endfacet
 facet normal  0.000000e+00  0.000000e+00  1.000000e+00
   outer loop
     vertex -1.675764e+00  1.575378e+00  1.250000e+01
     vertex -2.185779e+00  2.054841e+00  1.250000e+01
     vertex -2.241329e+00  1.994103e+00  1.250000e+01
   endloop
 endfacet
 facet normal  0.000000e+00  0.000000e+00  1.000000e+00
   outer loop
     vertex  2.099382e+00 -2.143034e+00  1.250000e+01
     vertex  1.563846e+00 -1.686530e+00  1.250000e+01
     vertex  2.039800e+00 -2.199822e+00  1.250000e+01
   endloop
 endfacet
 facet normal  0.000000e+00  0.000000e+00  1.000000e+00
   outer loop
     vertex  1.609526e+00 -1.642993e+00  1.250000e+01
     vertex  1.563846e+00 -1.686530e+00  1.250000e+01
     vertex  2.099382e+00 -2.143034e+00  1.250000e+01
   endloop
 endfacet
 facet normal  0.000000e+00  0.000000e+00  1.000000e+00
   outer loop
     vertex -1.631914e+00  1.620758e+00  1.250000e+01
     vertex -2.128583e+00  2.114032e+00  1.250000e+01
     vertex -2.185779e+00  2.054841e+00  1.250000e+01
   endloop
 endfacet
 facet normal  0.000000e+00  0.000000e+00  1.000000e+00
   outer loop
     vertex -1.631914e+00  1.620758e+00  1.250000e+01
     vertex -2.185779e+00  2.054841e+00  1.250000e+01
     vertex -1.675764e+00  1.575378e+00  1.250000e+01
   endloop
 endfacet
 facet normal  0.000000e+00  0.000000e+00  1.000000e+00
   outer loop
     vertex  2.157384e+00 -2.084633e+00  1.250000e+01
     vertex  1.653994e+00 -1.598219e+00  1.250000e+01
     vertex  1.609526e+00 -1.642993e+00  1.250000e+01
   endloop
 endfacet
 facet normal  0.000000e+00  0.000000e+00  1.000000e+00
   outer loop
     vertex  2.157384e+00 -2.084633e+00  1.250000e+01
     vertex  1.609526e+00 -1.642993e+00  1.250000e+01
     vertex  2.099382e+00 -2.143034e+00  1.250000e+01
   endloop
 endfacet
 facet normal  0.000000e+00  0.000000e+00  1.000000e+00
   outer loop
     vertex -2.069786e+00  2.171632e+00  1.250000e+01
     vertex -1.631914e+00  1.620758e+00  1.250000e+01
     vertex -1.586836e+00  1.664918e+00  1.250000e+01
   endloop
 endfacet
 facet normal  0.000000e+00  0.000000e+00  1.000000e+00
   outer loop
     vertex -2.069786e+00  2.171632e+00  1.250000e+01
     vertex -2.128583e+00  2.114032e+00  1.250000e+01
     vertex -1.631914e+00  1.620758e+00  1.250000e+01
   endloop
 endfacet
 facet normal  0.000000e+00  0.000000e+00  1.000000e+00
   outer loop
     vertex  2.213762e+00 -2.024663e+00  1.250000e+01
     vertex  1.653994e+00 -1.598219e+00  1.250000e+01
     vertex  2.157384e+00 -2.084633e+00  1.250000e+01
   endloop
 endfacet
 facet normal  0.000000e+00  0.000000e+00  1.000000e+00
   outer loop
     vertex  2.213762e+00 -2.024663e+00  1.250000e+01
     vertex  1.697217e+00 -1.552241e+00  1.250000e+01
     vertex  1.653994e+00 -1.598219e+00  1.250000e+01
   endloop
 endfacet
 facet normal  0.000000e+00  0.000000e+00  1.000000e+00
   outer loop
     vertex -2.009430e+00  2.227598e+00  1.250000e+01
     vertex -1.586836e+00  1.664918e+00  1.250000e+01
     vertex -1.540563e+00  1.707825e+00  1.250000e+01
   endloop
 endfacet
 facet normal  0.000000e+00  0.000000e+00  1.000000e+00
   outer loop
     vertex -2.009430e+00  2.227598e+00  1.250000e+01
     vertex -2.069786e+00  2.171632e+00  1.250000e+01
     vertex -1.586836e+00  1.664918e+00  1.250000e+01
   endloop
 endfacet
 facet normal  0.000000e+00  0.000000e+00  1.000000e+00
   outer loop
     vertex  2.268473e+00 -1.963168e+00  1.250000e+01
     vertex  1.697217e+00 -1.552241e+00  1.250000e+01
     vertex  2.213762e+00 -2.024663e+00  1.250000e+01
   endloop
 endfacet
 facet normal  0.000000e+00  0.000000e+00  1.000000e+00
   outer loop
     vertex  2.268473e+00 -1.963168e+00  1.250000e+01
     vertex  1.739163e+00 -1.505095e+00  1.250000e+01
     vertex  1.697217e+00 -1.552241e+00  1.250000e+01
   endloop
 endfacet
 facet normal  0.000000e+00  0.000000e+00  1.000000e+00
   outer loop
     vertex  1.779799e+00 -1.456817e+00  1.250000e+01
     vertex  1.739163e+00 -1.505095e+00  1.250000e+01
     vertex  2.268473e+00 -1.963168e+00  1.250000e+01
   endloop
 endfacet
 facet normal  0.000000e+00  0.000000e+00  1.000000e+00
   outer loop
     vertex -1.947562e+00  2.281886e+00  1.250000e+01
     vertex -1.540563e+00  1.707825e+00  1.250000e+01
     vertex -1.493131e+00  1.749446e+00  1.250000e+01
   endloop
 endfacet
 facet normal  0.000000e+00  0.000000e+00  1.000000e+00
   outer loop
     vertex -1.947562e+00  2.281886e+00  1.250000e+01
     vertex -2.009430e+00  2.227598e+00  1.250000e+01
     vertex -1.540563e+00  1.707825e+00  1.250000e+01
   endloop
 endfacet
 facet normal  0.000000e+00  0.000000e+00  1.000000e+00
   outer loop
     vertex  2.321477e+00 -1.900196e+00  1.250000e+01
     vertex  1.779799e+00 -1.456817e+00  1.250000e+01
     vertex  2.268473e+00 -1.963168e+00  1.250000e+01
   endloop
 endfacet
 facet normal  0.000000e+00  0.000000e+00  1.000000e+00
   outer loop
     vertex -1.884227e+00  2.334457e+00  1.250000e+01
     vertex -1.493131e+00  1.749446e+00  1.250000e+01
     vertex -1.444574e+00  1.789750e+00  1.250000e+01
   endloop
 endfacet
 facet normal  0.000000e+00  0.000000e+00  1.000000e+00
   outer loop
     vertex -1.884227e+00  2.334457e+00  1.250000e+01
     vertex -1.947562e+00  2.281886e+00  1.250000e+01
     vertex -1.493131e+00  1.749446e+00  1.250000e+01
   endloop
 endfacet
 facet normal  0.000000e+00  0.000000e+00  1.000000e+00
   outer loop
     vertex  2.372733e+00 -1.835793e+00  1.250000e+01
     vertex  1.819096e+00 -1.407441e+00  1.250000e+01
     vertex  1.779799e+00 -1.456817e+00  1.250000e+01
   endloop
 endfacet
 facet normal  0.000000e+00  0.000000e+00  1.000000e+00
   outer loop
     vertex  2.372733e+00 -1.835793e+00  1.250000e+01
     vertex  1.857023e+00 -1.357006e+00  1.250000e+01
     vertex  1.819096e+00 -1.407441e+00  1.250000e+01
   endloop
 endfacet
 facet normal  0.000000e+00  0.000000e+00  1.000000e+00
   outer loop
     vertex  2.372733e+00 -1.835793e+00  1.250000e+01
     vertex  1.779799e+00 -1.456817e+00  1.250000e+01
     vertex  2.321477e+00 -1.900196e+00  1.250000e+01
   endloop
 endfacet
 facet normal  0.000000e+00  0.000000e+00  1.000000e+00
   outer loop
     vertex -1.819474e+00  2.385270e+00  1.250000e+01
     vertex -1.394930e+00  1.828707e+00  1.250000e+01
     vertex -1.344237e+00  1.866287e+00  1.250000e+01
   endloop
 endfacet
 facet normal  0.000000e+00  0.000000e+00  1.000000e+00
   outer loop
     vertex -1.819474e+00  2.385270e+00  1.250000e+01
     vertex -1.444574e+00  1.789750e+00  1.250000e+01
     vertex -1.394930e+00  1.828707e+00  1.250000e+01
   endloop
 endfacet
 facet normal  0.000000e+00  0.000000e+00  1.000000e+00
   outer loop
     vertex -1.819474e+00  2.385270e+00  1.250000e+01
     vertex -1.884227e+00  2.334457e+00  1.250000e+01
     vertex -1.444574e+00  1.789750e+00  1.250000e+01
   endloop
 endfacet
 facet normal  0.000000e+00  0.000000e+00  1.000000e+00
   outer loop
     vertex  2.422204e+00 -1.770008e+00  1.250000e+01
     vertex  1.857023e+00 -1.357006e+00  1.250000e+01
     vertex  2.372733e+00 -1.835793e+00  1.250000e+01
   endloop
 endfacet
 facet normal  0.000000e+00  0.000000e+00  1.000000e+00
   outer loop
     vertex -1.753352e+00  2.434288e+00  1.250000e+01
     vertex -1.819474e+00  2.385270e+00  1.250000e+01
     vertex -1.344237e+00  1.866287e+00  1.250000e+01
   endloop
 endfacet
 facet normal  0.000000e+00  0.000000e+00  1.000000e+00
   outer loop
     vertex  2.469850e+00 -1.702891e+00  1.250000e+01
     vertex  1.857023e+00 -1.357006e+00  1.250000e+01
     vertex  2.422204e+00 -1.770008e+00  1.250000e+01
   endloop
 endfacet
 facet normal  0.000000e+00  0.000000e+00  1.000000e+00
   outer loop
     vertex  2.469850e+00 -1.702891e+00  1.250000e+01
     vertex  1.893552e+00 -1.305550e+00  1.250000e+01
     vertex  1.857023e+00 -1.357006e+00  1.250000e+01
   endloop
 endfacet
 facet normal  0.000000e+00  0.000000e+00  1.000000e+00
   outer loop
     vertex  2.469850e+00 -1.702891e+00  1.250000e+01
     vertex  1.928656e+00 -1.253111e+00  1.250000e+01
     vertex  1.893552e+00 -1.305550e+00  1.250000e+01
   endloop
 endfacet
 facet normal  0.000000e+00  0.000000e+00  1.000000e+00
   outer loop
     vertex -1.685910e+00  2.481473e+00  1.250000e+01
     vertex -1.344237e+00  1.866287e+00  1.250000e+01
     vertex -1.292531e+00  1.902463e+00  1.250000e+01
   endloop
 endfacet
 facet normal  0.000000e+00  0.000000e+00  1.000000e+00
   outer loop
     vertex -1.685910e+00  2.481473e+00  1.250000e+01
     vertex -1.753352e+00  2.434288e+00  1.250000e+01
     vertex -1.344237e+00  1.866287e+00  1.250000e+01
   endloop
 endfacet
 facet normal  0.000000e+00  0.000000e+00  1.000000e+00
   outer loop
     vertex  2.515638e+00 -1.634492e+00  1.250000e+01
     vertex  1.962308e+00 -1.199728e+00  1.250000e+01
     vertex  1.928656e+00 -1.253111e+00  1.250000e+01
   endloop
 endfacet
 facet normal  0.000000e+00  0.000000e+00  1.000000e+00
   outer loop
     vertex  2.515638e+00 -1.634492e+00  1.250000e+01
     vertex  1.928656e+00 -1.253111e+00  1.250000e+01
     vertex  2.469850e+00 -1.702891e+00  1.250000e+01
   endloop
 endfacet
 facet normal  0.000000e+00  0.000000e+00  1.000000e+00
   outer loop
     vertex -1.617198e+00  2.526790e+00  1.250000e+01
     vertex -1.239852e+00  1.937206e+00  1.250000e+01
     vertex -1.186240e+00  1.970491e+00  1.250000e+01
   endloop
 endfacet
 facet normal  0.000000e+00  0.000000e+00  1.000000e+00
   outer loop
     vertex -1.617198e+00  2.526790e+00  1.250000e+01
     vertex -1.292531e+00  1.902463e+00  1.250000e+01
     vertex -1.239852e+00  1.937206e+00  1.250000e+01
   endloop
 endfacet
 facet normal  0.000000e+00  0.000000e+00  1.000000e+00
   outer loop
     vertex -1.617198e+00  2.526790e+00  1.250000e+01
     vertex -1.685910e+00  2.481473e+00  1.250000e+01
     vertex -1.292531e+00  1.902463e+00  1.250000e+01
   endloop
 endfacet
 facet normal  0.000000e+00  0.000000e+00  1.000000e+00
   outer loop
     vertex  2.559532e+00 -1.564863e+00  1.250000e+01
     vertex  1.962308e+00 -1.199728e+00  1.250000e+01
     vertex  2.515638e+00 -1.634492e+00  1.250000e+01
   endloop
 endfacet
 facet normal  0.000000e+00  0.000000e+00  1.000000e+00
   outer loop
     vertex -1.547270e+00  2.570206e+00  1.250000e+01
     vertex -1.617198e+00  2.526790e+00  1.250000e+01
     vertex -1.186240e+00  1.970491e+00  1.250000e+01
   endloop
 endfacet
 facet normal  0.000000e+00  0.000000e+00  1.000000e+00
   outer loop
     vertex  2.601499e+00 -1.494056e+00  1.250000e+01
     vertex  1.994483e+00 -1.145443e+00  1.250000e+01
     vertex  1.962308e+00 -1.199728e+00  1.250000e+01
   endloop
 endfacet
 facet normal  0.000000e+00  0.000000e+00  1.000000e+00
   outer loop
     vertex  2.601499e+00 -1.494056e+00  1.250000e+01
     vertex  1.962308e+00 -1.199728e+00  1.250000e+01
     vertex  2.559532e+00 -1.564863e+00  1.250000e+01
   endloop
 endfacet
 facet normal  0.000000e+00  0.000000e+00  1.000000e+00
   outer loop
     vertex -1.476176e+00  2.611686e+00  1.250000e+01
     vertex -1.186240e+00  1.970491e+00  1.250000e+01
     vertex -1.131735e+00  2.002293e+00  1.250000e+01
   endloop
 endfacet
 facet normal  0.000000e+00  0.000000e+00  1.000000e+00
   outer loop
     vertex -1.476176e+00  2.611686e+00  1.250000e+01
     vertex -1.547270e+00  2.570206e+00  1.250000e+01
     vertex -1.186240e+00  1.970491e+00  1.250000e+01
   endloop
 endfacet
 facet normal  0.000000e+00  0.000000e+00  1.000000e+00
   outer loop
     vertex  2.641508e+00 -1.422124e+00  1.250000e+01
     vertex  2.025156e+00 -1.090295e+00  1.250000e+01
     vertex  1.994483e+00 -1.145443e+00  1.250000e+01
   endloop
 endfacet
 facet normal  0.000000e+00  0.000000e+00  1.000000e+00
   outer loop
     vertex  2.641508e+00 -1.422124e+00  1.250000e+01
     vertex  1.994483e+00 -1.145443e+00  1.250000e+01
     vertex  2.601499e+00 -1.494056e+00  1.250000e+01
   endloop
 endfacet
 facet normal  0.000000e+00  0.000000e+00  1.000000e+00
   outer loop
     vertex -1.403971e+00  2.651201e+00  1.250000e+01
     vertex -1.076378e+00  2.032587e+00  1.250000e+01
     vertex -1.020211e+00  2.061351e+00  1.250000e+01
   endloop
 endfacet
 facet normal  0.000000e+00  0.000000e+00  1.000000e+00
   outer loop
     vertex -1.403971e+00  2.651201e+00  1.250000e+01
     vertex -1.131735e+00  2.002293e+00  1.250000e+01
     vertex -1.076378e+00  2.032587e+00  1.250000e+01
   endloop
 endfacet
 facet normal  0.000000e+00  0.000000e+00  1.000000e+00
   outer loop
     vertex -1.403971e+00  2.651201e+00  1.250000e+01
     vertex -1.476176e+00  2.611686e+00  1.250000e+01
     vertex -1.131735e+00  2.002293e+00  1.250000e+01
   endloop
 endfacet
 facet normal  0.000000e+00  0.000000e+00  1.000000e+00
   outer loop
     vertex  2.679528e+00 -1.349121e+00  1.250000e+01
     vertex  2.054305e+00 -1.034326e+00  1.250000e+01
     vertex  2.025156e+00 -1.090295e+00  1.250000e+01
   endloop
 endfacet
 facet normal  0.000000e+00  0.000000e+00  1.000000e+00
   outer loop
     vertex  2.679528e+00 -1.349121e+00  1.250000e+01
     vertex  2.025156e+00 -1.090295e+00  1.250000e+01
     vertex  2.641508e+00 -1.422124e+00  1.250000e+01
   endloop
 endfacet
 facet normal  0.000000e+00  0.000000e+00  1.000000e+00
   outer loop
     vertex -1.330710e+00  2.688719e+00  1.250000e+01
     vertex -1.403971e+00  2.651201e+00  1.250000e+01
     vertex -1.020211e+00  2.061351e+00  1.250000e+01
   endloop
 endfacet
 facet normal  0.000000e+00  0.000000e+00  1.000000e+00
   outer loop
     vertex  2.715532e+00 -1.275103e+00  1.250000e+01
     vertex  2.081908e+00 -9.775790e-01  1.250000e+01
     vertex  2.054305e+00 -1.034326e+00  1.250000e+01
   endloop
 endfacet
 facet normal  0.000000e+00  0.000000e+00  1.000000e+00
   outer loop
     vertex  2.715532e+00 -1.275103e+00  1.250000e+01
     vertex  2.054305e+00 -1.034326e+00  1.250000e+01
     vertex  2.679528e+00 -1.349121e+00  1.250000e+01
   endloop
 endfacet
 facet normal  0.000000e+00  0.000000e+00  1.000000e+00
   outer loop
     vertex -1.256446e+00  2.724214e+00  1.250000e+01
     vertex -1.020211e+00  2.061351e+00  1.250000e+01
     vertex -9.632756e-01  2.088564e+00  1.250000e+01
   endloop
 endfacet
 facet normal  0.000000e+00  0.000000e+00  1.000000e+00
   outer loop
     vertex -1.256446e+00  2.724214e+00  1.250000e+01
     vertex -1.330710e+00  2.688719e+00  1.250000e+01
     vertex -1.020211e+00  2.061351e+00  1.250000e+01
   endloop
 endfacet
 facet normal  0.000000e+00  0.000000e+00  1.000000e+00
   outer loop
     vertex  2.749491e+00 -1.200125e+00  1.250000e+01
     vertex  2.081908e+00 -9.775790e-01  1.250000e+01
     vertex  2.715532e+00 -1.275103e+00  1.250000e+01
   endloop
 endfacet
 facet normal  0.000000e+00  0.000000e+00  1.000000e+00
   outer loop
     vertex  2.749491e+00 -1.200125e+00  1.250000e+01
     vertex  2.107943e+00 -9.200959e-01  1.250000e+01
     vertex  2.081908e+00 -9.775790e-01  1.250000e+01
   endloop
 endfacet
 facet normal  0.000000e+00  0.000000e+00  1.000000e+00
   outer loop
     vertex -1.181237e+00  2.757658e+00  1.250000e+01
     vertex -1.256446e+00  2.724214e+00  1.250000e+01
     vertex -9.632756e-01  2.088564e+00  1.250000e+01
   endloop
 endfacet
 facet normal  0.000000e+00  0.000000e+00  1.000000e+00
   outer loop
     vertex -1.181237e+00  2.757658e+00  1.250000e+01
     vertex -9.632756e-01  2.088564e+00  1.250000e+01
     vertex -9.056152e-01  2.114205e+00  1.250000e+01
   endloop
 endfacet
 facet normal  0.000000e+00  0.000000e+00  1.000000e+00
   outer loop
     vertex  2.781380e+00 -1.124244e+00  1.250000e+01
     vertex  2.107943e+00 -9.200959e-01  1.250000e+01
     vertex  2.749491e+00 -1.200125e+00  1.250000e+01
   endloop
 endfacet
 facet normal  0.000000e+00  0.000000e+00  1.000000e+00
   outer loop
     vertex  2.781380e+00 -1.124244e+00  1.250000e+01
     vertex  2.132392e+00 -8.619202e-01  1.250000e+01
     vertex  2.107943e+00 -9.200959e-01  1.250000e+01
   endloop
 endfacet
 facet normal  0.000000e+00  0.000000e+00  1.000000e+00
   outer loop
     vertex -1.105139e+00  2.789026e+00  1.250000e+01
     vertex -1.181237e+00  2.757658e+00  1.250000e+01
     vertex -9.056152e-01  2.114205e+00  1.250000e+01
   endloop
 endfacet
 facet normal  0.000000e+00  0.000000e+00  1.000000e+00
   outer loop
     vertex -1.105139e+00  2.789026e+00  1.250000e+01
     vertex -8.472732e-01  2.138254e+00  1.250000e+01
     vertex -7.882933e-01  2.160693e+00  1.250000e+01
   endloop
 endfacet
 facet normal  0.000000e+00  0.000000e+00  1.000000e+00
   outer loop
     vertex -1.105139e+00  2.789026e+00  1.250000e+01
     vertex -9.056152e-01  2.114205e+00  1.250000e+01
     vertex -8.472732e-01  2.138254e+00  1.250000e+01
   endloop
 endfacet
 facet normal  0.000000e+00  0.000000e+00  1.000000e+00
   outer loop
     vertex  2.811176e+00 -1.047516e+00  1.250000e+01
     vertex  2.132392e+00 -8.619202e-01  1.250000e+01
     vertex  2.781380e+00 -1.124244e+00  1.250000e+01
   endloop
 endfacet
 facet normal  0.000000e+00  0.000000e+00  1.000000e+00
   outer loop
     vertex  2.811176e+00 -1.047516e+00  1.250000e+01
     vertex  2.155235e+00 -8.030957e-01  1.250000e+01
     vertex  2.132392e+00 -8.619202e-01  1.250000e+01
   endloop
 endfacet
 facet normal  0.000000e+00  0.000000e+00  1.000000e+00
   outer loop
     vertex -1.028209e+00  2.818295e+00  1.250000e+01
     vertex -1.105139e+00  2.789026e+00  1.250000e+01
     vertex -7.882933e-01  2.160693e+00  1.250000e+01
   endloop
 endfacet
 facet normal  0.000000e+00  0.000000e+00  1.000000e+00
   outer loop
     vertex  2.838855e+00 -9.699999e-01  1.250000e+01
     vertex  2.176456e+00 -7.436666e-01  1.250000e+01
     vertex  2.155235e+00 -8.030957e-01  1.250000e+01
   endloop
 endfacet
 facet normal  0.000000e+00  0.000000e+00  1.000000e+00
   outer loop
     vertex  2.838855e+00 -9.699999e-01  1.250000e+01
     vertex  2.196038e+00 -6.836777e-01  1.250000e+01
     vertex  2.176456e+00 -7.436666e-01  1.250000e+01
   endloop
 endfacet
 facet normal  0.000000e+00  0.000000e+00  1.000000e+00
   outer loop
     vertex  2.838855e+00 -9.699999e-01  1.250000e+01
     vertex  2.155235e+00 -8.030957e-01  1.250000e+01
     vertex  2.811176e+00 -1.047516e+00  1.250000e+01
   endloop
 endfacet
 facet normal  0.000000e+00  0.000000e+00  1.000000e+00
   outer loop
     vertex -9.505045e-01  2.845442e+00  1.250000e+01
     vertex -1.028209e+00  2.818295e+00  1.250000e+01
     vertex -7.882933e-01  2.160693e+00  1.250000e+01
   endloop
 endfacet
 facet normal  0.000000e+00  0.000000e+00  1.000000e+00
   outer loop
     vertex -9.505045e-01  2.845442e+00  1.250000e+01
     vertex -7.882933e-01  2.160693e+00  1.250000e+01
     vertex -7.287201e-01  2.181506e+00  1.250000e+01
   endloop
 endfacet
 facet normal  0.000000e+00  0.000000e+00  1.000000e+00
   outer loop
     vertex  2.864398e+00 -8.917535e-01  1.250000e+01
     vertex  2.196038e+00 -6.836777e-01  1.250000e+01
     vertex  2.838855e+00 -9.699999e-01  1.250000e+01
   endloop
 endfacet
 facet normal  0.000000e+00  0.000000e+00  1.000000e+00
   outer loop
     vertex -8.720847e-01  2.870447e+00  1.250000e+01
     vertex -9.505045e-01  2.845442e+00  1.250000e+01
     vertex -7.287201e-01  2.181506e+00  1.250000e+01
   endloop
 endfacet
 facet normal  0.000000e+00  0.000000e+00  1.000000e+00
   outer loop
     vertex -8.720847e-01  2.870447e+00  1.250000e+01
     vertex -7.287201e-01  2.181506e+00  1.250000e+01
     vertex -6.685983e-01  2.200676e+00  1.250000e+01
   endloop
 endfacet
 facet normal  0.000000e+00  0.000000e+00  1.000000e+00
   outer loop
     vertex  2.887784e+00 -8.128358e-01  1.250000e+01
     vertex  2.196038e+00 -6.836777e-01  1.250000e+01
     vertex  2.864398e+00 -8.917535e-01  1.250000e+01
   endloop
 endfacet
 facet normal  0.000000e+00  0.000000e+00  1.000000e+00
   outer loop
     vertex  2.887784e+00 -8.128358e-01  1.250000e+01
     vertex  2.213968e+00 -6.231741e-01  1.250000e+01
     vertex  2.196038e+00 -6.836777e-01  1.250000e+01
   endloop
 endfacet
 facet normal  0.000000e+00  0.000000e+00  1.000000e+00
   outer loop
     vertex -7.930085e-01  2.893292e+00  1.250000e+01
     vertex -8.720847e-01  2.870447e+00  1.250000e+01
     vertex -6.685983e-01  2.200676e+00  1.250000e+01
   endloop
 endfacet
 facet normal  0.000000e+00  0.000000e+00  1.000000e+00
   outer loop
     vertex -7.930085e-01  2.893292e+00  1.250000e+01
     vertex -6.685983e-01  2.200676e+00  1.250000e+01
     vertex -6.079732e-01  2.218190e+00  1.250000e+01
   endloop
 endfacet
 facet normal  0.000000e+00  0.000000e+00  1.000000e+00
   outer loop
     vertex  2.908997e+00 -7.333063e-01  1.250000e+01
     vertex  2.230231e+00 -5.622015e-01  1.250000e+01
     vertex  2.213968e+00 -6.231741e-01  1.250000e+01
   endloop
 endfacet
 facet normal  0.000000e+00  0.000000e+00  1.000000e+00
   outer loop
     vertex  2.908997e+00 -7.333063e-01  1.250000e+01
     vertex  2.213968e+00 -6.231741e-01  1.250000e+01
     vertex  2.887784e+00 -8.128358e-01  1.250000e+01
   endloop
 endfacet
 facet normal  0.000000e+00  0.000000e+00  1.000000e+00
   outer loop
     vertex -7.133353e-01  2.913958e+00  1.250000e+01
     vertex -7.930085e-01  2.893292e+00  1.250000e+01
     vertex -6.079732e-01  2.218190e+00  1.250000e+01
   endloop
 endfacet
 facet normal  0.000000e+00  0.000000e+00  1.000000e+00
   outer loop
     vertex -7.133353e-01  2.913958e+00  1.250000e+01
     vertex -6.079732e-01  2.218190e+00  1.250000e+01
     vertex -5.468904e-01  2.234035e+00  1.250000e+01
   endloop
 endfacet
 facet normal  0.000000e+00  0.000000e+00  1.000000e+00
   outer loop
     vertex  2.928019e+00 -6.532247e-01  1.250000e+01
     vertex  2.244815e+00 -5.008056e-01  1.250000e+01
     vertex  2.230231e+00 -5.622015e-01  1.250000e+01
   endloop
 endfacet
 facet normal  0.000000e+00  0.000000e+00  1.000000e+00
   outer loop
     vertex  2.928019e+00 -6.532247e-01  1.250000e+01
     vertex  2.230231e+00 -5.622015e-01  1.250000e+01
     vertex  2.908997e+00 -7.333063e-01  1.250000e+01
   endloop
 endfacet
 facet normal  0.000000e+00  0.000000e+00  1.000000e+00
   outer loop
     vertex -6.331251e-01  2.932431e+00  1.250000e+01
     vertex -7.133353e-01  2.913958e+00  1.250000e+01
     vertex -5.468904e-01  2.234035e+00  1.250000e+01
   endloop
 endfacet
 facet normal  0.000000e+00  0.000000e+00  1.000000e+00
   outer loop
     vertex -6.331251e-01  2.932431e+00  1.250000e+01
     vertex -5.468904e-01  2.234035e+00  1.250000e+01
     vertex -4.853959e-01  2.248197e+00  1.250000e+01
   endloop
 endfacet
 facet normal  0.000000e+00  0.000000e+00  1.000000e+00
   outer loop
     vertex  2.944838e+00 -5.726514e-01  1.250000e+01
     vertex  2.257709e+00 -4.390328e-01  1.250000e+01
     vertex  2.244815e+00 -5.008056e-01  1.250000e+01
   endloop
 endfacet
 facet normal  0.000000e+00  0.000000e+00  1.000000e+00
   outer loop
     vertex  2.944838e+00 -5.726514e-01  1.250000e+01
     vertex  2.244815e+00 -5.008056e-01  1.250000e+01
     vertex  2.928019e+00 -6.532247e-01  1.250000e+01
   endloop
 endfacet
 facet normal  0.000000e+00  0.000000e+00  1.000000e+00
   outer loop
     vertex -5.524384e-01  2.948697e+00  1.250000e+01
     vertex -6.331251e-01  2.932431e+00  1.250000e+01
     vertex -4.853959e-01  2.248197e+00  1.250000e+01
   endloop
 endfacet
 facet normal  0.000000e+00  0.000000e+00  1.000000e+00
   outer loop
     vertex -5.524384e-01  2.948697e+00  1.250000e+01
     vertex -4.235361e-01  2.260667e+00  1.250000e+01
     vertex -3.613574e-01  2.271436e+00  1.250000e+01
   endloop
 endfacet
 facet normal  0.000000e+00  0.000000e+00  1.000000e+00
   outer loop
     vertex -5.524384e-01  2.948697e+00  1.250000e+01
     vertex -4.853959e-01  2.248197e+00  1.250000e+01
     vertex -4.235361e-01  2.260667e+00  1.250000e+01
   endloop
 endfacet
 facet normal  0.000000e+00  0.000000e+00  1.000000e+00
   outer loop
     vertex  2.959440e+00 -4.916471e-01  1.250000e+01
     vertex  2.268904e+00 -3.769294e-01  1.250000e+01
     vertex  2.257709e+00 -4.390328e-01  1.250000e+01
   endloop
 endfacet
 facet normal  0.000000e+00  0.000000e+00  1.000000e+00
   outer loop
     vertex  2.959440e+00 -4.916471e-01  1.250000e+01
     vertex  2.278390e+00 -3.145423e-01  1.250000e+01
     vertex  2.268904e+00 -3.769294e-01  1.250000e+01
   endloop
 endfacet
 facet normal  0.000000e+00  0.000000e+00  1.000000e+00
   outer loop
     vertex  2.959440e+00 -4.916471e-01  1.250000e+01
     vertex  2.257709e+00 -4.390328e-01  1.250000e+01
     vertex  2.944838e+00 -5.726514e-01  1.250000e+01
   endloop
 endfacet
 facet normal  0.000000e+00  0.000000e+00  1.000000e+00
   outer loop
     vertex -4.713358e-01  2.962742e+00  1.250000e+01
     vertex -5.524384e-01  2.948697e+00  1.250000e+01
     vertex -3.613574e-01  2.271436e+00  1.250000e+01
   endloop
 endfacet
 facet normal  0.000000e+00  0.000000e+00  1.000000e+00
   outer loop
     vertex  2.971814e+00 -4.102726e-01  1.250000e+01
     vertex  2.278390e+00 -3.145423e-01  1.250000e+01
     vertex  2.959440e+00 -4.916471e-01  1.250000e+01
   endloop
 endfacet
 facet normal  0.000000e+00  0.000000e+00  1.000000e+00
   outer loop
     vertex -3.898783e-01  2.974558e+00  1.250000e+01
     vertex -4.713358e-01  2.962742e+00  1.250000e+01
     vertex -3.613574e-01  2.271436e+00  1.250000e+01
   endloop
 endfacet
 facet normal  0.000000e+00  0.000000e+00  1.000000e+00
   outer loop
     vertex -3.898783e-01  2.974558e+00  1.250000e+01
     vertex -2.989067e-01  2.280494e+00  1.250000e+01
     vertex -2.362310e-01  2.287836e+00  1.250000e+01
   endloop
 endfacet
 facet normal  0.000000e+00  0.000000e+00  1.000000e+00
   outer loop
     vertex -3.898783e-01  2.974558e+00  1.250000e+01
     vertex -3.613574e-01  2.271436e+00  1.250000e+01
     vertex -2.989067e-01  2.280494e+00  1.250000e+01
   endloop
 endfacet
 facet normal  0.000000e+00  0.000000e+00  1.000000e+00
   outer loop
     vertex  2.981951e+00 -3.285893e-01  1.250000e+01
     vertex  2.278390e+00 -3.145423e-01  1.250000e+01
     vertex  2.971814e+00 -4.102726e-01  1.250000e+01
   endloop
 endfacet
 facet normal  0.000000e+00  0.000000e+00  1.000000e+00
   outer loop
     vertex  2.981951e+00 -3.285893e-01  1.250000e+01
     vertex  2.286162e+00 -2.519185e-01  1.250000e+01
     vertex  2.278390e+00 -3.145423e-01  1.250000e+01
   endloop
 endfacet
 facet normal  0.000000e+00  0.000000e+00  1.000000e+00
   outer loop
     vertex -3.081274e-01  2.984134e+00  1.250000e+01
     vertex -3.898783e-01  2.974558e+00  1.250000e+01
     vertex -2.362310e-01  2.287836e+00  1.250000e+01
   endloop
 endfacet
 facet normal  0.000000e+00  0.000000e+00  1.000000e+00
   outer loop
     vertex  2.989843e+00 -2.466587e-01  1.250000e+01
     vertex  2.292213e+00 -1.891050e-01  1.250000e+01
     vertex  2.286162e+00 -2.519185e-01  1.250000e+01
   endloop
 endfacet
 facet normal  0.000000e+00  0.000000e+00  1.000000e+00
   outer loop
     vertex  2.989843e+00 -2.466587e-01  1.250000e+01
     vertex  2.286162e+00 -2.519185e-01  1.250000e+01
     vertex  2.981951e+00 -3.285893e-01  1.250000e+01
   endloop
 endfacet
 facet normal  0.000000e+00  0.000000e+00  1.000000e+00
   outer loop
     vertex -2.261446e-01  2.991464e+00  1.250000e+01
     vertex -3.081274e-01  2.984134e+00  1.250000e+01
     vertex -2.362310e-01  2.287836e+00  1.250000e+01
   endloop
 endfacet
 facet normal  0.000000e+00  0.000000e+00  1.000000e+00
   outer loop
     vertex -2.261446e-01  2.991464e+00  1.250000e+01
     vertex -1.733775e-01  2.293456e+00  1.250000e+01
     vertex -1.103935e-01  2.297349e+00  1.250000e+01
   endloop
 endfacet
 facet normal  0.000000e+00  0.000000e+00  1.000000e+00
   outer loop
     vertex -2.261446e-01  2.991464e+00  1.250000e+01
     vertex -2.362310e-01  2.287836e+00  1.250000e+01
     vertex -1.733775e-01  2.293456e+00  1.250000e+01
   endloop
 endfacet
 facet normal  0.000000e+00  0.000000e+00  1.000000e+00
   outer loop
     vertex  2.995484e+00 -1.645423e-01  1.250000e+01
     vertex  2.296538e+00 -1.261491e-01  1.250000e+01
     vertex  2.292213e+00 -1.891050e-01  1.250000e+01
   endloop
 endfacet
 facet normal  0.000000e+00  0.000000e+00  1.000000e+00
   outer loop
     vertex  2.995484e+00 -1.645423e-01  1.250000e+01
     vertex  2.292213e+00 -1.891050e-01  1.250000e+01
     vertex  2.989843e+00 -2.466587e-01  1.250000e+01
   endloop
 endfacet
 facet normal  0.000000e+00  0.000000e+00  1.000000e+00
   outer loop
     vertex -1.439915e-01  2.996542e+00  1.250000e+01
     vertex -2.261446e-01  2.991464e+00  1.250000e+01
     vertex -1.103935e-01  2.297349e+00  1.250000e+01
   endloop
 endfacet
 facet normal  0.000000e+00  0.000000e+00  1.000000e+00
   outer loop
     vertex -1.439915e-01  2.996542e+00  1.250000e+01
     vertex -1.103935e-01  2.297349e+00  1.250000e+01
     vertex -4.732633e-02  2.299513e+00  1.250000e+01
   endloop
 endfacet
 facet normal  0.000000e+00  0.000000e+00  1.000000e+00
   outer loop
     vertex  2.998871e+00 -8.230214e-02  1.250000e+01
     vertex  2.296538e+00 -1.261491e-01  1.250000e+01
     vertex  2.995484e+00 -1.645423e-01  1.250000e+01
   endloop
 endfacet
 facet normal  0.000000e+00  0.000000e+00  1.000000e+00
   outer loop
     vertex  2.998871e+00 -8.230214e-02  1.250000e+01
     vertex  2.299134e+00 -6.309831e-02  1.250000e+01
     vertex  2.296538e+00 -1.261491e-01  1.250000e+01
   endloop
 endfacet
 facet normal  0.000000e+00  0.000000e+00  1.000000e+00
   outer loop
     vertex -6.173000e-02  2.999365e+00  1.250000e+01
     vertex -1.439915e-01  2.996542e+00  1.250000e+01
     vertex -4.732633e-02  2.299513e+00  1.250000e+01
   endloop
 endfacet
 facet normal  0.000000e+00  0.000000e+00  1.000000e+00
   outer loop
     vertex -6.173000e-02  2.999365e+00  1.250000e+01
     vertex -4.732633e-02  2.299513e+00  1.250000e+01
     vertex  1.577643e-02  2.299946e+00  1.250000e+01
   endloop
 endfacet
 facet normal  0.000000e+00  0.000000e+00  1.000000e+00
   outer loop
     vertex  3.000000e+00 -7.347881e-16  1.250000e+01
     vertex  2.300000e+00 -5.633375e-16  1.250000e+01
     vertex  2.299134e+00 -6.309831e-02  1.250000e+01
   endloop
 endfacet
 facet normal  0.000000e+00  0.000000e+00  1.000000e+00
   outer loop
     vertex  3.000000e+00 -7.347881e-16  1.250000e+01
     vertex  2.299134e+00 -6.309831e-02  1.250000e+01
     vertex  2.998871e+00 -8.230214e-02  1.250000e+01
   endloop
 endfacet
 facet normal  0.000000e+00  0.000000e+00  1.000000e+00
   outer loop
     vertex  2.057796e-02  2.999929e+00  1.250000e+01
     vertex  1.577643e-02  2.299946e+00  1.250000e+01
     vertex  7.886732e-02  2.298647e+00  1.250000e+01
   endloop
 endfacet
 facet normal  0.000000e+00  0.000000e+00  1.000000e+00
   outer loop
     vertex  2.057796e-02  2.999929e+00  1.250000e+01
     vertex -6.173000e-02  2.999365e+00  1.250000e+01
     vertex  1.577643e-02  2.299946e+00  1.250000e+01
   endloop
 endfacet
 facet normal  0.000000e+00  0.000000e+00  1.000000e+00
   outer loop
     vertex  2.998871e+00  8.230214e-02  1.250000e+01
     vertex  2.299134e+00  6.309831e-02  1.250000e+01
     vertex  2.300000e+00 -5.633375e-16  1.250000e+01
   endloop
 endfacet
 facet normal  0.000000e+00  0.000000e+00  1.000000e+00
   outer loop
     vertex  2.998871e+00  8.230214e-02  1.250000e+01
     vertex  2.300000e+00 -5.633375e-16  1.250000e+01
     vertex  3.000000e+00 -7.347881e-16  1.250000e+01
   endloop
 endfacet
 facet normal  0.000000e+00  0.000000e+00  1.000000e+00
   outer loop
     vertex  1.028704e-01  2.998236e+00  1.250000e+01
     vertex  2.057796e-02  2.999929e+00  1.250000e+01
     vertex  7.886732e-02  2.298647e+00  1.250000e+01
   endloop
 endfacet
 facet normal  0.000000e+00  0.000000e+00  1.000000e+00
   outer loop
     vertex  2.995484e+00  1.645423e-01  1.250000e+01
     vertex  2.296538e+00  1.261491e-01  1.250000e+01
     vertex  2.299134e+00  6.309831e-02  1.250000e+01
   endloop
 endfacet
 facet normal  0.000000e+00  0.000000e+00  1.000000e+00
   outer loop
     vertex  2.995484e+00  1.645423e-01  1.250000e+01
     vertex  2.299134e+00  6.309831e-02  1.250000e+01
     vertex  2.998871e+00  8.230214e-02  1.250000e+01
   endloop
 endfacet
 facet normal  0.000000e+00  0.000000e+00  1.000000e+00
   outer loop
     vertex  1.850854e-01  2.994285e+00  1.250000e+01
     vertex  1.028704e-01  2.998236e+00  1.250000e+01
     vertex  7.886732e-02  2.298647e+00  1.250000e+01
   endloop
 endfacet
 facet normal  0.000000e+00  0.000000e+00  1.000000e+00
   outer loop
     vertex  1.850854e-01  2.994285e+00  1.250000e+01
     vertex  7.886732e-02  2.298647e+00  1.250000e+01
     vertex  1.418988e-01  2.295619e+00  1.250000e+01
   endloop
 endfacet
 facet normal  0.000000e+00  0.000000e+00  1.000000e+00
   outer loop
     vertex  2.989843e+00  2.466587e-01  1.250000e+01
     vertex  2.292213e+00  1.891050e-01  1.250000e+01
     vertex  2.296538e+00  1.261491e-01  1.250000e+01
   endloop
 endfacet
 facet normal  0.000000e+00  0.000000e+00  1.000000e+00
   outer loop
     vertex  2.989843e+00  2.466587e-01  1.250000e+01
     vertex  2.296538e+00  1.261491e-01  1.250000e+01
     vertex  2.995484e+00  1.645423e-01  1.250000e+01
   endloop
 endfacet
 facet normal  0.000000e+00  0.000000e+00  1.000000e+00
   outer loop
     vertex  2.671611e-01  2.988080e+00  1.250000e+01
     vertex  1.850854e-01  2.994285e+00  1.250000e+01
     vertex  1.418988e-01  2.295619e+00  1.250000e+01
   endloop
 endfacet
 facet normal  0.000000e+00  0.000000e+00  1.000000e+00
   outer loop
     vertex  2.671611e-01  2.988080e+00  1.250000e+01
     vertex  1.418988e-01  2.295619e+00  1.250000e+01
     vertex  2.048235e-01  2.290862e+00  1.250000e+01
   endloop
 endfacet
 facet normal  0.000000e+00  0.000000e+00  1.000000e+00
   outer loop
     vertex  2.981951e+00  3.285893e-01  1.250000e+01
     vertex  2.292213e+00  1.891050e-01  1.250000e+01
     vertex  2.989843e+00  2.466587e-01  1.250000e+01
   endloop
 endfacet
 facet normal  0.000000e+00  0.000000e+00  1.000000e+00
   outer loop
     vertex  2.981951e+00  3.285893e-01  1.250000e+01
     vertex  2.286162e+00  2.519185e-01  1.250000e+01
     vertex  2.292213e+00  1.891050e-01  1.250000e+01
   endloop
 endfacet
 facet normal  0.000000e+00  0.000000e+00  1.000000e+00
   outer loop
     vertex  2.981951e+00  3.285893e-01  1.250000e+01
     vertex  2.278390e+00  3.145423e-01  1.250000e+01
     vertex  2.286162e+00  2.519185e-01  1.250000e+01
   endloop
 endfacet
 facet normal  0.000000e+00  0.000000e+00  1.000000e+00
   outer loop
     vertex  3.490357e-01  2.979626e+00  1.250000e+01
     vertex  2.671611e-01  2.988080e+00  1.250000e+01
     vertex  2.048235e-01  2.290862e+00  1.250000e+01
   endloop
 endfacet
 facet normal  0.000000e+00  0.000000e+00  1.000000e+00
   outer loop
     vertex  3.490357e-01  2.979626e+00  1.250000e+01
     vertex  2.675941e-01  2.284380e+00  1.250000e+01
     vertex  3.301631e-01  2.276179e+00  1.250000e+01
   endloop
 endfacet
 facet normal  0.000000e+00  0.000000e+00  1.000000e+00
   outer loop
     vertex  3.490357e-01  2.979626e+00  1.250000e+01
     vertex  2.048235e-01  2.290862e+00  1.250000e+01
     vertex  2.675941e-01  2.284380e+00  1.250000e+01
   endloop
 endfacet
 facet normal  0.000000e+00  0.000000e+00  1.000000e+00
   outer loop
     vertex  2.971814e+00  4.102726e-01  1.250000e+01
     vertex  2.278390e+00  3.145423e-01  1.250000e+01
     vertex  2.981951e+00  3.285893e-01  1.250000e+01
   endloop
 endfacet
 facet normal  0.000000e+00  0.000000e+00  1.000000e+00
   outer loop
     vertex  4.306476e-01  2.968930e+00  1.250000e+01
     vertex  3.490357e-01  2.979626e+00  1.250000e+01
     vertex  3.301631e-01  2.276179e+00  1.250000e+01
   endloop
 endfacet
 facet normal  0.000000e+00  0.000000e+00  1.000000e+00
   outer loop
     vertex  4.306476e-01  2.968930e+00  1.250000e+01
     vertex  3.301631e-01  2.276179e+00  1.250000e+01
     vertex  3.924837e-01  2.266265e+00  1.250000e+01
   endloop
 endfacet
 facet normal  0.000000e+00  0.000000e+00  1.000000e+00
   outer loop
     vertex  2.959440e+00  4.916471e-01  1.250000e+01
     vertex  2.268904e+00  3.769294e-01  1.250000e+01
     vertex  2.278390e+00  3.145423e-01  1.250000e+01
   endloop
 endfacet
 facet normal  0.000000e+00  0.000000e+00  1.000000e+00
   outer loop
     vertex  2.959440e+00  4.916471e-01  1.250000e+01
     vertex  2.257709e+00  4.390328e-01  1.250000e+01
     vertex  2.268904e+00  3.769294e-01  1.250000e+01
   endloop
 endfacet
 facet normal  0.000000e+00  0.000000e+00  1.000000e+00
   outer loop
     vertex  2.959440e+00  4.916471e-01  1.250000e+01
     vertex  2.278390e+00  3.145423e-01  1.250000e+01
     vertex  2.971814e+00  4.102726e-01  1.250000e+01
   endloop
 endfacet
 facet normal  0.000000e+00  0.000000e+00  1.000000e+00
   outer loop
     vertex  5.119352e-01  2.955998e+00  1.250000e+01
     vertex  4.306476e-01  2.968930e+00  1.250000e+01
     vertex  3.924837e-01  2.266265e+00  1.250000e+01
   endloop
 endfacet
 facet normal  0.000000e+00  0.000000e+00  1.000000e+00
   outer loop
     vertex  5.119352e-01  2.955998e+00  1.250000e+01
     vertex  3.924837e-01  2.266265e+00  1.250000e+01
     vertex  4.545088e-01  2.254644e+00  1.250000e+01
   endloop
 endfacet
 facet normal  0.000000e+00  0.000000e+00  1.000000e+00
   outer loop
     vertex  2.944838e+00  5.726514e-01  1.250000e+01
     vertex  2.244815e+00  5.008056e-01  1.250000e+01
     vertex  2.257709e+00  4.390328e-01  1.250000e+01
   endloop
 endfacet
 facet normal  0.000000e+00  0.000000e+00  1.000000e+00
   outer loop
     vertex  2.944838e+00  5.726514e-01  1.250000e+01
     vertex  2.257709e+00  4.390328e-01  1.250000e+01
     vertex  2.959440e+00  4.916471e-01  1.250000e+01
   endloop
 endfacet
 facet normal  0.000000e+00  0.000000e+00  1.000000e+00
   outer loop
     vertex  5.928375e-01  2.940841e+00  1.250000e+01
     vertex  5.119352e-01  2.955998e+00  1.250000e+01
     vertex  4.545088e-01  2.254644e+00  1.250000e+01
   endloop
 endfacet
 facet normal  0.000000e+00  0.000000e+00  1.000000e+00
   outer loop
     vertex  2.928019e+00  6.532247e-01  1.250000e+01
     vertex  2.230231e+00  5.622015e-01  1.250000e+01
     vertex  2.244815e+00  5.008056e-01  1.250000e+01
   endloop
 endfacet
 facet normal  0.000000e+00  0.000000e+00  1.000000e+00
   outer loop
     vertex  2.928019e+00  6.532247e-01  1.250000e+01
     vertex  2.244815e+00  5.008056e-01  1.250000e+01
     vertex  2.944838e+00  5.726514e-01  1.250000e+01
   endloop
 endfacet
 facet normal  0.000000e+00  0.000000e+00  1.000000e+00
   outer loop
     vertex  6.732936e-01  2.923470e+00  1.250000e+01
     vertex  4.545088e-01  2.254644e+00  1.250000e+01
     vertex  5.161917e-01  2.241327e+00  1.250000e+01
   endloop
 endfacet
 facet normal  0.000000e+00  0.000000e+00  1.000000e+00
   outer loop
     vertex  6.732936e-01  2.923470e+00  1.250000e+01
     vertex  5.928375e-01  2.940841e+00  1.250000e+01
     vertex  4.545088e-01  2.254644e+00  1.250000e+01
   endloop
 endfacet
 facet normal  0.000000e+00  0.000000e+00  1.000000e+00
   outer loop
     vertex  2.908997e+00  7.333063e-01  1.250000e+01
     vertex  2.230231e+00  5.622015e-01  1.250000e+01
     vertex  2.928019e+00  6.532247e-01  1.250000e+01
   endloop
 endfacet
 facet normal  0.000000e+00  0.000000e+00  1.000000e+00
   outer loop
     vertex  7.532428e-01  2.903898e+00  1.250000e+01
     vertex  5.161917e-01  2.241327e+00  1.250000e+01
     vertex  5.774861e-01  2.226322e+00  1.250000e+01
   endloop
 endfacet
 facet normal  0.000000e+00  0.000000e+00  1.000000e+00
   outer loop
     vertex  7.532428e-01  2.903898e+00  1.250000e+01
     vertex  6.732936e-01  2.923470e+00  1.250000e+01
     vertex  5.161917e-01  2.241327e+00  1.250000e+01
   endloop
 endfacet
 facet normal  0.000000e+00  0.000000e+00  1.000000e+00
   outer loop
     vertex  2.887784e+00  8.128358e-01  1.250000e+01
     vertex  2.213968e+00  6.231741e-01  1.250000e+01
     vertex  2.230231e+00  5.622015e-01  1.250000e+01
   endloop
 endfacet
 facet normal  0.000000e+00  0.000000e+00  1.000000e+00
   outer loop
     vertex  2.887784e+00  8.128358e-01  1.250000e+01
     vertex  2.230231e+00  5.622015e-01  1.250000e+01
     vertex  2.908997e+00  7.333063e-01  1.250000e+01
   endloop
 endfacet
 facet normal  0.000000e+00  0.000000e+00  1.000000e+00
   outer loop
     vertex  8.326249e-01  2.882141e+00  1.250000e+01
     vertex  5.774861e-01  2.226322e+00  1.250000e+01
     vertex  6.383458e-01  2.209641e+00  1.250000e+01
   endloop
 endfacet
 facet normal  0.000000e+00  0.000000e+00  1.000000e+00
   outer loop
     vertex  8.326249e-01  2.882141e+00  1.250000e+01
     vertex  7.532428e-01  2.903898e+00  1.250000e+01
     vertex  5.774861e-01  2.226322e+00  1.250000e+01
   endloop
 endfacet
 facet normal  0.000000e+00  0.000000e+00  1.000000e+00
   outer loop
     vertex  2.864398e+00  8.917535e-01  1.250000e+01
     vertex  2.196038e+00  6.836777e-01  1.250000e+01
     vertex  2.213968e+00  6.231741e-01  1.250000e+01
   endloop
 endfacet
 facet normal  0.000000e+00  0.000000e+00  1.000000e+00
   outer loop
     vertex  2.864398e+00  8.917535e-01  1.250000e+01
     vertex  2.176456e+00  7.436666e-01  1.250000e+01
     vertex  2.196038e+00  6.836777e-01  1.250000e+01
   endloop
 endfacet
 facet normal  0.000000e+00  0.000000e+00  1.000000e+00
   outer loop
     vertex  2.864398e+00  8.917535e-01  1.250000e+01
     vertex  2.213968e+00  6.231741e-01  1.250000e+01
     vertex  2.887784e+00  8.128358e-01  1.250000e+01
   endloop
 endfacet
 facet normal  0.000000e+00  0.000000e+00  1.000000e+00
   outer loop
     vertex  9.113803e-01  2.858214e+00  1.250000e+01
     vertex  8.326249e-01  2.882141e+00  1.250000e+01
     vertex  6.383458e-01  2.209641e+00  1.250000e+01
   endloop
 endfacet
 facet normal  0.000000e+00  0.000000e+00  1.000000e+00
   outer loop
     vertex  9.113803e-01  2.858214e+00  1.250000e+01
     vertex  6.383458e-01  2.209641e+00  1.250000e+01
     vertex  6.987249e-01  2.191297e+00  1.250000e+01
   endloop
 endfacet
 facet normal  0.000000e+00  0.000000e+00  1.000000e+00
   outer loop
     vertex  2.838855e+00  9.699999e-01  1.250000e+01
     vertex  2.155235e+00  8.030957e-01  1.250000e+01
     vertex  2.176456e+00  7.436666e-01  1.250000e+01
   endloop
 endfacet
 facet normal  0.000000e+00  0.000000e+00  1.000000e+00
   outer loop
     vertex  2.838855e+00  9.699999e-01  1.250000e+01
     vertex  2.176456e+00  7.436666e-01  1.250000e+01
     vertex  2.864398e+00  8.917535e-01  1.250000e+01
   endloop
 endfacet
 facet normal  0.000000e+00  0.000000e+00  1.000000e+00
   outer loop
     vertex  9.894497e-01  2.832135e+00  1.250000e+01
     vertex  7.585781e-01  2.171304e+00  1.250000e+01
     vertex  8.178602e-01  2.149675e+00  1.250000e+01
   endloop
 endfacet
 facet normal  0.000000e+00  0.000000e+00  1.000000e+00
   outer loop
     vertex  9.894497e-01  2.832135e+00  1.250000e+01
     vertex  6.987249e-01  2.191297e+00  1.250000e+01
     vertex  7.585781e-01  2.171304e+00  1.250000e+01
   endloop
 endfacet
 facet normal  0.000000e+00  0.000000e+00  1.000000e+00
   outer loop
     vertex  9.894497e-01  2.832135e+00  1.250000e+01
     vertex  9.113803e-01  2.858214e+00  1.250000e+01
     vertex  6.987249e-01  2.191297e+00  1.250000e+01
   endloop
 endfacet
 facet normal  0.000000e+00  0.000000e+00  1.000000e+00
   outer loop
     vertex  2.811176e+00  1.047516e+00  1.250000e+01
     vertex  2.155235e+00  8.030957e-01  1.250000e+01
     vertex  2.838855e+00  9.699999e-01  1.250000e+01
   endloop
 endfacet
 facet normal  0.000000e+00  0.000000e+00  1.000000e+00
   outer loop
     vertex  2.811176e+00  1.047516e+00  1.250000e+01
     vertex  2.132392e+00  8.619202e-01  1.250000e+01
     vertex  2.155235e+00  8.030957e-01  1.250000e+01
   endloop
 endfacet
 facet normal  0.000000e+00  0.000000e+00  1.000000e+00
   outer loop
     vertex  1.066774e+00  2.803925e+00  1.250000e+01
     vertex  9.894497e-01  2.832135e+00  1.250000e+01
     vertex  8.178602e-01  2.149675e+00  1.250000e+01
   endloop
 endfacet
 facet normal  0.000000e+00  0.000000e+00  1.000000e+00
   outer loop
     vertex  2.781380e+00  1.124244e+00  1.250000e+01
     vertex  2.132392e+00  8.619202e-01  1.250000e+01
     vertex  2.811176e+00  1.047516e+00  1.250000e+01
   endloop
 endfacet
 facet normal  0.000000e+00  0.000000e+00  1.000000e+00
   outer loop
     vertex  1.143296e+00  2.773603e+00  1.250000e+01
     vertex  1.066774e+00  2.803925e+00  1.250000e+01
     vertex  8.178602e-01  2.149675e+00  1.250000e+01
   endloop
 endfacet
 facet normal  0.000000e+00  0.000000e+00  1.000000e+00
   outer loop
     vertex  1.143296e+00  2.773603e+00  1.250000e+01
     vertex  8.178602e-01  2.149675e+00  1.250000e+01
     vertex  8.765267e-01  2.126429e+00  1.250000e+01
   endloop
 endfacet
 facet normal  0.000000e+00  0.000000e+00  1.000000e+00
   outer loop
     vertex  2.749491e+00  1.200125e+00  1.250000e+01
     vertex  2.132392e+00  8.619202e-01  1.250000e+01
     vertex  2.781380e+00  1.124244e+00  1.250000e+01
   endloop
 endfacet
 facet normal  0.000000e+00  0.000000e+00  1.000000e+00
   outer loop
     vertex  2.749491e+00  1.200125e+00  1.250000e+01
     vertex  2.107943e+00  9.200959e-01  1.250000e+01
     vertex  2.132392e+00  8.619202e-01  1.250000e+01
   endloop
 endfacet
 facet normal  0.000000e+00  0.000000e+00  1.000000e+00
   outer loop
     vertex  1.218957e+00  2.741194e+00  1.250000e+01
     vertex  1.143296e+00  2.773603e+00  1.250000e+01
     vertex  8.765267e-01  2.126429e+00  1.250000e+01
   endloop
 endfacet
 facet normal  0.000000e+00  0.000000e+00  1.000000e+00
   outer loop
     vertex  1.218957e+00  2.741194e+00  1.250000e+01
     vertex  8.765267e-01  2.126429e+00  1.250000e+01
     vertex  9.345333e-01  2.101582e+00  1.250000e+01
   endloop
 endfacet
 facet normal  0.000000e+00  0.000000e+00  1.000000e+00
   outer loop
     vertex  2.715532e+00  1.275103e+00  1.250000e+01
     vertex  2.107943e+00  9.200959e-01  1.250000e+01
     vertex  2.749491e+00  1.200125e+00  1.250000e+01
   endloop
 endfacet
 facet normal  0.000000e+00  0.000000e+00  1.000000e+00
   outer loop
     vertex  2.715532e+00  1.275103e+00  1.250000e+01
     vertex  2.081908e+00  9.775790e-01  1.250000e+01
     vertex  2.107943e+00  9.200959e-01  1.250000e+01
   endloop
 endfacet
 facet normal  0.000000e+00  0.000000e+00  1.000000e+00
   outer loop
     vertex  2.715532e+00  1.275103e+00  1.250000e+01
     vertex  2.054305e+00  1.034326e+00  1.250000e+01
     vertex  2.081908e+00  9.775790e-01  1.250000e+01
   endloop
 endfacet
 facet normal  0.000000e+00  0.000000e+00  1.000000e+00
   outer loop
     vertex  1.293700e+00  2.706721e+00  1.250000e+01
     vertex  1.218957e+00  2.741194e+00  1.250000e+01
     vertex  9.345333e-01  2.101582e+00  1.250000e+01
   endloop
 endfacet
 facet normal  0.000000e+00  0.000000e+00  1.000000e+00
   outer loop
     vertex  1.293700e+00  2.706721e+00  1.250000e+01
     vertex  9.918365e-01  2.075153e+00  1.250000e+01
     vertex  1.048393e+00  2.047162e+00  1.250000e+01
   endloop
 endfacet
 facet normal  0.000000e+00  0.000000e+00  1.000000e+00
   outer loop
     vertex  1.293700e+00  2.706721e+00  1.250000e+01
     vertex  9.345333e-01  2.101582e+00  1.250000e+01
     vertex  9.918365e-01  2.075153e+00  1.250000e+01
   endloop
 endfacet
 facet normal  0.000000e+00  0.000000e+00  1.000000e+00
   outer loop
     vertex  2.679528e+00  1.349121e+00  1.250000e+01
     vertex  2.025156e+00  1.090295e+00  1.250000e+01
     vertex  2.054305e+00  1.034326e+00  1.250000e+01
   endloop
 endfacet
 facet normal  0.000000e+00  0.000000e+00  1.000000e+00
   outer loop
     vertex  2.679528e+00  1.349121e+00  1.250000e+01
     vertex  2.054305e+00  1.034326e+00  1.250000e+01
     vertex  2.715532e+00  1.275103e+00  1.250000e+01
   endloop
 endfacet
 facet normal  0.000000e+00  0.000000e+00  1.000000e+00
   outer loop
     vertex  1.367469e+00  2.670211e+00  1.250000e+01
     vertex  1.293700e+00  2.706721e+00  1.250000e+01
     vertex  1.048393e+00  2.047162e+00  1.250000e+01
   endloop
 endfacet
 facet normal  0.000000e+00  0.000000e+00  1.000000e+00
   outer loop
     vertex  2.641508e+00  1.422124e+00  1.250000e+01
     vertex  2.025156e+00  1.090295e+00  1.250000e+01
     vertex  2.679528e+00  1.349121e+00  1.250000e+01
   endloop
 endfacet
 facet normal  0.000000e+00  0.000000e+00  1.000000e+00
   outer loop
     vertex  1.440209e+00  2.631691e+00  1.250000e+01
     vertex  1.367469e+00  2.670211e+00  1.250000e+01
     vertex  1.048393e+00  2.047162e+00  1.250000e+01
   endloop
 endfacet
 facet normal  0.000000e+00  0.000000e+00  1.000000e+00
   outer loop
     vertex  1.440209e+00  2.631691e+00  1.250000e+01
     vertex  1.048393e+00  2.047162e+00  1.250000e+01
     vertex  1.104160e+00  2.017630e+00  1.250000e+01
   endloop
 endfacet
 facet normal  0.000000e+00  0.000000e+00  1.000000e+00
   outer loop
     vertex  2.601499e+00  1.494056e+00  1.250000e+01
     vertex  2.025156e+00  1.090295e+00  1.250000e+01
     vertex  2.641508e+00  1.422124e+00  1.250000e+01
   endloop
 endfacet
 facet normal  0.000000e+00  0.000000e+00  1.000000e+00
   outer loop
     vertex  2.601499e+00  1.494056e+00  1.250000e+01
     vertex  1.994483e+00  1.145443e+00  1.250000e+01
     vertex  2.025156e+00  1.090295e+00  1.250000e+01
   endloop
 endfacet
 facet normal  0.000000e+00  0.000000e+00  1.000000e+00
   outer loop
     vertex  1.511865e+00  2.591190e+00  1.250000e+01
     vertex  1.440209e+00  2.631691e+00  1.250000e+01
     vertex  1.104160e+00  2.017630e+00  1.250000e+01
   endloop
 endfacet
 facet normal  0.000000e+00  0.000000e+00  1.000000e+00
   outer loop
     vertex  1.511865e+00  2.591190e+00  1.250000e+01
     vertex  1.104160e+00  2.017630e+00  1.250000e+01
     vertex  1.159097e+00  1.986579e+00  1.250000e+01
   endloop
 endfacet
 facet normal  0.000000e+00  0.000000e+00  1.000000e+00
   outer loop
     vertex  2.559532e+00  1.564863e+00  1.250000e+01
     vertex  1.962308e+00  1.199728e+00  1.250000e+01
     vertex  1.994483e+00  1.145443e+00  1.250000e+01
   endloop
 endfacet
 facet normal  0.000000e+00  0.000000e+00  1.000000e+00
   outer loop
     vertex  2.559532e+00  1.564863e+00  1.250000e+01
     vertex  1.994483e+00  1.145443e+00  1.250000e+01
     vertex  2.601499e+00  1.494056e+00  1.250000e+01
   endloop
 endfacet
 facet normal  0.000000e+00  0.000000e+00  1.000000e+00
   outer loop
     vertex  1.582383e+00  2.548738e+00  1.250000e+01
     vertex  1.511865e+00  2.591190e+00  1.250000e+01
     vertex  1.159097e+00  1.986579e+00  1.250000e+01
   endloop
 endfacet
 facet normal  0.000000e+00  0.000000e+00  1.000000e+00
   outer loop
     vertex  1.582383e+00  2.548738e+00  1.250000e+01
     vertex  1.213160e+00  1.954032e+00  1.250000e+01
     vertex  1.266311e+00  1.920015e+00  1.250000e+01
   endloop
 endfacet
 facet normal  0.000000e+00  0.000000e+00  1.000000e+00
   outer loop
     vertex  1.582383e+00  2.548738e+00  1.250000e+01
     vertex  1.159097e+00  1.986579e+00  1.250000e+01
     vertex  1.213160e+00  1.954032e+00  1.250000e+01
   endloop
 endfacet
 facet normal  0.000000e+00  0.000000e+00  1.000000e+00
   outer loop
     vertex  2.515638e+00  1.634492e+00  1.250000e+01
     vertex  1.962308e+00  1.199728e+00  1.250000e+01
     vertex  2.559532e+00  1.564863e+00  1.250000e+01
   endloop
 endfacet
 facet normal  0.000000e+00  0.000000e+00  1.000000e+00
   outer loop
     vertex  2.515638e+00  1.634492e+00  1.250000e+01
     vertex  1.928656e+00  1.253111e+00  1.250000e+01
     vertex  1.962308e+00  1.199728e+00  1.250000e+01
   endloop
 endfacet
 facet normal  0.000000e+00  0.000000e+00  1.000000e+00
   outer loop
     vertex  2.515638e+00  1.634492e+00  1.250000e+01
     vertex  1.893552e+00  1.305550e+00  1.250000e+01
     vertex  1.928656e+00  1.253111e+00  1.250000e+01
   endloop
 endfacet
 facet normal  0.000000e+00  0.000000e+00  1.000000e+00
   outer loop
     vertex  1.651709e+00  2.504367e+00  1.250000e+01
     vertex  1.582383e+00  2.548738e+00  1.250000e+01
     vertex  1.266311e+00  1.920015e+00  1.250000e+01
   endloop
 endfacet
 facet normal  0.000000e+00  0.000000e+00  1.000000e+00
   outer loop
     vertex  2.469850e+00  1.702891e+00  1.250000e+01
     vertex  1.893552e+00  1.305550e+00  1.250000e+01
     vertex  2.515638e+00  1.634492e+00  1.250000e+01
   endloop
 endfacet
 facet normal  0.000000e+00  0.000000e+00  1.000000e+00
   outer loop
     vertex  1.719793e+00  2.458112e+00  1.250000e+01
     vertex  1.651709e+00  2.504367e+00  1.250000e+01
     vertex  1.266311e+00  1.920015e+00  1.250000e+01
   endloop
 endfacet
 facet normal  0.000000e+00  0.000000e+00  1.000000e+00
   outer loop
     vertex  1.719793e+00  2.458112e+00  1.250000e+01
     vertex  1.266311e+00  1.920015e+00  1.250000e+01
     vertex  1.318508e+00  1.884552e+00  1.250000e+01
   endloop
 endfacet
 facet normal  0.000000e+00  0.000000e+00  1.000000e+00
   outer loop
     vertex  2.422204e+00  1.770008e+00  1.250000e+01
     vertex  1.893552e+00  1.305550e+00  1.250000e+01
     vertex  2.469850e+00  1.702891e+00  1.250000e+01
   endloop
 endfacet
 facet normal  0.000000e+00  0.000000e+00  1.000000e+00
   outer loop
     vertex  2.422204e+00  1.770008e+00  1.250000e+01
     vertex  1.857023e+00  1.357006e+00  1.250000e+01
     vertex  1.893552e+00  1.305550e+00  1.250000e+01
   endloop
 endfacet
 facet normal  0.000000e+00  0.000000e+00  1.000000e+00
   outer loop
     vertex  1.786581e+00  2.410006e+00  1.250000e+01
     vertex  1.719793e+00  2.458112e+00  1.250000e+01
     vertex  1.318508e+00  1.884552e+00  1.250000e+01
   endloop
 endfacet
 facet normal  0.000000e+00  0.000000e+00  1.000000e+00
   outer loop
     vertex  1.786581e+00  2.410006e+00  1.250000e+01
     vertex  1.369712e+00  1.847671e+00  1.250000e+01
     vertex  1.419886e+00  1.809399e+00  1.250000e+01
   endloop
 endfacet
 facet normal  0.000000e+00  0.000000e+00  1.000000e+00
   outer loop
     vertex  1.786581e+00  2.410006e+00  1.250000e+01
     vertex  1.318508e+00  1.884552e+00  1.250000e+01
     vertex  1.369712e+00  1.847671e+00  1.250000e+01
   endloop
 endfacet
 facet normal  0.000000e+00  0.000000e+00  1.000000e+00
   outer loop
     vertex  2.372733e+00  1.835793e+00  1.250000e+01
     vertex  1.857023e+00  1.357006e+00  1.250000e+01
     vertex  2.422204e+00  1.770008e+00  1.250000e+01
   endloop
 endfacet
 facet normal  0.000000e+00  0.000000e+00  1.000000e+00
   outer loop
     vertex  2.372733e+00  1.835793e+00  1.250000e+01
     vertex  1.819096e+00  1.407441e+00  1.250000e+01
     vertex  1.857023e+00  1.357006e+00  1.250000e+01
   endloop
 endfacet
 facet normal  0.000000e+00  0.000000e+00  1.000000e+00
   outer loop
     vertex  2.372733e+00  1.835793e+00  1.250000e+01
     vertex  1.779799e+00  1.456817e+00  1.250000e+01
     vertex  1.819096e+00  1.407441e+00  1.250000e+01
   endloop
 endfacet
 facet normal  0.000000e+00  0.000000e+00  1.000000e+00
   outer loop
     vertex  1.852025e+00  2.360085e+00  1.250000e+01
     vertex  1.786581e+00  2.410006e+00  1.250000e+01
     vertex  1.419886e+00  1.809399e+00  1.250000e+01
   endloop
 endfacet
 facet normal  0.000000e+00  0.000000e+00  1.000000e+00
   outer loop
     vertex  2.321477e+00  1.900196e+00  1.250000e+01
     vertex  1.779799e+00  1.456817e+00  1.250000e+01
     vertex  2.372733e+00  1.835793e+00  1.250000e+01
   endloop
 endfacet
 facet normal  0.000000e+00  0.000000e+00  1.000000e+00
   outer loop
     vertex  1.916075e+00  2.308389e+00  1.250000e+01
     vertex  1.852025e+00  2.360085e+00  1.250000e+01
     vertex  1.419886e+00  1.809399e+00  1.250000e+01
   endloop
 endfacet
 facet normal  0.000000e+00  0.000000e+00  1.000000e+00
   outer loop
     vertex  1.916075e+00  2.308389e+00  1.250000e+01
     vertex  1.468991e+00  1.769765e+00  1.250000e+01
     vertex  1.516990e+00  1.728798e+00  1.250000e+01
   endloop
 endfacet
 facet normal  0.000000e+00  0.000000e+00  1.000000e+00
   outer loop
     vertex  1.916075e+00  2.308389e+00  1.250000e+01
     vertex  1.419886e+00  1.809399e+00  1.250000e+01
     vertex  1.468991e+00  1.769765e+00  1.250000e+01
   endloop
 endfacet
 facet normal  0.000000e+00  0.000000e+00  1.000000e+00
   outer loop
     vertex  2.268473e+00  1.963168e+00  1.250000e+01
     vertex  1.779799e+00  1.456817e+00  1.250000e+01
     vertex  2.321477e+00  1.900196e+00  1.250000e+01
   endloop
 endfacet
 facet normal  0.000000e+00  0.000000e+00  1.000000e+00
   outer loop
     vertex  2.268473e+00  1.963168e+00  1.250000e+01
     vertex  1.739163e+00  1.505095e+00  1.250000e+01
     vertex  1.779799e+00  1.456817e+00  1.250000e+01
   endloop
 endfacet
 facet normal  0.000000e+00  0.000000e+00  1.000000e+00
   outer loop
     vertex  1.978682e+00  2.254954e+00  1.250000e+01
     vertex  1.916075e+00  2.308389e+00  1.250000e+01
     vertex  1.516990e+00  1.728798e+00  1.250000e+01
   endloop
 endfacet
 facet normal  0.000000e+00  0.000000e+00  1.000000e+00
   outer loop
     vertex  2.213762e+00  2.024663e+00  1.250000e+01
     vertex  1.739163e+00  1.505095e+00  1.250000e+01
     vertex  2.268473e+00  1.963168e+00  1.250000e+01
   endloop
 endfacet
 facet normal  0.000000e+00  0.000000e+00  1.000000e+00
   outer loop
     vertex  2.213762e+00  2.024663e+00  1.250000e+01
     vertex  1.697217e+00  1.552241e+00  1.250000e+01
     vertex  1.739163e+00  1.505095e+00  1.250000e+01
   endloop
 endfacet
 facet normal  0.000000e+00  0.000000e+00  1.000000e+00
   outer loop
     vertex  2.039800e+00  2.199822e+00  1.250000e+01
     vertex  1.978682e+00  2.254954e+00  1.250000e+01
     vertex  1.516990e+00  1.728798e+00  1.250000e+01
   endloop
 endfacet
 facet normal  0.000000e+00  0.000000e+00  1.000000e+00
   outer loop
     vertex  2.039800e+00  2.199822e+00  1.250000e+01
     vertex  1.516990e+00  1.728798e+00  1.250000e+01
     vertex  1.563846e+00  1.686530e+00  1.250000e+01
   endloop
 endfacet
 facet normal  0.000000e+00  0.000000e+00  1.000000e+00
   outer loop
     vertex  2.157384e+00  2.084633e+00  1.250000e+01
     vertex  1.697217e+00  1.552241e+00  1.250000e+01
     vertex  2.213762e+00  2.024663e+00  1.250000e+01
   endloop
 endfacet
 facet normal  0.000000e+00  0.000000e+00  1.000000e+00
   outer loop
     vertex  2.157384e+00  2.084633e+00  1.250000e+01
     vertex  1.653994e+00  1.598219e+00  1.250000e+01
     vertex  1.697217e+00  1.552241e+00  1.250000e+01
   endloop
 endfacet
 facet normal  0.000000e+00  0.000000e+00  1.000000e+00
   outer loop
     vertex  2.157384e+00  2.084633e+00  1.250000e+01
     vertex  1.609526e+00  1.642993e+00  1.250000e+01
     vertex  1.653994e+00  1.598219e+00  1.250000e+01
   endloop
 endfacet
 facet normal  0.000000e+00  0.000000e+00  1.000000e+00
   outer loop
     vertex  2.099382e+00  2.143034e+00  1.250000e+01
     vertex  1.563846e+00  1.686530e+00  1.250000e+01
     vertex  1.609526e+00  1.642993e+00  1.250000e+01
   endloop
 endfacet
 facet normal  0.000000e+00  0.000000e+00  1.000000e+00
   outer loop
     vertex  2.099382e+00  2.143034e+00  1.250000e+01
     vertex  2.039800e+00  2.199822e+00  1.250000e+01
     vertex  1.563846e+00  1.686530e+00  1.250000e+01
   endloop
 endfacet
 facet normal  0.000000e+00  0.000000e+00  1.000000e+00
   outer loop
     vertex  2.099382e+00  2.143034e+00  1.250000e+01
     vertex  1.609526e+00  1.642993e+00  1.250000e+01
     vertex  2.157384e+00  2.084633e+00  1.250000e+01
   endloop
 endfacet
 facet normal  9.999059e-01  1.371831e-02  0.000000e+00
   outer loop
     vertex  2.998871e+00  8.230214e-02  1.250000e+01
     vertex  3.000000e+00 -7.347881e-16  1.250000e+01
     vertex  3.000000e+00 -7.347881e-16  1.170000e+01
   endloop
 endfacet
 facet normal  9.999059e-01  1.371831e-02  0.000000e+00
   outer loop
     vertex  2.998871e+00  8.230214e-02  1.250000e+01
     vertex  3.000000e+00 -7.347881e-16  1.170000e+01
     vertex  2.998871e+00  8.230214e-02  1.170000e+01
   endloop
 endfacet
 facet normal  9.991532e-01  4.114462e-02  0.000000e+00
   outer loop
     vertex  2.995484e+00  1.645423e-01  1.250000e+01
     vertex  2.998871e+00  8.230214e-02  1.170000e+01
     vertex  2.995484e+00  1.645423e-01  1.170000e+01
   endloop
 endfacet
 facet normal  9.991532e-01  4.114462e-02  0.000000e+00
   outer loop
     vertex  2.995484e+00  1.645423e-01  1.250000e+01
     vertex  2.998871e+00  8.230214e-02  1.250000e+01
     vertex  2.998871e+00  8.230214e-02  1.170000e+01
   endloop
 endfacet
 facet normal  9.976484e-01  6.853995e-02  0.000000e+00
   outer loop
     vertex  2.989843e+00  2.466587e-01  1.250000e+01
     vertex  2.995484e+00  1.645423e-01  1.170000e+01
     vertex  2.989843e+00  2.466587e-01  1.170000e+01
   endloop
 endfacet
 facet normal  9.976484e-01  6.853995e-02  0.000000e+00
   outer loop
     vertex  2.989843e+00  2.466587e-01  1.250000e+01
     vertex  2.995484e+00  1.645423e-01  1.250000e+01
     vertex  2.995484e+00  1.645423e-01  1.170000e+01
   endloop
 endfacet
 facet normal  9.953925e-01  9.588368e-02  0.000000e+00
   outer loop
     vertex  2.981951e+00  3.285893e-01  1.250000e+01
     vertex  2.989843e+00  2.466587e-01  1.170000e+01
     vertex  2.981951e+00  3.285893e-01  1.170000e+01
   endloop
 endfacet
 facet normal  9.953925e-01  9.588368e-02  0.000000e+00
   outer loop
     vertex  2.981951e+00  3.285893e-01  1.250000e+01
     vertex  2.989843e+00  2.466587e-01  1.250000e+01
     vertex  2.989843e+00  2.466587e-01  1.170000e+01
   endloop
 endfacet
 facet normal  9.923874e-01  1.231552e-01  0.000000e+00
   outer loop
     vertex  2.971814e+00  4.102726e-01  1.250000e+01
     vertex  2.981951e+00  3.285893e-01  1.170000e+01
     vertex  2.971814e+00  4.102726e-01  1.170000e+01
   endloop
 endfacet
 facet normal  9.923874e-01  1.231552e-01  0.000000e+00
   outer loop
     vertex  2.971814e+00  4.102726e-01  1.250000e+01
     vertex  2.981951e+00  3.285893e-01  1.250000e+01
     vertex  2.981951e+00  3.285893e-01  1.170000e+01
   endloop
 endfacet
 facet normal  9.886353e-01  1.503341e-01  0.000000e+00
   outer loop
     vertex  2.959440e+00  4.916471e-01  1.250000e+01
     vertex  2.971814e+00  4.102726e-01  1.170000e+01
     vertex  2.959440e+00  4.916471e-01  1.170000e+01
   endloop
 endfacet
 facet normal  9.886353e-01  1.503341e-01  0.000000e+00
   outer loop
     vertex  2.959440e+00  4.916471e-01  1.250000e+01
     vertex  2.971814e+00  4.102726e-01  1.250000e+01
     vertex  2.971814e+00  4.102726e-01  1.170000e+01
   endloop
 endfacet
 facet normal  9.841389e-01  1.773998e-01  0.000000e+00
   outer loop
     vertex  2.944838e+00  5.726514e-01  1.250000e+01
     vertex  2.959440e+00  4.916471e-01  1.170000e+01
     vertex  2.944838e+00  5.726514e-01  1.170000e+01
   endloop
 endfacet
 facet normal  9.841389e-01  1.773998e-01  0.000000e+00
   outer loop
     vertex  2.944838e+00  5.726514e-01  1.250000e+01
     vertex  2.959440e+00  4.916471e-01  1.250000e+01
     vertex  2.959440e+00  4.916471e-01  1.170000e+01
   endloop
 endfacet
 facet normal  9.789017e-01  2.043319e-01  0.000000e+00
   outer loop
     vertex  2.928019e+00  6.532247e-01  1.250000e+01
     vertex  2.944838e+00  5.726514e-01  1.170000e+01
     vertex  2.928019e+00  6.532247e-01  1.170000e+01
   endloop
 endfacet
 facet normal  9.789017e-01  2.043319e-01  0.000000e+00
   outer loop
     vertex  2.928019e+00  6.532247e-01  1.250000e+01
     vertex  2.944838e+00  5.726514e-01  1.250000e+01
     vertex  2.944838e+00  5.726514e-01  1.170000e+01
   endloop
 endfacet
 facet normal  9.729276e-01  2.311102e-01  0.000000e+00
   outer loop
     vertex  2.908997e+00  7.333063e-01  1.250000e+01
     vertex  2.928019e+00  6.532247e-01  1.170000e+01
     vertex  2.908997e+00  7.333063e-01  1.170000e+01
   endloop
 endfacet
 facet normal  9.729276e-01  2.311102e-01  0.000000e+00
   outer loop
     vertex  2.908997e+00  7.333063e-01  1.250000e+01
     vertex  2.928019e+00  6.532247e-01  1.250000e+01
     vertex  2.928019e+00  6.532247e-01  1.170000e+01
   endloop
 endfacet
 facet normal  9.662211e-01  2.577146e-01  0.000000e+00
   outer loop
     vertex  2.887784e+00  8.128358e-01  1.250000e+01
     vertex  2.908997e+00  7.333063e-01  1.250000e+01
     vertex  2.908997e+00  7.333063e-01  1.170000e+01
   endloop
 endfacet
 facet normal  9.662211e-01  2.577146e-01  0.000000e+00
   outer loop
     vertex  2.887784e+00  8.128358e-01  1.250000e+01
     vertex  2.908997e+00  7.333063e-01  1.170000e+01
     vertex  2.887784e+00  8.128358e-01  1.170000e+01
   endloop
 endfacet
 facet normal  9.587873e-01  2.841250e-01  0.000000e+00
   outer loop
     vertex  2.864398e+00  8.917535e-01  1.250000e+01
     vertex  2.887784e+00  8.128358e-01  1.250000e+01
     vertex  2.887784e+00  8.128358e-01  1.170000e+01
   endloop
 endfacet
 facet normal  9.587873e-01  2.841250e-01  0.000000e+00
   outer loop
     vertex  2.864398e+00  8.917535e-01  1.250000e+01
     vertex  2.887784e+00  8.128358e-01  1.170000e+01
     vertex  2.864398e+00  8.917535e-01  1.170000e+01
   endloop
 endfacet
 facet normal  9.506317e-01  3.103214e-01  0.000000e+00
   outer loop
     vertex  2.864398e+00  8.917535e-01  1.250000e+01
     vertex  2.864398e+00  8.917535e-01  1.170000e+01
     vertex  2.838855e+00  9.699999e-01  1.170000e+01
   endloop
 endfacet
 facet normal  9.506317e-01  3.103214e-01  0.000000e+00
   outer loop
     vertex  2.838855e+00  9.699999e-01  1.250000e+01
     vertex  2.864398e+00  8.917535e-01  1.250000e+01
     vertex  2.838855e+00  9.699999e-01  1.170000e+01
   endloop
 endfacet
 facet normal  9.417605e-01  3.362843e-01  0.000000e+00
   outer loop
     vertex  2.838855e+00  9.699999e-01  1.250000e+01
     vertex  2.838855e+00  9.699999e-01  1.170000e+01
     vertex  2.811176e+00  1.047516e+00  1.170000e+01
   endloop
 endfacet
 facet normal  9.417605e-01  3.362843e-01  0.000000e+00
   outer loop
     vertex  2.811176e+00  1.047516e+00  1.250000e+01
     vertex  2.838855e+00  9.699999e-01  1.250000e+01
     vertex  2.811176e+00  1.047516e+00  1.170000e+01
   endloop
 endfacet
 facet normal  9.321804e-01  3.619940e-01  0.000000e+00
   outer loop
     vertex  2.781380e+00  1.124244e+00  1.250000e+01
     vertex  2.811176e+00  1.047516e+00  1.250000e+01
     vertex  2.811176e+00  1.047516e+00  1.170000e+01
   endloop
 endfacet
 facet normal  9.321804e-01  3.619940e-01  0.000000e+00
   outer loop
     vertex  2.781380e+00  1.124244e+00  1.250000e+01
     vertex  2.811176e+00  1.047516e+00  1.170000e+01
     vertex  2.781380e+00  1.124244e+00  1.170000e+01
   endloop
 endfacet
 facet normal  9.218986e-01  3.874313e-01  0.000000e+00
   outer loop
     vertex  2.749491e+00  1.200125e+00  1.250000e+01
     vertex  2.781380e+00  1.124244e+00  1.250000e+01
     vertex  2.781380e+00  1.124244e+00  1.170000e+01
   endloop
 endfacet
 facet normal  9.218986e-01  3.874313e-01  0.000000e+00
   outer loop
     vertex  2.749491e+00  1.200125e+00  1.250000e+01
     vertex  2.781380e+00  1.124244e+00  1.170000e+01
     vertex  2.749491e+00  1.200125e+00  1.170000e+01
   endloop
 endfacet
 facet normal  9.109228e-01  4.125769e-01  0.000000e+00
   outer loop
     vertex  2.715532e+00  1.275103e+00  1.250000e+01
     vertex  2.749491e+00  1.200125e+00  1.250000e+01
     vertex  2.749491e+00  1.200125e+00  1.170000e+01
   endloop
 endfacet
 facet normal  9.109228e-01  4.125769e-01  0.000000e+00
   outer loop
     vertex  2.715532e+00  1.275103e+00  1.250000e+01
     vertex  2.749491e+00  1.200125e+00  1.170000e+01
     vertex  2.715532e+00  1.275103e+00  1.170000e+01
   endloop
 endfacet
 facet normal  8.992613e-01  4.374119e-01  0.000000e+00
   outer loop
     vertex  2.679528e+00  1.349121e+00  1.250000e+01
     vertex  2.715532e+00  1.275103e+00  1.250000e+01
     vertex  2.715532e+00  1.275103e+00  1.170000e+01
   endloop
 endfacet
 facet normal  8.992613e-01  4.374119e-01  0.000000e+00
   outer loop
     vertex  2.679528e+00  1.349121e+00  1.250000e+01
     vertex  2.715532e+00  1.275103e+00  1.170000e+01
     vertex  2.679528e+00  1.349121e+00  1.170000e+01
   endloop
 endfacet
 facet normal  8.869228e-01  4.619176e-01  0.000000e+00
   outer loop
     vertex  2.641508e+00  1.422124e+00  1.250000e+01
     vertex  2.679528e+00  1.349121e+00  1.250000e+01
     vertex  2.679528e+00  1.349121e+00  1.170000e+01
   endloop
 endfacet
 facet normal  8.869228e-01  4.619176e-01  0.000000e+00
   outer loop
     vertex  2.641508e+00  1.422124e+00  1.250000e+01
     vertex  2.679528e+00  1.349121e+00  1.170000e+01
     vertex  2.641508e+00  1.422124e+00  1.170000e+01
   endloop
 endfacet
 facet normal  8.739167e-01  4.860756e-01  0.000000e+00
   outer loop
     vertex  2.601499e+00  1.494056e+00  1.250000e+01
     vertex  2.641508e+00  1.422124e+00  1.250000e+01
     vertex  2.641508e+00  1.422124e+00  1.170000e+01
   endloop
 endfacet
 facet normal  8.739167e-01  4.860756e-01  0.000000e+00
   outer loop
     vertex  2.601499e+00  1.494056e+00  1.250000e+01
     vertex  2.641508e+00  1.422124e+00  1.170000e+01
     vertex  2.601499e+00  1.494056e+00  1.170000e+01
   endloop
 endfacet
 facet normal  8.602528e-01  5.098678e-01  0.000000e+00
   outer loop
     vertex  2.559532e+00  1.564863e+00  1.250000e+01
     vertex  2.601499e+00  1.494056e+00  1.250000e+01
     vertex  2.601499e+00  1.494056e+00  1.170000e+01
   endloop
 endfacet
 facet normal  8.602528e-01  5.098678e-01  0.000000e+00
   outer loop
     vertex  2.559532e+00  1.564863e+00  1.250000e+01
     vertex  2.601499e+00  1.494056e+00  1.170000e+01
     vertex  2.559532e+00  1.564863e+00  1.170000e+01
   endloop
 endfacet
 facet normal  8.459413e-01  5.332761e-01  0.000000e+00
   outer loop
     vertex  2.515638e+00  1.634492e+00  1.250000e+01
     vertex  2.559532e+00  1.564863e+00  1.250000e+01
     vertex  2.559532e+00  1.564863e+00  1.170000e+01
   endloop
 endfacet
 facet normal  8.459413e-01  5.332761e-01  0.000000e+00
   outer loop
     vertex  2.515638e+00  1.634492e+00  1.250000e+01
     vertex  2.559532e+00  1.564863e+00  1.170000e+01
     vertex  2.515638e+00  1.634492e+00  1.170000e+01
   endloop
 endfacet
 facet normal  8.309929e-01  5.562829e-01  0.000000e+00
   outer loop
     vertex  2.469850e+00  1.702891e+00  1.250000e+01
     vertex  2.515638e+00  1.634492e+00  1.170000e+01
     vertex  2.469850e+00  1.702891e+00  1.170000e+01
   endloop
 endfacet
 facet normal  8.309929e-01  5.562829e-01  0.000000e+00
   outer loop
     vertex  2.469850e+00  1.702891e+00  1.250000e+01
     vertex  2.515638e+00  1.634492e+00  1.250000e+01
     vertex  2.515638e+00  1.634492e+00  1.170000e+01
   endloop
 endfacet
 facet normal  8.154191e-01  5.788711e-01  0.000000e+00
   outer loop
     vertex  2.422204e+00  1.770008e+00  1.250000e+01
     vertex  2.469850e+00  1.702891e+00  1.170000e+01
     vertex  2.422204e+00  1.770008e+00  1.170000e+01
   endloop
 endfacet
 facet normal  8.154191e-01  5.788711e-01  0.000000e+00
   outer loop
     vertex  2.422204e+00  1.770008e+00  1.250000e+01
     vertex  2.469850e+00  1.702891e+00  1.250000e+01
     vertex  2.469850e+00  1.702891e+00  1.170000e+01
   endloop
 endfacet
 facet normal  7.992314e-01  6.010234e-01  0.000000e+00
   outer loop
     vertex  2.372733e+00  1.835793e+00  1.250000e+01
     vertex  2.422204e+00  1.770008e+00  1.170000e+01
     vertex  2.372733e+00  1.835793e+00  1.170000e+01
   endloop
 endfacet
 facet normal  7.992314e-01  6.010234e-01  0.000000e+00
   outer loop
     vertex  2.372733e+00  1.835793e+00  1.250000e+01
     vertex  2.422204e+00  1.770008e+00  1.250000e+01
     vertex  2.422204e+00  1.770008e+00  1.170000e+01
   endloop
 endfacet
 facet normal  7.824421e-01  6.227234e-01  0.000000e+00
   outer loop
     vertex  2.321477e+00  1.900196e+00  1.250000e+01
     vertex  2.372733e+00  1.835793e+00  1.170000e+01
     vertex  2.321477e+00  1.900196e+00  1.170000e+01
   endloop
 endfacet
 facet normal  7.824421e-01  6.227234e-01  0.000000e+00
   outer loop
     vertex  2.321477e+00  1.900196e+00  1.250000e+01
     vertex  2.372733e+00  1.835793e+00  1.250000e+01
     vertex  2.372733e+00  1.835793e+00  1.170000e+01
   endloop
 endfacet
 facet normal  7.650637e-01  6.439545e-01  0.000000e+00
   outer loop
     vertex  2.268473e+00  1.963168e+00  1.250000e+01
     vertex  2.321477e+00  1.900196e+00  1.170000e+01
     vertex  2.268473e+00  1.963168e+00  1.170000e+01
   endloop
 endfacet
 facet normal  7.650637e-01  6.439545e-01  0.000000e+00
   outer loop
     vertex  2.268473e+00  1.963168e+00  1.250000e+01
     vertex  2.321477e+00  1.900196e+00  1.250000e+01
     vertex  2.321477e+00  1.900196e+00  1.170000e+01
   endloop
 endfacet
 facet normal  7.471095e-01  6.647010e-01  0.000000e+00
   outer loop
     vertex  2.213762e+00  2.024663e+00  1.250000e+01
     vertex  2.268473e+00  1.963168e+00  1.170000e+01
     vertex  2.213762e+00  2.024663e+00  1.170000e+01
   endloop
 endfacet
 facet normal  7.471095e-01  6.647010e-01  0.000000e+00
   outer loop
     vertex  2.213762e+00  2.024663e+00  1.250000e+01
     vertex  2.268473e+00  1.963168e+00  1.250000e+01
     vertex  2.268473e+00  1.963168e+00  1.170000e+01
   endloop
 endfacet
 facet normal  7.285929e-01  6.849470e-01  0.000000e+00
   outer loop
     vertex  2.157384e+00  2.084633e+00  1.250000e+01
     vertex  2.213762e+00  2.024663e+00  1.170000e+01
     vertex  2.157384e+00  2.084633e+00  1.170000e+01
   endloop
 endfacet
 facet normal  7.285929e-01  6.849470e-01  0.000000e+00
   outer loop
     vertex  2.157384e+00  2.084633e+00  1.250000e+01
     vertex  2.213762e+00  2.024663e+00  1.250000e+01
     vertex  2.213762e+00  2.024663e+00  1.170000e+01
   endloop
 endfacet
 facet normal  7.095278e-01  7.046775e-01  0.000000e+00
   outer loop
     vertex  2.099382e+00  2.143034e+00  1.250000e+01
     vertex  2.157384e+00  2.084633e+00  1.170000e+01
     vertex  2.099382e+00  2.143034e+00  1.170000e+01
   endloop
 endfacet
 facet normal  7.095278e-01  7.046775e-01  0.000000e+00
   outer loop
     vertex  2.099382e+00  2.143034e+00  1.250000e+01
     vertex  2.157384e+00  2.084633e+00  1.250000e+01
     vertex  2.157384e+00  2.084633e+00  1.170000e+01
   endloop
 endfacet
 facet normal  6.899286e-01  7.238775e-01  0.000000e+00
   outer loop
     vertex  2.039800e+00  2.199822e+00  1.250000e+01
     vertex  2.099382e+00  2.143034e+00  1.170000e+01
     vertex  2.039800e+00  2.199822e+00  1.170000e+01
   endloop
 endfacet
 facet normal  6.899286e-01  7.238775e-01  0.000000e+00
   outer loop
     vertex  2.039800e+00  2.199822e+00  1.250000e+01
     vertex  2.099382e+00  2.143034e+00  1.250000e+01
     vertex  2.099382e+00  2.143034e+00  1.170000e+01
   endloop
 endfacet
 facet normal  6.698100e-01  7.425325e-01  0.000000e+00
   outer loop
     vertex  1.978682e+00  2.254954e+00  1.250000e+01
     vertex  2.039800e+00  2.199822e+00  1.170000e+01
     vertex  1.978682e+00  2.254954e+00  1.170000e+01
   endloop
 endfacet
 facet normal  6.491872e-01  7.606287e-01  0.000000e+00
   outer loop
     vertex  1.978682e+00  2.254954e+00  1.250000e+01
     vertex  1.978682e+00  2.254954e+00  1.170000e+01
     vertex  1.916075e+00  2.308389e+00  1.170000e+01
   endloop
 endfacet
 facet normal  6.698100e-01  7.425325e-01  0.000000e+00
   outer loop
     vertex  1.978682e+00  2.254954e+00  1.250000e+01
     vertex  2.039800e+00  2.199822e+00  1.250000e+01
     vertex  2.039800e+00  2.199822e+00  1.170000e+01
   endloop
 endfacet
 facet normal  6.491872e-01  7.606287e-01  0.000000e+00
   outer loop
     vertex  1.916075e+00  2.308389e+00  1.250000e+01
     vertex  1.978682e+00  2.254954e+00  1.250000e+01
     vertex  1.916075e+00  2.308389e+00  1.170000e+01
   endloop
 endfacet
 facet normal  6.280757e-01  7.781522e-01  0.000000e+00
   outer loop
     vertex  1.852025e+00  2.360085e+00  1.250000e+01
     vertex  1.916075e+00  2.308389e+00  1.170000e+01
     vertex  1.852025e+00  2.360085e+00  1.170000e+01
   endloop
 endfacet
 facet normal  6.280757e-01  7.781522e-01  0.000000e+00
   outer loop
     vertex  1.852025e+00  2.360085e+00  1.250000e+01
     vertex  1.916075e+00  2.308389e+00  1.250000e+01
     vertex  1.916075e+00  2.308389e+00  1.170000e+01
   endloop
 endfacet
 facet normal  6.064915e-01  7.950900e-01  0.000000e+00
   outer loop
     vertex  1.786581e+00  2.410006e+00  1.250000e+01
     vertex  1.852025e+00  2.360085e+00  1.170000e+01
     vertex  1.786581e+00  2.410006e+00  1.170000e+01
   endloop
 endfacet
 facet normal  5.844507e-01  8.114292e-01  0.000000e+00
   outer loop
     vertex  1.786581e+00  2.410006e+00  1.250000e+01
     vertex  1.786581e+00  2.410006e+00  1.170000e+01
     vertex  1.719793e+00  2.458112e+00  1.170000e+01
   endloop
 endfacet
 facet normal  6.064915e-01  7.950900e-01  0.000000e+00
   outer loop
     vertex  1.786581e+00  2.410006e+00  1.250000e+01
     vertex  1.852025e+00  2.360085e+00  1.250000e+01
     vertex  1.852025e+00  2.360085e+00  1.170000e+01
   endloop
 endfacet
 facet normal  5.844507e-01  8.114292e-01  0.000000e+00
   outer loop
     vertex  1.719793e+00  2.458112e+00  1.250000e+01
     vertex  1.786581e+00  2.410006e+00  1.250000e+01
     vertex  1.719793e+00  2.458112e+00  1.170000e+01
   endloop
 endfacet
 facet normal  5.619699e-01  8.271577e-01  0.000000e+00
   outer loop
     vertex  1.651709e+00  2.504367e+00  1.250000e+01
     vertex  1.719793e+00  2.458112e+00  1.250000e+01
     vertex  1.719793e+00  2.458112e+00  1.170000e+01
   endloop
 endfacet
 facet normal  5.619699e-01  8.271577e-01  0.000000e+00
   outer loop
     vertex  1.651709e+00  2.504367e+00  1.250000e+01
     vertex  1.719793e+00  2.458112e+00  1.170000e+01
     vertex  1.651709e+00  2.504367e+00  1.170000e+01
   endloop
 endfacet
 facet normal  5.390661e-01  8.422635e-01  0.000000e+00
   outer loop
     vertex  1.582383e+00  2.548738e+00  1.250000e+01
     vertex  1.651709e+00  2.504367e+00  1.250000e+01
     vertex  1.651709e+00  2.504367e+00  1.170000e+01
   endloop
 endfacet
 facet normal  5.390661e-01  8.422635e-01  0.000000e+00
   outer loop
     vertex  1.582383e+00  2.548738e+00  1.250000e+01
     vertex  1.651709e+00  2.504367e+00  1.170000e+01
     vertex  1.582383e+00  2.548738e+00  1.170000e+01
   endloop
 endfacet
 facet normal  5.157565e-01  8.567352e-01  0.000000e+00
   outer loop
     vertex  1.582383e+00  2.548738e+00  1.250000e+01
     vertex  1.582383e+00  2.548738e+00  1.170000e+01
     vertex  1.511865e+00  2.591190e+00  1.170000e+01
   endloop
 endfacet
 facet normal  5.157565e-01  8.567352e-01  0.000000e+00
   outer loop
     vertex  1.511865e+00  2.591190e+00  1.250000e+01
     vertex  1.582383e+00  2.548738e+00  1.250000e+01
     vertex  1.511865e+00  2.591190e+00  1.170000e+01
   endloop
 endfacet
 facet normal  4.920587e-01  8.705620e-01  0.000000e+00
   outer loop
     vertex  1.440209e+00  2.631691e+00  1.250000e+01
     vertex  1.511865e+00  2.591190e+00  1.250000e+01
     vertex  1.511865e+00  2.591190e+00  1.170000e+01
   endloop
 endfacet
 facet normal  4.920587e-01  8.705620e-01  0.000000e+00
   outer loop
     vertex  1.440209e+00  2.631691e+00  1.250000e+01
     vertex  1.511865e+00  2.591190e+00  1.170000e+01
     vertex  1.440209e+00  2.631691e+00  1.170000e+01
   endloop
 endfacet
 facet normal  4.679904e-01  8.837335e-01  0.000000e+00
   outer loop
     vertex  1.367469e+00  2.670211e+00  1.250000e+01
     vertex  1.440209e+00  2.631691e+00  1.250000e+01
     vertex  1.440209e+00  2.631691e+00  1.170000e+01
   endloop
 endfacet
 facet normal  4.679904e-01  8.837335e-01  0.000000e+00
   outer loop
     vertex  1.367469e+00  2.670211e+00  1.250000e+01
     vertex  1.440209e+00  2.631691e+00  1.170000e+01
     vertex  1.367469e+00  2.670211e+00  1.170000e+01
   endloop
 endfacet
 facet normal  4.435699e-01  8.962398e-01  0.000000e+00
   outer loop
     vertex  1.367469e+00  2.670211e+00  1.250000e+01
     vertex  1.367469e+00  2.670211e+00  1.170000e+01
     vertex  1.293700e+00  2.706721e+00  1.170000e+01
   endloop
 endfacet
 facet normal  4.435699e-01  8.962398e-01  0.000000e+00
   outer loop
     vertex  1.293700e+00  2.706721e+00  1.250000e+01
     vertex  1.367469e+00  2.670211e+00  1.250000e+01
     vertex  1.293700e+00  2.706721e+00  1.170000e+01
   endloop
 endfacet
 facet normal  4.188155e-01  9.080714e-01  0.000000e+00
   outer loop
     vertex  1.218957e+00  2.741194e+00  1.250000e+01
     vertex  1.293700e+00  2.706721e+00  1.250000e+01
     vertex  1.293700e+00  2.706721e+00  1.170000e+01
   endloop
 endfacet
 facet normal  4.188155e-01  9.080714e-01  0.000000e+00
   outer loop
     vertex  1.218957e+00  2.741194e+00  1.250000e+01
     vertex  1.293700e+00  2.706721e+00  1.170000e+01
     vertex  1.218957e+00  2.741194e+00  1.170000e+01
   endloop
 endfacet
 facet normal  3.937458e-01  9.192194e-01  0.000000e+00
   outer loop
     vertex  1.143296e+00  2.773603e+00  1.250000e+01
     vertex  1.218957e+00  2.741194e+00  1.250000e+01
     vertex  1.218957e+00  2.741194e+00  1.170000e+01
   endloop
 endfacet
 facet normal  3.937458e-01  9.192194e-01  0.000000e+00
   outer loop
     vertex  1.143296e+00  2.773603e+00  1.250000e+01
     vertex  1.218957e+00  2.741194e+00  1.170000e+01
     vertex  1.143296e+00  2.773603e+00  1.170000e+01
   endloop
 endfacet
 facet normal  3.683796e-01  9.296754e-01  0.000000e+00
   outer loop
     vertex  1.066774e+00  2.803925e+00  1.250000e+01
     vertex  1.143296e+00  2.773603e+00  1.250000e+01
     vertex  1.143296e+00  2.773603e+00  1.170000e+01
   endloop
 endfacet
 facet normal  3.683796e-01  9.296754e-01  0.000000e+00
   outer loop
     vertex  1.066774e+00  2.803925e+00  1.250000e+01
     vertex  1.143296e+00  2.773603e+00  1.170000e+01
     vertex  1.066774e+00  2.803925e+00  1.170000e+01
   endloop
 endfacet
 facet normal  3.427362e-01  9.394317e-01  0.000000e+00
   outer loop
     vertex  9.894497e-01  2.832135e+00  1.250000e+01
     vertex  1.066774e+00  2.803925e+00  1.250000e+01
     vertex  1.066774e+00  2.803925e+00  1.170000e+01
   endloop
 endfacet
 facet normal  3.427362e-01  9.394317e-01  0.000000e+00
   outer loop
     vertex  9.894497e-01  2.832135e+00  1.250000e+01
     vertex  1.066774e+00  2.803925e+00  1.170000e+01
     vertex  9.894497e-01  2.832135e+00  1.170000e+01
   endloop
 endfacet
 facet normal  3.168348e-01  9.484807e-01  0.000000e+00
   outer loop
     vertex  9.113803e-01  2.858214e+00  1.250000e+01
     vertex  9.894497e-01  2.832135e+00  1.250000e+01
     vertex  9.894497e-01  2.832135e+00  1.170000e+01
   endloop
 endfacet
 facet normal  3.168348e-01  9.484807e-01  0.000000e+00
   outer loop
     vertex  9.113803e-01  2.858214e+00  1.250000e+01
     vertex  9.894497e-01  2.832135e+00  1.170000e+01
     vertex  9.113803e-01  2.858214e+00  1.170000e+01
   endloop
 endfacet
 facet normal  2.906949e-01  9.568158e-01  0.000000e+00
   outer loop
     vertex  9.113803e-01  2.858214e+00  1.250000e+01
     vertex  9.113803e-01  2.858214e+00  1.170000e+01
     vertex  8.326249e-01  2.882141e+00  1.170000e+01
   endloop
 endfacet
 facet normal  2.906949e-01  9.568158e-01  0.000000e+00
   outer loop
     vertex  8.326249e-01  2.882141e+00  1.250000e+01
     vertex  9.113803e-01  2.858214e+00  1.250000e+01
     vertex  8.326249e-01  2.882141e+00  1.170000e+01
   endloop
 endfacet
 facet normal  2.643362e-01  9.644306e-01  0.000000e+00
   outer loop
     vertex  7.532428e-01  2.903898e+00  1.250000e+01
     vertex  8.326249e-01  2.882141e+00  1.250000e+01
     vertex  8.326249e-01  2.882141e+00  1.170000e+01
   endloop
 endfacet
 facet normal  2.643362e-01  9.644306e-01  0.000000e+00
   outer loop
     vertex  7.532428e-01  2.903898e+00  1.250000e+01
     vertex  8.326249e-01  2.882141e+00  1.170000e+01
     vertex  7.532428e-01  2.903898e+00  1.170000e+01
   endloop
 endfacet
 facet normal  2.377784e-01  9.713194e-01  0.000000e+00
   outer loop
     vertex  6.732936e-01  2.923470e+00  1.250000e+01
     vertex  7.532428e-01  2.903898e+00  1.250000e+01
     vertex  7.532428e-01  2.903898e+00  1.170000e+01
   endloop
 endfacet
 facet normal  2.377784e-01  9.713194e-01  0.000000e+00
   outer loop
     vertex  6.732936e-01  2.923470e+00  1.250000e+01
     vertex  7.532428e-01  2.903898e+00  1.170000e+01
     vertex  6.732936e-01  2.923470e+00  1.170000e+01
   endloop
 endfacet
 facet normal  2.110417e-01  9.774771e-01  0.000000e+00
   outer loop
     vertex  5.928375e-01  2.940841e+00  1.250000e+01
     vertex  6.732936e-01  2.923470e+00  1.250000e+01
     vertex  6.732936e-01  2.923470e+00  1.170000e+01
   endloop
 endfacet
 facet normal  2.110417e-01  9.774771e-01  0.000000e+00
   outer loop
     vertex  5.928375e-01  2.940841e+00  1.250000e+01
     vertex  6.732936e-01  2.923470e+00  1.170000e+01
     vertex  5.928375e-01  2.940841e+00  1.170000e+01
   endloop
 endfacet
 facet normal  1.841461e-01  9.828989e-01  0.000000e+00
   outer loop
     vertex  5.119352e-01  2.955998e+00  1.250000e+01
     vertex  5.928375e-01  2.940841e+00  1.250000e+01
     vertex  5.928375e-01  2.940841e+00  1.170000e+01
   endloop
 endfacet
 facet normal  1.841461e-01  9.828989e-01  0.000000e+00
   outer loop
     vertex  5.119352e-01  2.955998e+00  1.250000e+01
     vertex  5.928375e-01  2.940841e+00  1.170000e+01
     vertex  5.119352e-01  2.955998e+00  1.170000e+01
   endloop
 endfacet
 facet normal  1.571119e-01  9.875808e-01  0.000000e+00
   outer loop
     vertex  4.306476e-01  2.968930e+00  1.250000e+01
     vertex  5.119352e-01  2.955998e+00  1.250000e+01
     vertex  5.119352e-01  2.955998e+00  1.170000e+01
   endloop
 endfacet
 facet normal  1.571119e-01  9.875808e-01  0.000000e+00
   outer loop
     vertex  4.306476e-01  2.968930e+00  1.250000e+01
     vertex  5.119352e-01  2.955998e+00  1.170000e+01
     vertex  4.306476e-01  2.968930e+00  1.170000e+01
   endloop
 endfacet
 facet normal  1.299594e-01  9.915193e-01  0.000000e+00
   outer loop
     vertex  3.490357e-01  2.979626e+00  1.250000e+01
     vertex  4.306476e-01  2.968930e+00  1.250000e+01
     vertex  4.306476e-01  2.968930e+00  1.170000e+01
   endloop
 endfacet
 facet normal  1.299594e-01  9.915193e-01  0.000000e+00
   outer loop
     vertex  3.490357e-01  2.979626e+00  1.250000e+01
     vertex  4.306476e-01  2.968930e+00  1.170000e+01
     vertex  3.490357e-01  2.979626e+00  1.170000e+01
   endloop
 endfacet
 facet normal  1.027091e-01  9.947114e-01  0.000000e+00
   outer loop
     vertex  3.490357e-01  2.979626e+00  1.250000e+01
     vertex  3.490357e-01  2.979626e+00  1.170000e+01
     vertex  2.671611e-01  2.988080e+00  1.170000e+01
   endloop
 endfacet
 facet normal  1.027091e-01  9.947114e-01  0.000000e+00
   outer loop
     vertex  2.671611e-01  2.988080e+00  1.250000e+01
     vertex  3.490357e-01  2.979626e+00  1.250000e+01
     vertex  2.671611e-01  2.988080e+00  1.170000e+01
   endloop
 endfacet
 facet normal  7.538152e-02  9.971548e-01  0.000000e+00
   outer loop
     vertex  1.850854e-01  2.994285e+00  1.250000e+01
     vertex  2.671611e-01  2.988080e+00  1.250000e+01
     vertex  2.671611e-01  2.988080e+00  1.170000e+01
   endloop
 endfacet
 facet normal  7.538152e-02  9.971548e-01  0.000000e+00
   outer loop
     vertex  1.850854e-01  2.994285e+00  1.250000e+01
     vertex  2.671611e-01  2.988080e+00  1.170000e+01
     vertex  1.850854e-01  2.994285e+00  1.170000e+01
   endloop
 endfacet
 facet normal  4.799716e-02  9.988475e-01  0.000000e+00
   outer loop
     vertex  1.028704e-01  2.998236e+00  1.250000e+01
     vertex  1.850854e-01  2.994285e+00  1.250000e+01
     vertex  1.850854e-01  2.994285e+00  1.170000e+01
   endloop
 endfacet
 facet normal  4.799716e-02  9.988475e-01  0.000000e+00
   outer loop
     vertex  1.028704e-01  2.998236e+00  1.250000e+01
     vertex  1.850854e-01  2.994285e+00  1.170000e+01
     vertex  1.028704e-01  2.998236e+00  1.170000e+01
   endloop
 endfacet
 facet normal  2.057667e-02  9.997883e-01  0.000000e+00
   outer loop
     vertex  2.057796e-02  2.999929e+00  1.250000e+01
     vertex  1.028704e-01  2.998236e+00  1.170000e+01
     vertex  2.057796e-02  2.999929e+00  1.170000e+01
   endloop
 endfacet
 facet normal  2.057667e-02  9.997883e-01  0.000000e+00
   outer loop
     vertex  2.057796e-02  2.999929e+00  1.250000e+01
     vertex  1.028704e-01  2.998236e+00  1.250000e+01
     vertex  1.028704e-01  2.998236e+00  1.170000e+01
   endloop
 endfacet
 facet normal -6.859319e-03  9.999765e-01  0.000000e+00
   outer loop
     vertex -6.173000e-02  2.999365e+00  1.250000e+01
     vertex  2.057796e-02  2.999929e+00  1.170000e+01
     vertex -6.173000e-02  2.999365e+00  1.170000e+01
   endloop
 endfacet
 facet normal -6.859319e-03  9.999765e-01  0.000000e+00
   outer loop
     vertex -6.173000e-02  2.999365e+00  1.250000e+01
     vertex  2.057796e-02  2.999929e+00  1.250000e+01
     vertex  2.057796e-02  2.999929e+00  1.170000e+01
   endloop
 endfacet
 facet normal -3.429014e-02  9.994119e-01  0.000000e+00
   outer loop
     vertex -1.439915e-01  2.996542e+00  1.250000e+01
     vertex -6.173000e-02  2.999365e+00  1.170000e+01
     vertex -1.439915e-01  2.996542e+00  1.170000e+01
   endloop
 endfacet
 facet normal -3.429014e-02  9.994119e-01  0.000000e+00
   outer loop
     vertex -1.439915e-01  2.996542e+00  1.250000e+01
     vertex -6.173000e-02  2.999365e+00  1.250000e+01
     vertex -6.173000e-02  2.999365e+00  1.170000e+01
   endloop
 endfacet
 facet normal -6.169515e-02  9.980950e-01  0.000000e+00
   outer loop
     vertex -2.261446e-01  2.991464e+00  1.250000e+01
     vertex -1.439915e-01  2.996542e+00  1.170000e+01
     vertex -2.261446e-01  2.991464e+00  1.170000e+01
   endloop
 endfacet
 facet normal -6.169515e-02  9.980950e-01  0.000000e+00
   outer loop
     vertex -2.261446e-01  2.991464e+00  1.250000e+01
     vertex -1.439915e-01  2.996542e+00  1.250000e+01
     vertex -1.439915e-01  2.996542e+00  1.170000e+01
   endloop
 endfacet
 facet normal -8.905371e-02  9.960268e-01  0.000000e+00
   outer loop
     vertex -3.081274e-01  2.984134e+00  1.250000e+01
     vertex -2.261446e-01  2.991464e+00  1.250000e+01
     vertex -2.261446e-01  2.991464e+00  1.170000e+01
   endloop
 endfacet
 facet normal -8.905371e-02  9.960268e-01  0.000000e+00
   outer loop
     vertex -3.081274e-01  2.984134e+00  1.250000e+01
     vertex -2.261446e-01  2.991464e+00  1.170000e+01
     vertex -3.081274e-01  2.984134e+00  1.170000e+01
   endloop
 endfacet
 facet normal -1.163452e-01  9.932088e-01  0.000000e+00
   outer loop
     vertex -3.898783e-01  2.974558e+00  1.250000e+01
     vertex -3.081274e-01  2.984134e+00  1.250000e+01
     vertex -3.081274e-01  2.984134e+00  1.170000e+01
   endloop
 endfacet
 facet normal -1.163452e-01  9.932088e-01  0.000000e+00
   outer loop
     vertex -3.898783e-01  2.974558e+00  1.250000e+01
     vertex -3.081274e-01  2.984134e+00  1.170000e+01
     vertex -3.898783e-01  2.974558e+00  1.170000e+01
   endloop
 endfacet
 facet normal -1.435492e-01  9.896432e-01  0.000000e+00
   outer loop
     vertex -3.898783e-01  2.974558e+00  1.250000e+01
     vertex -3.898783e-01  2.974558e+00  1.170000e+01
     vertex -4.713358e-01  2.962742e+00  1.170000e+01
   endloop
 endfacet
 facet normal -1.435492e-01  9.896432e-01  0.000000e+00
   outer loop
     vertex -4.713358e-01  2.962742e+00  1.250000e+01
     vertex -3.898783e-01  2.974558e+00  1.250000e+01
     vertex -4.713358e-01  2.962742e+00  1.170000e+01
   endloop
 endfacet
 facet normal -1.706451e-01  9.853326e-01  0.000000e+00
   outer loop
     vertex -5.524384e-01  2.948697e+00  1.250000e+01
     vertex -4.713358e-01  2.962742e+00  1.250000e+01
     vertex -4.713358e-01  2.962742e+00  1.170000e+01
   endloop
 endfacet
 facet normal -1.706451e-01  9.853326e-01  0.000000e+00
   outer loop
     vertex -5.524384e-01  2.948697e+00  1.250000e+01
     vertex -4.713358e-01  2.962742e+00  1.170000e+01
     vertex -5.524384e-01  2.948697e+00  1.170000e+01
   endloop
 endfacet
 facet normal -1.976125e-01  9.802802e-01  0.000000e+00
   outer loop
     vertex -6.331251e-01  2.932431e+00  1.250000e+01
     vertex -5.524384e-01  2.948697e+00  1.250000e+01
     vertex -5.524384e-01  2.948697e+00  1.170000e+01
   endloop
 endfacet
 facet normal -1.976125e-01  9.802802e-01  0.000000e+00
   outer loop
     vertex -6.331251e-01  2.932431e+00  1.250000e+01
     vertex -5.524384e-01  2.948697e+00  1.170000e+01
     vertex -6.331251e-01  2.932431e+00  1.170000e+01
   endloop
 endfacet
 facet normal -2.244312e-01  9.744899e-01  0.000000e+00
   outer loop
     vertex -6.331251e-01  2.932431e+00  1.250000e+01
     vertex -6.331251e-01  2.932431e+00  1.170000e+01
     vertex -7.133353e-01  2.913958e+00  1.170000e+01
   endloop
 endfacet
 facet normal -2.244312e-01  9.744899e-01  0.000000e+00
   outer loop
     vertex -7.133353e-01  2.913958e+00  1.250000e+01
     vertex -6.331251e-01  2.932431e+00  1.250000e+01
     vertex -7.133353e-01  2.913958e+00  1.170000e+01
   endloop
 endfacet
 facet normal -2.510809e-01  9.679661e-01  0.000000e+00
   outer loop
     vertex -7.133353e-01  2.913958e+00  1.250000e+01
     vertex -7.133353e-01  2.913958e+00  1.170000e+01
     vertex -7.930085e-01  2.893292e+00  1.170000e+01
   endloop
 endfacet
 facet normal -2.510809e-01  9.679661e-01  0.000000e+00
   outer loop
     vertex -7.930085e-01  2.893292e+00  1.250000e+01
     vertex -7.133353e-01  2.913958e+00  1.250000e+01
     vertex -7.930085e-01  2.893292e+00  1.170000e+01
   endloop
 endfacet
 facet normal -2.775416e-01  9.607136e-01  0.000000e+00
   outer loop
     vertex -8.720847e-01  2.870447e+00  1.250000e+01
     vertex -7.930085e-01  2.893292e+00  1.250000e+01
     vertex -7.930085e-01  2.893292e+00  1.170000e+01
   endloop
 endfacet
 facet normal -2.775416e-01  9.607136e-01  0.000000e+00
   outer loop
     vertex -8.720847e-01  2.870447e+00  1.250000e+01
     vertex -7.930085e-01  2.893292e+00  1.170000e+01
     vertex -8.720847e-01  2.870447e+00  1.170000e+01
   endloop
 endfacet
 facet normal -3.037934e-01  9.527379e-01  0.000000e+00
   outer loop
     vertex -9.505045e-01  2.845442e+00  1.250000e+01
     vertex -8.720847e-01  2.870447e+00  1.250000e+01
     vertex -8.720847e-01  2.870447e+00  1.170000e+01
   endloop
 endfacet
 facet normal -3.037934e-01  9.527379e-01  0.000000e+00
   outer loop
     vertex -9.505045e-01  2.845442e+00  1.250000e+01
     vertex -8.720847e-01  2.870447e+00  1.170000e+01
     vertex -9.505045e-01  2.845442e+00  1.170000e+01
   endloop
 endfacet
 facet normal -3.298166e-01  9.440450e-01  0.000000e+00
   outer loop
     vertex -1.028209e+00  2.818295e+00  1.250000e+01
     vertex -9.505045e-01  2.845442e+00  1.250000e+01
     vertex -9.505045e-01  2.845442e+00  1.170000e+01
   endloop
 endfacet
 facet normal -3.298166e-01  9.440450e-01  0.000000e+00
   outer loop
     vertex -1.028209e+00  2.818295e+00  1.250000e+01
     vertex -9.505045e-01  2.845442e+00  1.170000e+01
     vertex -1.028209e+00  2.818295e+00  1.170000e+01
   endloop
 endfacet
 facet normal -3.555914e-01  9.346415e-01  0.000000e+00
   outer loop
     vertex -1.105139e+00  2.789026e+00  1.250000e+01
     vertex -1.028209e+00  2.818295e+00  1.250000e+01
     vertex -1.028209e+00  2.818295e+00  1.170000e+01
   endloop
 endfacet
 facet normal -3.555914e-01  9.346415e-01  0.000000e+00
   outer loop
     vertex -1.105139e+00  2.789026e+00  1.250000e+01
     vertex -1.028209e+00  2.818295e+00  1.170000e+01
     vertex -1.105139e+00  2.789026e+00  1.170000e+01
   endloop
 endfacet
 facet normal -3.810986e-01  9.245344e-01  0.000000e+00
   outer loop
     vertex -1.181237e+00  2.757658e+00  1.250000e+01
     vertex -1.105139e+00  2.789026e+00  1.250000e+01
     vertex -1.105139e+00  2.789026e+00  1.170000e+01
   endloop
 endfacet
 facet normal -3.810986e-01  9.245344e-01  0.000000e+00
   outer loop
     vertex -1.181237e+00  2.757658e+00  1.250000e+01
     vertex -1.105139e+00  2.789026e+00  1.170000e+01
     vertex -1.181237e+00  2.757658e+00  1.170000e+01
   endloop
 endfacet
 facet normal -4.063188e-01  9.137314e-01  0.000000e+00
   outer loop
     vertex -1.256446e+00  2.724214e+00  1.250000e+01
     vertex -1.181237e+00  2.757658e+00  1.170000e+01
     vertex -1.256446e+00  2.724214e+00  1.170000e+01
   endloop
 endfacet
 facet normal -4.063188e-01  9.137314e-01  0.000000e+00
   outer loop
     vertex -1.256446e+00  2.724214e+00  1.250000e+01
     vertex -1.181237e+00  2.757658e+00  1.250000e+01
     vertex -1.181237e+00  2.757658e+00  1.170000e+01
   endloop
 endfacet
 facet normal -4.312333e-01  9.022405e-01  0.000000e+00
   outer loop
     vertex -1.330710e+00  2.688719e+00  1.250000e+01
     vertex -1.256446e+00  2.724214e+00  1.170000e+01
     vertex -1.330710e+00  2.688719e+00  1.170000e+01
   endloop
 endfacet
 facet normal -4.312333e-01  9.022405e-01  0.000000e+00
   outer loop
     vertex -1.330710e+00  2.688719e+00  1.250000e+01
     vertex -1.256446e+00  2.724214e+00  1.250000e+01
     vertex -1.256446e+00  2.724214e+00  1.170000e+01
   endloop
 endfacet
 facet normal -4.558231e-01  8.900704e-01  0.000000e+00
   outer loop
     vertex -1.403971e+00  2.651201e+00  1.250000e+01
     vertex -1.330710e+00  2.688719e+00  1.170000e+01
     vertex -1.403971e+00  2.651201e+00  1.170000e+01
   endloop
 endfacet
 facet normal -4.800697e-01  8.772303e-01  0.000000e+00
   outer loop
     vertex -1.403971e+00  2.651201e+00  1.250000e+01
     vertex -1.403971e+00  2.651201e+00  1.170000e+01
     vertex -1.476176e+00  2.611686e+00  1.170000e+01
   endloop
 endfacet
 facet normal -4.558231e-01  8.900704e-01  0.000000e+00
   outer loop
     vertex -1.403971e+00  2.651201e+00  1.250000e+01
     vertex -1.330710e+00  2.688719e+00  1.250000e+01
     vertex -1.330710e+00  2.688719e+00  1.170000e+01
   endloop
 endfacet
 facet normal -4.800697e-01  8.772303e-01  0.000000e+00
   outer loop
     vertex -1.476176e+00  2.611686e+00  1.250000e+01
     vertex -1.403971e+00  2.651201e+00  1.250000e+01
     vertex -1.476176e+00  2.611686e+00  1.170000e+01
   endloop
 endfacet
 facet normal -5.039550e-01  8.637299e-01  0.000000e+00
   outer loop
     vertex -1.547270e+00  2.570206e+00  1.250000e+01
     vertex -1.476176e+00  2.611686e+00  1.170000e+01
     vertex -1.547270e+00  2.570206e+00  1.170000e+01
   endloop
 endfacet
 facet normal -5.039550e-01  8.637299e-01  0.000000e+00
   outer loop
     vertex -1.547270e+00  2.570206e+00  1.250000e+01
     vertex -1.476176e+00  2.611686e+00  1.250000e+01
     vertex -1.476176e+00  2.611686e+00  1.170000e+01
   endloop
 endfacet
 facet normal -5.274609e-01  8.495793e-01  0.000000e+00
   outer loop
     vertex -1.617198e+00  2.526790e+00  1.250000e+01
     vertex -1.547270e+00  2.570206e+00  1.170000e+01
     vertex -1.617198e+00  2.526790e+00  1.170000e+01
   endloop
 endfacet
 facet normal -5.274609e-01  8.495793e-01  0.000000e+00
   outer loop
     vertex -1.617198e+00  2.526790e+00  1.250000e+01
     vertex -1.547270e+00  2.570206e+00  1.250000e+01
     vertex -1.547270e+00  2.570206e+00  1.170000e+01
   endloop
 endfacet
 facet normal -5.505698e-01  8.347891e-01  0.000000e+00
   outer loop
     vertex -1.685910e+00  2.481473e+00  1.250000e+01
     vertex -1.617198e+00  2.526790e+00  1.170000e+01
     vertex -1.685910e+00  2.481473e+00  1.170000e+01
   endloop
 endfacet
 facet normal -5.732642e-01  8.193706e-01  0.000000e+00
   outer loop
     vertex -1.685910e+00  2.481473e+00  1.250000e+01
     vertex -1.685910e+00  2.481473e+00  1.170000e+01
     vertex -1.753352e+00  2.434288e+00  1.170000e+01
   endloop
 endfacet
 facet normal -5.505698e-01  8.347891e-01  0.000000e+00
   outer loop
     vertex -1.685910e+00  2.481473e+00  1.250000e+01
     vertex -1.617198e+00  2.526790e+00  1.250000e+01
     vertex -1.617198e+00  2.526790e+00  1.170000e+01
   endloop
 endfacet
 facet normal -5.732642e-01  8.193706e-01  0.000000e+00
   outer loop
     vertex -1.753352e+00  2.434288e+00  1.250000e+01
     vertex -1.685910e+00  2.481473e+00  1.250000e+01
     vertex -1.753352e+00  2.434288e+00  1.170000e+01
   endloop
 endfacet
 facet normal -5.955271e-01  8.033352e-01  0.000000e+00
   outer loop
     vertex -1.819474e+00  2.385270e+00  1.250000e+01
     vertex -1.753352e+00  2.434288e+00  1.170000e+01
     vertex -1.819474e+00  2.385270e+00  1.170000e+01
   endloop
 endfacet
 facet normal -5.955271e-01  8.033352e-01  0.000000e+00
   outer loop
     vertex -1.819474e+00  2.385270e+00  1.250000e+01
     vertex -1.753352e+00  2.434288e+00  1.250000e+01
     vertex -1.753352e+00  2.434288e+00  1.170000e+01
   endloop
 endfacet
 facet normal -6.173417e-01  7.866951e-01  0.000000e+00
   outer loop
     vertex -1.884227e+00  2.334457e+00  1.250000e+01
     vertex -1.819474e+00  2.385270e+00  1.170000e+01
     vertex -1.884227e+00  2.334457e+00  1.170000e+01
   endloop
 endfacet
 facet normal -6.173417e-01  7.866951e-01  0.000000e+00
   outer loop
     vertex -1.884227e+00  2.334457e+00  1.250000e+01
     vertex -1.819474e+00  2.385270e+00  1.250000e+01
     vertex -1.819474e+00  2.385270e+00  1.170000e+01
   endloop
 endfacet
 facet normal -6.386916e-01  7.694628e-01  0.000000e+00
   outer loop
     vertex -1.947562e+00  2.281886e+00  1.250000e+01
     vertex -1.884227e+00  2.334457e+00  1.170000e+01
     vertex -1.947562e+00  2.281886e+00  1.170000e+01
   endloop
 endfacet
 facet normal -6.386916e-01  7.694628e-01  0.000000e+00
   outer loop
     vertex -1.947562e+00  2.281886e+00  1.250000e+01
     vertex -1.884227e+00  2.334457e+00  1.250000e+01
     vertex -1.884227e+00  2.334457e+00  1.170000e+01
   endloop
 endfacet
 facet normal -6.595607e-01  7.516513e-01  0.000000e+00
   outer loop
     vertex -2.009430e+00  2.227598e+00  1.250000e+01
     vertex -1.947562e+00  2.281886e+00  1.170000e+01
     vertex -2.009430e+00  2.227598e+00  1.170000e+01
   endloop
 endfacet
 facet normal -6.595607e-01  7.516513e-01  0.000000e+00
   outer loop
     vertex -2.009430e+00  2.227598e+00  1.250000e+01
     vertex -1.947562e+00  2.281886e+00  1.250000e+01
     vertex -1.947562e+00  2.281886e+00  1.170000e+01
   endloop
 endfacet
 facet normal -6.799333e-01  7.332740e-01  0.000000e+00
   outer loop
     vertex -2.069786e+00  2.171632e+00  1.250000e+01
     vertex -2.009430e+00  2.227598e+00  1.170000e+01
     vertex -2.069786e+00  2.171632e+00  1.170000e+01
   endloop
 endfacet
 facet normal -6.799333e-01  7.332740e-01  0.000000e+00
   outer loop
     vertex -2.069786e+00  2.171632e+00  1.250000e+01
     vertex -2.009430e+00  2.227598e+00  1.250000e+01
     vertex -2.009430e+00  2.227598e+00  1.170000e+01
   endloop
 endfacet
 facet normal -6.997940e-01  7.143447e-01  0.000000e+00
   outer loop
     vertex -2.128583e+00  2.114032e+00  1.250000e+01
     vertex -2.069786e+00  2.171632e+00  1.170000e+01
     vertex -2.128583e+00  2.114032e+00  1.170000e+01
   endloop
 endfacet
 facet normal -6.997940e-01  7.143447e-01  0.000000e+00
   outer loop
     vertex -2.128583e+00  2.114032e+00  1.250000e+01
     vertex -2.069786e+00  2.171632e+00  1.250000e+01
     vertex -2.069786e+00  2.171632e+00  1.170000e+01
   endloop
 endfacet
 facet normal -7.191280e-01  6.948776e-01  0.000000e+00
   outer loop
     vertex -2.185779e+00  2.054841e+00  1.250000e+01
     vertex -2.128583e+00  2.114032e+00  1.250000e+01
     vertex -2.128583e+00  2.114032e+00  1.170000e+01
   endloop
 endfacet
 facet normal -7.191280e-01  6.948776e-01  0.000000e+00
   outer loop
     vertex -2.185779e+00  2.054841e+00  1.250000e+01
     vertex -2.128583e+00  2.114032e+00  1.170000e+01
     vertex -2.185779e+00  2.054841e+00  1.170000e+01
   endloop
 endfacet
 facet normal -7.379206e-01  6.748875e-01  0.000000e+00
   outer loop
     vertex -2.241329e+00  1.994103e+00  1.250000e+01
     vertex -2.185779e+00  2.054841e+00  1.250000e+01
     vertex -2.185779e+00  2.054841e+00  1.170000e+01
   endloop
 endfacet
 facet normal -7.379206e-01  6.748875e-01  0.000000e+00
   outer loop
     vertex -2.241329e+00  1.994103e+00  1.250000e+01
     vertex -2.185779e+00  2.054841e+00  1.170000e+01
     vertex -2.241329e+00  1.994103e+00  1.170000e+01
   endloop
 endfacet
 facet normal -7.561578e-01  6.543893e-01  0.000000e+00
   outer loop
     vertex -2.295191e+00  1.931864e+00  1.250000e+01
     vertex -2.241329e+00  1.994103e+00  1.250000e+01
     vertex -2.241329e+00  1.994103e+00  1.170000e+01
   endloop
 endfacet
 facet normal -7.561578e-01  6.543893e-01  0.000000e+00
   outer loop
     vertex -2.295191e+00  1.931864e+00  1.250000e+01
     vertex -2.241329e+00  1.994103e+00  1.170000e+01
     vertex -2.295191e+00  1.931864e+00  1.170000e+01
   endloop
 endfacet
 facet normal -7.738257e-01  6.333986e-01  0.000000e+00
   outer loop
     vertex -2.347326e+00  1.868170e+00  1.250000e+01
     vertex -2.295191e+00  1.931864e+00  1.170000e+01
     vertex -2.347326e+00  1.868170e+00  1.170000e+01
   endloop
 endfacet
 facet normal -7.738257e-01  6.333986e-01  0.000000e+00
   outer loop
     vertex -2.347326e+00  1.868170e+00  1.250000e+01
     vertex -2.295191e+00  1.931864e+00  1.250000e+01
     vertex -2.295191e+00  1.931864e+00  1.170000e+01
   endloop
 endfacet
 facet normal -7.909112e-01  6.119310e-01  0.000000e+00
   outer loop
     vertex -2.397694e+00  1.803070e+00  1.250000e+01
     vertex -2.347326e+00  1.868170e+00  1.170000e+01
     vertex -2.397694e+00  1.803070e+00  1.170000e+01
   endloop
 endfacet
 facet normal -7.909112e-01  6.119310e-01  0.000000e+00
   outer loop
     vertex -2.397694e+00  1.803070e+00  1.250000e+01
     vertex -2.347326e+00  1.868170e+00  1.250000e+01
     vertex -2.347326e+00  1.868170e+00  1.170000e+01
   endloop
 endfacet
 facet normal -8.074012e-01  5.900028e-01  0.000000e+00
   outer loop
     vertex -2.446257e+00  1.736613e+00  1.250000e+01
     vertex -2.397694e+00  1.803070e+00  1.170000e+01
     vertex -2.446257e+00  1.736613e+00  1.170000e+01
   endloop
 endfacet
 facet normal -8.074012e-01  5.900028e-01  0.000000e+00
   outer loop
     vertex -2.446257e+00  1.736613e+00  1.250000e+01
     vertex -2.397694e+00  1.803070e+00  1.250000e+01
     vertex -2.397694e+00  1.803070e+00  1.170000e+01
   endloop
 endfacet
 facet normal -8.232835e-01  5.676304e-01  0.000000e+00
   outer loop
     vertex -2.492979e+00  1.668849e+00  1.250000e+01
     vertex -2.446257e+00  1.736613e+00  1.170000e+01
     vertex -2.492979e+00  1.668849e+00  1.170000e+01
   endloop
 endfacet
 facet normal -8.232835e-01  5.676304e-01  0.000000e+00
   outer loop
     vertex -2.492979e+00  1.668849e+00  1.250000e+01
     vertex -2.446257e+00  1.736613e+00  1.250000e+01
     vertex -2.446257e+00  1.736613e+00  1.170000e+01
   endloop
 endfacet
 facet normal -8.385460e-01  5.448308e-01  0.000000e+00
   outer loop
     vertex -2.537824e+00  1.599828e+00  1.250000e+01
     vertex -2.492979e+00  1.668849e+00  1.170000e+01
     vertex -2.537824e+00  1.599828e+00  1.170000e+01
   endloop
 endfacet
 facet normal -8.385460e-01  5.448308e-01  0.000000e+00
   outer loop
     vertex -2.537824e+00  1.599828e+00  1.250000e+01
     vertex -2.492979e+00  1.668849e+00  1.250000e+01
     vertex -2.492979e+00  1.668849e+00  1.170000e+01
   endloop
 endfacet
 facet normal -8.531773e-01  5.216210e-01  0.000000e+00
   outer loop
     vertex -2.580758e+00  1.529603e+00  1.250000e+01
     vertex -2.537824e+00  1.599828e+00  1.170000e+01
     vertex -2.580758e+00  1.529603e+00  1.170000e+01
   endloop
 endfacet
 facet normal -8.531773e-01  5.216210e-01  0.000000e+00
   outer loop
     vertex -2.580758e+00  1.529603e+00  1.250000e+01
     vertex -2.537824e+00  1.599828e+00  1.250000e+01
     vertex -2.537824e+00  1.599828e+00  1.170000e+01
   endloop
 endfacet
 facet normal -8.671664e-01  4.980186e-01  0.000000e+00
   outer loop
     vertex -2.621750e+00  1.458227e+00  1.250000e+01
     vertex -2.580758e+00  1.529603e+00  1.170000e+01
     vertex -2.621750e+00  1.458227e+00  1.170000e+01
   endloop
 endfacet
 facet normal -8.671664e-01  4.980186e-01  0.000000e+00
   outer loop
     vertex -2.621750e+00  1.458227e+00  1.250000e+01
     vertex -2.580758e+00  1.529603e+00  1.250000e+01
     vertex -2.580758e+00  1.529603e+00  1.170000e+01
   endloop
 endfacet
 facet normal -8.805026e-01  4.740412e-01  0.000000e+00
   outer loop
     vertex -2.660769e+00  1.385753e+00  1.250000e+01
     vertex -2.621750e+00  1.458227e+00  1.170000e+01
     vertex -2.660769e+00  1.385753e+00  1.170000e+01
   endloop
 endfacet
 facet normal -8.805026e-01  4.740412e-01  0.000000e+00
   outer loop
     vertex -2.660769e+00  1.385753e+00  1.250000e+01
     vertex -2.621750e+00  1.458227e+00  1.250000e+01
     vertex -2.621750e+00  1.458227e+00  1.170000e+01
   endloop
 endfacet
 facet normal -8.931761e-01  4.497071e-01  0.000000e+00
   outer loop
     vertex -2.697784e+00  1.312236e+00  1.250000e+01
     vertex -2.660769e+00  1.385753e+00  1.170000e+01
     vertex -2.697784e+00  1.312236e+00  1.170000e+01
   endloop
 endfacet
 facet normal -8.931761e-01  4.497071e-01  0.000000e+00
   outer loop
     vertex -2.697784e+00  1.312236e+00  1.250000e+01
     vertex -2.660769e+00  1.385753e+00  1.250000e+01
     vertex -2.660769e+00  1.385753e+00  1.170000e+01
   endloop
 endfacet
 facet normal -9.051772e-01  4.250344e-01  0.000000e+00
   outer loop
     vertex -2.732768e+00  1.237731e+00  1.250000e+01
     vertex -2.697784e+00  1.312236e+00  1.170000e+01
     vertex -2.732768e+00  1.237731e+00  1.170000e+01
   endloop
 endfacet
 facet normal -9.051772e-01  4.250344e-01  0.000000e+00
   outer loop
     vertex -2.732768e+00  1.237731e+00  1.250000e+01
     vertex -2.697784e+00  1.312236e+00  1.250000e+01
     vertex -2.697784e+00  1.312236e+00  1.170000e+01
   endloop
 endfacet
 facet normal -9.164969e-01  4.000417e-01  0.000000e+00
   outer loop
     vertex -2.765696e+00  1.162294e+00  1.250000e+01
     vertex -2.732768e+00  1.237731e+00  1.170000e+01
     vertex -2.765696e+00  1.162294e+00  1.170000e+01
   endloop
 endfacet
 facet normal -9.164969e-01  4.000417e-01  0.000000e+00
   outer loop
     vertex -2.765696e+00  1.162294e+00  1.250000e+01
     vertex -2.732768e+00  1.237731e+00  1.250000e+01
     vertex -2.732768e+00  1.237731e+00  1.170000e+01
   endloop
 endfacet
 facet normal -9.271267e-01  3.747479e-01  0.000000e+00
   outer loop
     vertex -2.796541e+00  1.085982e+00  1.250000e+01
     vertex -2.765696e+00  1.162294e+00  1.170000e+01
     vertex -2.796541e+00  1.085982e+00  1.170000e+01
   endloop
 endfacet
 facet normal -9.271267e-01  3.747479e-01  0.000000e+00
   outer loop
     vertex -2.796541e+00  1.085982e+00  1.250000e+01
     vertex -2.765696e+00  1.162294e+00  1.250000e+01
     vertex -2.765696e+00  1.162294e+00  1.170000e+01
   endloop
 endfacet
 facet normal -9.370586e-01  3.491720e-01  0.000000e+00
   outer loop
     vertex -2.825282e+00  1.008853e+00  1.250000e+01
     vertex -2.796541e+00  1.085982e+00  1.170000e+01
     vertex -2.825282e+00  1.008853e+00  1.170000e+01
   endloop
 endfacet
 facet normal -9.370586e-01  3.491720e-01  0.000000e+00
   outer loop
     vertex -2.825282e+00  1.008853e+00  1.250000e+01
     vertex -2.796541e+00  1.085982e+00  1.250000e+01
     vertex -2.796541e+00  1.085982e+00  1.170000e+01
   endloop
 endfacet
 facet normal -9.462851e-01  3.233333e-01  0.000000e+00
   outer loop
     vertex -2.851895e+00  9.309643e-01  1.250000e+01
     vertex -2.825282e+00  1.008853e+00  1.170000e+01
     vertex -2.851895e+00  9.309643e-01  1.170000e+01
   endloop
 endfacet
 facet normal -9.547993e-01  2.972512e-01  0.000000e+00
   outer loop
     vertex -2.851895e+00  9.309643e-01  1.250000e+01
     vertex -2.851895e+00  9.309643e-01  1.170000e+01
     vertex -2.876362e+00  8.523749e-01  1.170000e+01
   endloop
 endfacet
 facet normal -9.462851e-01  3.233333e-01  0.000000e+00
   outer loop
     vertex -2.851895e+00  9.309643e-01  1.250000e+01
     vertex -2.825282e+00  1.008853e+00  1.250000e+01
     vertex -2.825282e+00  1.008853e+00  1.170000e+01
   endloop
 endfacet
 facet normal -9.547993e-01  2.972512e-01  0.000000e+00
   outer loop
     vertex -2.876362e+00  8.523749e-01  1.250000e+01
     vertex -2.851895e+00  9.309643e-01  1.250000e+01
     vertex -2.876362e+00  8.523749e-01  1.170000e+01
   endloop
 endfacet
 facet normal -9.625948e-01  2.709453e-01  0.000000e+00
   outer loop
     vertex -2.898663e+00  7.731438e-01  1.250000e+01
     vertex -2.876362e+00  8.523749e-01  1.170000e+01
     vertex -2.898663e+00  7.731438e-01  1.170000e+01
   endloop
 endfacet
 facet normal -9.625948e-01  2.709453e-01  0.000000e+00
   outer loop
     vertex -2.898663e+00  7.731438e-01  1.250000e+01
     vertex -2.876362e+00  8.523749e-01  1.250000e+01
     vertex -2.876362e+00  8.523749e-01  1.170000e+01
   endloop
 endfacet
 facet normal -9.696656e-01  2.444354e-01  0.000000e+00
   outer loop
     vertex -2.918783e+00  6.933307e-01  1.250000e+01
     vertex -2.898663e+00  7.731438e-01  1.170000e+01
     vertex -2.918783e+00  6.933307e-01  1.170000e+01
   endloop
 endfacet
 facet normal -9.760065e-01  2.177416e-01  0.000000e+00
   outer loop
     vertex -2.918783e+00  6.933307e-01  1.250000e+01
     vertex -2.918783e+00  6.933307e-01  1.170000e+01
     vertex -2.936705e+00  6.129958e-01  1.170000e+01
   endloop
 endfacet
 facet normal -9.696656e-01  2.444354e-01  0.000000e+00
   outer loop
     vertex -2.918783e+00  6.933307e-01  1.250000e+01
     vertex -2.898663e+00  7.731438e-01  1.250000e+01
     vertex -2.898663e+00  7.731438e-01  1.170000e+01
   endloop
 endfacet
 facet normal -9.816126e-01  1.908838e-01  0.000000e+00
   outer loop
     vertex -2.936705e+00  6.129958e-01  1.250000e+01
     vertex -2.936705e+00  6.129958e-01  1.170000e+01
     vertex -2.952417e+00  5.321993e-01  1.170000e+01
   endloop
 endfacet
 facet normal -9.760065e-01  2.177416e-01  0.000000e+00
   outer loop
     vertex -2.936705e+00  6.129958e-01  1.250000e+01
     vertex -2.918783e+00  6.933307e-01  1.250000e+01
     vertex -2.936705e+00  6.129958e-01  1.170000e+01
   endloop
 endfacet
 facet normal -9.816126e-01  1.908838e-01  0.000000e+00
   outer loop
     vertex -2.952417e+00  5.321993e-01  1.250000e+01
     vertex -2.936705e+00  6.129958e-01  1.250000e+01
     vertex -2.952417e+00  5.321993e-01  1.170000e+01
   endloop
 endfacet
 facet normal -9.864799e-01  1.638824e-01  0.000000e+00
   outer loop
     vertex -2.965906e+00  4.510023e-01  1.250000e+01
     vertex -2.952417e+00  5.321993e-01  1.170000e+01
     vertex -2.965906e+00  4.510023e-01  1.170000e+01
   endloop
 endfacet
 facet normal -9.864799e-01  1.638824e-01  0.000000e+00
   outer loop
     vertex -2.965906e+00  4.510023e-01  1.250000e+01
     vertex -2.952417e+00  5.321993e-01  1.250000e+01
     vertex -2.952417e+00  5.321993e-01  1.170000e+01
   endloop
 endfacet
 facet normal -9.906046e-01  1.367575e-01  0.000000e+00
   outer loop
     vertex -2.977162e+00  3.694657e-01  1.250000e+01
     vertex -2.965906e+00  4.510023e-01  1.170000e+01
     vertex -2.977162e+00  3.694657e-01  1.170000e+01
   endloop
 endfacet
 facet normal -9.906046e-01  1.367575e-01  0.000000e+00
   outer loop
     vertex -2.977162e+00  3.694657e-01  1.250000e+01
     vertex -2.965906e+00  4.510023e-01  1.250000e+01
     vertex -2.965906e+00  4.510023e-01  1.170000e+01
   endloop
 endfacet
 facet normal -9.939835e-01  1.095298e-01  0.000000e+00
   outer loop
     vertex -2.986178e+00  2.876511e-01  1.250000e+01
     vertex -2.977162e+00  3.694657e-01  1.250000e+01
     vertex -2.977162e+00  3.694657e-01  1.170000e+01
   endloop
 endfacet
 facet normal -9.939835e-01  1.095298e-01  0.000000e+00
   outer loop
     vertex -2.986178e+00  2.876511e-01  1.250000e+01
     vertex -2.977162e+00  3.694657e-01  1.170000e+01
     vertex -2.986178e+00  2.876511e-01  1.170000e+01
   endloop
 endfacet
 facet normal -9.966142e-01  8.221955e-02  0.000000e+00
   outer loop
     vertex -2.986178e+00  2.876511e-01  1.250000e+01
     vertex -2.986178e+00  2.876511e-01  1.170000e+01
     vertex -2.992945e+00  2.056198e-01  1.170000e+01
   endloop
 endfacet
 facet normal -9.966142e-01  8.221955e-02  0.000000e+00
   outer loop
     vertex -2.992945e+00  2.056198e-01  1.250000e+01
     vertex -2.986178e+00  2.876511e-01  1.250000e+01
     vertex -2.992945e+00  2.056198e-01  1.170000e+01
   endloop
 endfacet
 facet normal -9.984947e-01  5.484744e-02  0.000000e+00
   outer loop
     vertex -2.992945e+00  2.056198e-01  1.250000e+01
     vertex -2.992945e+00  2.056198e-01  1.170000e+01
     vertex -2.997460e+00  1.234339e-01  1.170000e+01
   endloop
 endfacet
 facet normal -9.984947e-01  5.484744e-02  0.000000e+00
   outer loop
     vertex -2.997460e+00  1.234339e-01  1.250000e+01
     vertex -2.992945e+00  2.056198e-01  1.250000e+01
     vertex -2.997460e+00  1.234339e-01  1.170000e+01
   endloop
 endfacet
 facet normal -9.996236e-01  2.743405e-02  0.000000e+00
   outer loop
     vertex -2.999718e+00  4.115494e-02  1.250000e+01
     vertex -2.997460e+00  1.234339e-01  1.250000e+01
     vertex -2.997460e+00  1.234339e-01  1.170000e+01
   endloop
 endfacet
 facet normal -9.996236e-01  2.743405e-02  0.000000e+00
   outer loop
     vertex -2.999718e+00  4.115494e-02  1.250000e+01
     vertex -2.997460e+00  1.234339e-01  1.170000e+01
     vertex -2.999718e+00  4.115494e-02  1.170000e+01
   endloop
 endfacet
 facet normal -1.000000e+00  0.000000e+00 -0.000000e+00
   outer loop
     vertex -2.999718e+00  4.115494e-02  1.250000e+01
     vertex -2.999718e+00  4.115494e-02  1.170000e+01
     vertex -2.999718e+00 -4.115494e-02  1.170000e+01
   endloop
 endfacet
 facet normal -1.000000e+00  0.000000e+00  0.000000e+00
   outer loop
     vertex -2.999718e+00 -4.115494e-02  1.250000e+01
     vertex -2.999718e+00  4.115494e-02  1.250000e+01
     vertex -2.999718e+00 -4.115494e-02  1.170000e+01
   endloop
 endfacet
 facet normal -9.996236e-01 -2.743405e-02  0.000000e+00
   outer loop
     vertex -2.997460e+00 -1.234339e-01  1.250000e+01
     vertex -2.999718e+00 -4.115494e-02  1.250000e+01
     vertex -2.999718e+00 -4.115494e-02  1.170000e+01
   endloop
 endfacet
 facet normal -9.996236e-01 -2.743405e-02 -0.000000e+00
   outer loop
     vertex -2.997460e+00 -1.234339e-01  1.250000e+01
     vertex -2.999718e+00 -4.115494e-02  1.170000e+01
     vertex -2.997460e+00 -1.234339e-01  1.170000e+01
   endloop
 endfacet
 facet normal -9.984947e-01 -5.484744e-02 -0.000000e+00
   outer loop
     vertex -2.997460e+00 -1.234339e-01  1.250000e+01
     vertex -2.997460e+00 -1.234339e-01  1.170000e+01
     vertex -2.992945e+00 -2.056198e-01  1.170000e+01
   endloop
 endfacet
 facet normal -9.984947e-01 -5.484744e-02 -0.000000e+00
   outer loop
     vertex -2.992945e+00 -2.056198e-01  1.250000e+01
     vertex -2.997460e+00 -1.234339e-01  1.250000e+01
     vertex -2.992945e+00 -2.056198e-01  1.170000e+01
   endloop
 endfacet
 facet normal -9.966142e-01 -8.221955e-02 -0.000000e+00
   outer loop
     vertex -2.992945e+00 -2.056198e-01  1.250000e+01
     vertex -2.992945e+00 -2.056198e-01  1.170000e+01
     vertex -2.986178e+00 -2.876511e-01  1.170000e+01
   endloop
 endfacet
 facet normal -9.966142e-01 -8.221955e-02 -0.000000e+00
   outer loop
     vertex -2.986178e+00 -2.876511e-01  1.250000e+01
     vertex -2.992945e+00 -2.056198e-01  1.250000e+01
     vertex -2.986178e+00 -2.876511e-01  1.170000e+01
   endloop
 endfacet
 facet normal -9.939835e-01 -1.095298e-01 -0.000000e+00
   outer loop
     vertex -2.986178e+00 -2.876511e-01  1.250000e+01
     vertex -2.986178e+00 -2.876511e-01  1.170000e+01
     vertex -2.977162e+00 -3.694657e-01  1.170000e+01
   endloop
 endfacet
 facet normal -9.939835e-01 -1.095298e-01 -0.000000e+00
   outer loop
     vertex -2.977162e+00 -3.694657e-01  1.250000e+01
     vertex -2.986178e+00 -2.876511e-01  1.250000e+01
     vertex -2.977162e+00 -3.694657e-01  1.170000e+01
   endloop
 endfacet
 facet normal -9.906046e-01 -1.367575e-01 -0.000000e+00
   outer loop
     vertex -2.977162e+00 -3.694657e-01  1.250000e+01
     vertex -2.977162e+00 -3.694657e-01  1.170000e+01
     vertex -2.965906e+00 -4.510023e-01  1.170000e+01
   endloop
 endfacet
 facet normal -9.906046e-01 -1.367575e-01 -0.000000e+00
   outer loop
     vertex -2.965906e+00 -4.510023e-01  1.250000e+01
     vertex -2.977162e+00 -3.694657e-01  1.250000e+01
     vertex -2.965906e+00 -4.510023e-01  1.170000e+01
   endloop
 endfacet
 facet normal -9.864799e-01 -1.638824e-01 -0.000000e+00
   outer loop
     vertex -2.965906e+00 -4.510023e-01  1.250000e+01
     vertex -2.965906e+00 -4.510023e-01  1.170000e+01
     vertex -2.952417e+00 -5.321993e-01  1.170000e+01
   endloop
 endfacet
 facet normal -9.864799e-01 -1.638824e-01 -0.000000e+00
   outer loop
     vertex -2.952417e+00 -5.321993e-01  1.250000e+01
     vertex -2.965906e+00 -4.510023e-01  1.250000e+01
     vertex -2.952417e+00 -5.321993e-01  1.170000e+01
   endloop
 endfacet
 facet normal -9.816126e-01 -1.908838e-01  0.000000e+00
   outer loop
     vertex -2.936705e+00 -6.129958e-01  1.250000e+01
     vertex -2.952417e+00 -5.321993e-01  1.250000e+01
     vertex -2.952417e+00 -5.321993e-01  1.170000e+01
   endloop
 endfacet
 facet normal -9.816126e-01 -1.908838e-01 -0.000000e+00
   outer loop
     vertex -2.936705e+00 -6.129958e-01  1.250000e+01
     vertex -2.952417e+00 -5.321993e-01  1.170000e+01
     vertex -2.936705e+00 -6.129958e-01  1.170000e+01
   endloop
 endfacet
 facet normal -9.760065e-01 -2.177416e-01 -0.000000e+00
   outer loop
     vertex -2.918783e+00 -6.933307e-01  1.250000e+01
     vertex -2.936705e+00 -6.129958e-01  1.170000e+01
     vertex -2.918783e+00 -6.933307e-01  1.170000e+01
   endloop
 endfacet
 facet normal -9.760065e-01 -2.177416e-01  0.000000e+00
   outer loop
     vertex -2.918783e+00 -6.933307e-01  1.250000e+01
     vertex -2.936705e+00 -6.129958e-01  1.250000e+01
     vertex -2.936705e+00 -6.129958e-01  1.170000e+01
   endloop
 endfacet
 facet normal -9.696656e-01 -2.444354e-01 -0.000000e+00
   outer loop
     vertex -2.918783e+00 -6.933307e-01  1.250000e+01
     vertex -2.918783e+00 -6.933307e-01  1.170000e+01
     vertex -2.898663e+00 -7.731438e-01  1.170000e+01
   endloop
 endfacet
 facet normal -9.625948e-01 -2.709453e-01 -0.000000e+00
   outer loop
     vertex -2.898663e+00 -7.731438e-01  1.250000e+01
     vertex -2.898663e+00 -7.731438e-01  1.170000e+01
     vertex -2.876362e+00 -8.523749e-01  1.170000e+01
   endloop
 endfacet
 facet normal -9.696656e-01 -2.444354e-01 -0.000000e+00
   outer loop
     vertex -2.898663e+00 -7.731438e-01  1.250000e+01
     vertex -2.918783e+00 -6.933307e-01  1.250000e+01
     vertex -2.898663e+00 -7.731438e-01  1.170000e+01
   endloop
 endfacet
 facet normal -9.625948e-01 -2.709453e-01 -0.000000e+00
   outer loop
     vertex -2.876362e+00 -8.523749e-01  1.250000e+01
     vertex -2.898663e+00 -7.731438e-01  1.250000e+01
     vertex -2.876362e+00 -8.523749e-01  1.170000e+01
   endloop
 endfacet
 facet normal -9.547993e-01 -2.972512e-01 -0.000000e+00
   outer loop
     vertex -2.851895e+00 -9.309643e-01  1.250000e+01
     vertex -2.876362e+00 -8.523749e-01  1.170000e+01
     vertex -2.851895e+00 -9.309643e-01  1.170000e+01
   endloop
 endfacet
 facet normal -9.462851e-01 -3.233333e-01 -0.000000e+00
   outer loop
     vertex -2.851895e+00 -9.309643e-01  1.250000e+01
     vertex -2.851895e+00 -9.309643e-01  1.170000e+01
     vertex -2.825282e+00 -1.008853e+00  1.170000e+01
   endloop
 endfacet
 facet normal -9.547993e-01 -2.972512e-01  0.000000e+00
   outer loop
     vertex -2.851895e+00 -9.309643e-01  1.250000e+01
     vertex -2.876362e+00 -8.523749e-01  1.250000e+01
     vertex -2.876362e+00 -8.523749e-01  1.170000e+01
   endloop
 endfacet
 facet normal -9.370586e-01 -3.491720e-01 -0.000000e+00
   outer loop
     vertex -2.825282e+00 -1.008853e+00  1.250000e+01
     vertex -2.825282e+00 -1.008853e+00  1.170000e+01
     vertex -2.796541e+00 -1.085982e+00  1.170000e+01
   endloop
 endfacet
 facet normal -9.462851e-01 -3.233333e-01 -0.000000e+00
   outer loop
     vertex -2.825282e+00 -1.008853e+00  1.250000e+01
     vertex -2.851895e+00 -9.309643e-01  1.250000e+01
     vertex -2.825282e+00 -1.008853e+00  1.170000e+01
   endloop
 endfacet
 facet normal -9.271267e-01 -3.747479e-01 -0.000000e+00
   outer loop
     vertex -2.796541e+00 -1.085982e+00  1.250000e+01
     vertex -2.796541e+00 -1.085982e+00  1.170000e+01
     vertex -2.765696e+00 -1.162294e+00  1.170000e+01
   endloop
 endfacet
 facet normal -9.370586e-01 -3.491720e-01 -0.000000e+00
   outer loop
     vertex -2.796541e+00 -1.085982e+00  1.250000e+01
     vertex -2.825282e+00 -1.008853e+00  1.250000e+01
     vertex -2.796541e+00 -1.085982e+00  1.170000e+01
   endloop
 endfacet
 facet normal -9.271267e-01 -3.747479e-01 -0.000000e+00
   outer loop
     vertex -2.765696e+00 -1.162294e+00  1.250000e+01
     vertex -2.796541e+00 -1.085982e+00  1.250000e+01
     vertex -2.765696e+00 -1.162294e+00  1.170000e+01
   endloop
 endfacet
 facet normal -9.164969e-01 -4.000417e-01 -0.000000e+00
   outer loop
     vertex -2.732768e+00 -1.237731e+00  1.250000e+01
     vertex -2.765696e+00 -1.162294e+00  1.170000e+01
     vertex -2.732768e+00 -1.237731e+00  1.170000e+01
   endloop
 endfacet
 facet normal -9.051772e-01 -4.250344e-01 -0.000000e+00
   outer loop
     vertex -2.732768e+00 -1.237731e+00  1.250000e+01
     vertex -2.732768e+00 -1.237731e+00  1.170000e+01
     vertex -2.697784e+00 -1.312236e+00  1.170000e+01
   endloop
 endfacet
 facet normal -9.164969e-01 -4.000417e-01  0.000000e+00
   outer loop
     vertex -2.732768e+00 -1.237731e+00  1.250000e+01
     vertex -2.765696e+00 -1.162294e+00  1.250000e+01
     vertex -2.765696e+00 -1.162294e+00  1.170000e+01
   endloop
 endfacet
 facet normal -9.051772e-01 -4.250344e-01 -0.000000e+00
   outer loop
     vertex -2.697784e+00 -1.312236e+00  1.250000e+01
     vertex -2.732768e+00 -1.237731e+00  1.250000e+01
     vertex -2.697784e+00 -1.312236e+00  1.170000e+01
   endloop
 endfacet
 facet normal -8.931761e-01 -4.497071e-01 -0.000000e+00
   outer loop
     vertex -2.660769e+00 -1.385753e+00  1.250000e+01
     vertex -2.697784e+00 -1.312236e+00  1.170000e+01
     vertex -2.660769e+00 -1.385753e+00  1.170000e+01
   endloop
 endfacet
 facet normal -8.931761e-01 -4.497071e-01  0.000000e+00
   outer loop
     vertex -2.660769e+00 -1.385753e+00  1.250000e+01
     vertex -2.697784e+00 -1.312236e+00  1.250000e+01
     vertex -2.697784e+00 -1.312236e+00  1.170000e+01
   endloop
 endfacet
 facet normal -8.805026e-01 -4.740412e-01 -0.000000e+00
   outer loop
     vertex -2.621750e+00 -1.458227e+00  1.250000e+01
     vertex -2.660769e+00 -1.385753e+00  1.170000e+01
     vertex -2.621750e+00 -1.458227e+00  1.170000e+01
   endloop
 endfacet
 facet normal -8.805026e-01 -4.740412e-01  0.000000e+00
   outer loop
     vertex -2.621750e+00 -1.458227e+00  1.250000e+01
     vertex -2.660769e+00 -1.385753e+00  1.250000e+01
     vertex -2.660769e+00 -1.385753e+00  1.170000e+01
   endloop
 endfacet
 facet normal -8.671664e-01 -4.980186e-01 -0.000000e+00
   outer loop
     vertex -2.580758e+00 -1.529603e+00  1.250000e+01
     vertex -2.621750e+00 -1.458227e+00  1.170000e+01
     vertex -2.580758e+00 -1.529603e+00  1.170000e+01
   endloop
 endfacet
 facet normal -8.531773e-01 -5.216210e-01 -0.000000e+00
   outer loop
     vertex -2.580758e+00 -1.529603e+00  1.250000e+01
     vertex -2.580758e+00 -1.529603e+00  1.170000e+01
     vertex -2.537824e+00 -1.599828e+00  1.170000e+01
   endloop
 endfacet
 facet normal -8.671664e-01 -4.980186e-01  0.000000e+00
   outer loop
     vertex -2.580758e+00 -1.529603e+00  1.250000e+01
     vertex -2.621750e+00 -1.458227e+00  1.250000e+01
     vertex -2.621750e+00 -1.458227e+00  1.170000e+01
   endloop
 endfacet
 facet normal -8.531773e-01 -5.216210e-01 -0.000000e+00
   outer loop
     vertex -2.537824e+00 -1.599828e+00  1.250000e+01
     vertex -2.580758e+00 -1.529603e+00  1.250000e+01
     vertex -2.537824e+00 -1.599828e+00  1.170000e+01
   endloop
 endfacet
 facet normal -8.385460e-01 -5.448308e-01  0.000000e+00
   outer loop
     vertex -2.492979e+00 -1.668849e+00  1.250000e+01
     vertex -2.537824e+00 -1.599828e+00  1.250000e+01
     vertex -2.537824e+00 -1.599828e+00  1.170000e+01
   endloop
 endfacet
 facet normal -8.385460e-01 -5.448308e-01 -0.000000e+00
   outer loop
     vertex -2.492979e+00 -1.668849e+00  1.250000e+01
     vertex -2.537824e+00 -1.599828e+00  1.170000e+01
     vertex -2.492979e+00 -1.668849e+00  1.170000e+01
   endloop
 endfacet
 facet normal -8.232835e-01 -5.676304e-01  0.000000e+00
   outer loop
     vertex -2.446257e+00 -1.736613e+00  1.250000e+01
     vertex -2.492979e+00 -1.668849e+00  1.250000e+01
     vertex -2.492979e+00 -1.668849e+00  1.170000e+01
   endloop
 endfacet
 facet normal -8.232835e-01 -5.676304e-01 -0.000000e+00
   outer loop
     vertex -2.446257e+00 -1.736613e+00  1.250000e+01
     vertex -2.492979e+00 -1.668849e+00  1.170000e+01
     vertex -2.446257e+00 -1.736613e+00  1.170000e+01
   endloop
 endfacet
 facet normal -8.074012e-01 -5.900028e-01 -0.000000e+00
   outer loop
     vertex -2.446257e+00 -1.736613e+00  1.250000e+01
     vertex -2.446257e+00 -1.736613e+00  1.170000e+01
     vertex -2.397694e+00 -1.803070e+00  1.170000e+01
   endloop
 endfacet
 facet normal -8.074012e-01 -5.900028e-01 -0.000000e+00
   outer loop
     vertex -2.397694e+00 -1.803070e+00  1.250000e+01
     vertex -2.446257e+00 -1.736613e+00  1.250000e+01
     vertex -2.397694e+00 -1.803070e+00  1.170000e+01
   endloop
 endfacet
 facet normal -7.909112e-01 -6.119310e-01 -0.000000e+00
   outer loop
     vertex -2.397694e+00 -1.803070e+00  1.250000e+01
     vertex -2.397694e+00 -1.803070e+00  1.170000e+01
     vertex -2.347326e+00 -1.868170e+00  1.170000e+01
   endloop
 endfacet
 facet normal -7.909112e-01 -6.119310e-01 -0.000000e+00
   outer loop
     vertex -2.347326e+00 -1.868170e+00  1.250000e+01
     vertex -2.397694e+00 -1.803070e+00  1.250000e+01
     vertex -2.347326e+00 -1.868170e+00  1.170000e+01
   endloop
 endfacet
 facet normal -7.738257e-01 -6.333986e-01  0.000000e+00
   outer loop
     vertex -2.295191e+00 -1.931864e+00  1.250000e+01
     vertex -2.347326e+00 -1.868170e+00  1.250000e+01
     vertex -2.347326e+00 -1.868170e+00  1.170000e+01
   endloop
 endfacet
 facet normal -7.738257e-01 -6.333986e-01 -0.000000e+00
   outer loop
     vertex -2.295191e+00 -1.931864e+00  1.250000e+01
     vertex -2.347326e+00 -1.868170e+00  1.170000e+01
     vertex -2.295191e+00 -1.931864e+00  1.170000e+01
   endloop
 endfacet
 facet normal -7.561578e-01 -6.543893e-01 -0.000000e+00
   outer loop
     vertex -2.295191e+00 -1.931864e+00  1.250000e+01
     vertex -2.295191e+00 -1.931864e+00  1.170000e+01
     vertex -2.241329e+00 -1.994103e+00  1.170000e+01
   endloop
 endfacet
 facet normal -7.561578e-01 -6.543893e-01 -0.000000e+00
   outer loop
     vertex -2.241329e+00 -1.994103e+00  1.250000e+01
     vertex -2.295191e+00 -1.931864e+00  1.250000e+01
     vertex -2.241329e+00 -1.994103e+00  1.170000e+01
   endloop
 endfacet
 facet normal -7.379206e-01 -6.748875e-01 -0.000000e+00
   outer loop
     vertex -2.241329e+00 -1.994103e+00  1.250000e+01
     vertex -2.241329e+00 -1.994103e+00  1.170000e+01
     vertex -2.185779e+00 -2.054841e+00  1.170000e+01
   endloop
 endfacet
 facet normal -7.379206e-01 -6.748875e-01 -0.000000e+00
   outer loop
     vertex -2.185779e+00 -2.054841e+00  1.250000e+01
     vertex -2.241329e+00 -1.994103e+00  1.250000e+01
     vertex -2.185779e+00 -2.054841e+00  1.170000e+01
   endloop
 endfacet
 facet normal -7.191280e-01 -6.948776e-01  0.000000e+00
   outer loop
     vertex -2.128583e+00 -2.114032e+00  1.250000e+01
     vertex -2.185779e+00 -2.054841e+00  1.250000e+01
     vertex -2.185779e+00 -2.054841e+00  1.170000e+01
   endloop
 endfacet
 facet normal -7.191280e-01 -6.948776e-01 -0.000000e+00
   outer loop
     vertex -2.128583e+00 -2.114032e+00  1.250000e+01
     vertex -2.185779e+00 -2.054841e+00  1.170000e+01
     vertex -2.128583e+00 -2.114032e+00  1.170000e+01
   endloop
 endfacet
 facet normal -6.997940e-01 -7.143447e-01  0.000000e+00
   outer loop
     vertex -2.069786e+00 -2.171632e+00  1.250000e+01
     vertex -2.128583e+00 -2.114032e+00  1.250000e+01
     vertex -2.128583e+00 -2.114032e+00  1.170000e+01
   endloop
 endfacet
 facet normal -6.997940e-01 -7.143447e-01 -0.000000e+00
   outer loop
     vertex -2.069786e+00 -2.171632e+00  1.250000e+01
     vertex -2.128583e+00 -2.114032e+00  1.170000e+01
     vertex -2.069786e+00 -2.171632e+00  1.170000e+01
   endloop
 endfacet
 facet normal -6.799333e-01 -7.332740e-01 -0.000000e+00
   outer loop
     vertex -2.069786e+00 -2.171632e+00  1.250000e+01
     vertex -2.069786e+00 -2.171632e+00  1.170000e+01
     vertex -2.009430e+00 -2.227598e+00  1.170000e+01
   endloop
 endfacet
 facet normal -6.799333e-01 -7.332740e-01 -0.000000e+00
   outer loop
     vertex -2.009430e+00 -2.227598e+00  1.250000e+01
     vertex -2.069786e+00 -2.171632e+00  1.250000e+01
     vertex -2.009430e+00 -2.227598e+00  1.170000e+01
   endloop
 endfacet
 facet normal -6.595607e-01 -7.516513e-01  0.000000e+00
   outer loop
     vertex -1.947562e+00 -2.281886e+00  1.250000e+01
     vertex -2.009430e+00 -2.227598e+00  1.250000e+01
     vertex -2.009430e+00 -2.227598e+00  1.170000e+01
   endloop
 endfacet
 facet normal -6.595607e-01 -7.516513e-01 -0.000000e+00
   outer loop
     vertex -1.947562e+00 -2.281886e+00  1.250000e+01
     vertex -2.009430e+00 -2.227598e+00  1.170000e+01
     vertex -1.947562e+00 -2.281886e+00  1.170000e+01
   endloop
 endfacet
 facet normal -6.386916e-01 -7.694628e-01 -0.000000e+00
   outer loop
     vertex -1.947562e+00 -2.281886e+00  1.250000e+01
     vertex -1.947562e+00 -2.281886e+00  1.170000e+01
     vertex -1.884227e+00 -2.334457e+00  1.170000e+01
   endloop
 endfacet
 facet normal -6.386916e-01 -7.694628e-01 -0.000000e+00
   outer loop
     vertex -1.884227e+00 -2.334457e+00  1.250000e+01
     vertex -1.947562e+00 -2.281886e+00  1.250000e+01
     vertex -1.884227e+00 -2.334457e+00  1.170000e+01
   endloop
 endfacet
 facet normal -6.173417e-01 -7.866951e-01  0.000000e+00
   outer loop
     vertex -1.819474e+00 -2.385270e+00  1.250000e+01
     vertex -1.884227e+00 -2.334457e+00  1.250000e+01
     vertex -1.884227e+00 -2.334457e+00  1.170000e+01
   endloop
 endfacet
 facet normal -6.173417e-01 -7.866951e-01 -0.000000e+00
   outer loop
     vertex -1.819474e+00 -2.385270e+00  1.250000e+01
     vertex -1.884227e+00 -2.334457e+00  1.170000e+01
     vertex -1.819474e+00 -2.385270e+00  1.170000e+01
   endloop
 endfacet
 facet normal -5.955271e-01 -8.033352e-01 -0.000000e+00
   outer loop
     vertex -1.819474e+00 -2.385270e+00  1.250000e+01
     vertex -1.819474e+00 -2.385270e+00  1.170000e+01
     vertex -1.753352e+00 -2.434288e+00  1.170000e+01
   endloop
 endfacet
 facet normal -5.955271e-01 -8.033352e-01 -0.000000e+00
   outer loop
     vertex -1.753352e+00 -2.434288e+00  1.250000e+01
     vertex -1.819474e+00 -2.385270e+00  1.250000e+01
     vertex -1.753352e+00 -2.434288e+00  1.170000e+01
   endloop
 endfacet
 facet normal -5.732642e-01 -8.193706e-01  0.000000e+00
   outer loop
     vertex -1.685910e+00 -2.481473e+00  1.250000e+01
     vertex -1.753352e+00 -2.434288e+00  1.250000e+01
     vertex -1.753352e+00 -2.434288e+00  1.170000e+01
   endloop
 endfacet
 facet normal -5.732642e-01 -8.193706e-01 -0.000000e+00
   outer loop
     vertex -1.685910e+00 -2.481473e+00  1.250000e+01
     vertex -1.753352e+00 -2.434288e+00  1.170000e+01
     vertex -1.685910e+00 -2.481473e+00  1.170000e+01
   endloop
 endfacet
 facet normal -5.505698e-01 -8.347891e-01 -0.000000e+00
   outer loop
     vertex -1.685910e+00 -2.481473e+00  1.250000e+01
     vertex -1.685910e+00 -2.481473e+00  1.170000e+01
     vertex -1.617198e+00 -2.526790e+00  1.170000e+01
   endloop
 endfacet
 facet normal -5.505698e-01 -8.347891e-01 -0.000000e+00
   outer loop
     vertex -1.617198e+00 -2.526790e+00  1.250000e+01
     vertex -1.685910e+00 -2.481473e+00  1.250000e+01
     vertex -1.617198e+00 -2.526790e+00  1.170000e+01
   endloop
 endfacet
 facet normal -5.274609e-01 -8.495793e-01  0.000000e+00
   outer loop
     vertex -1.547270e+00 -2.570206e+00  1.250000e+01
     vertex -1.617198e+00 -2.526790e+00  1.250000e+01
     vertex -1.617198e+00 -2.526790e+00  1.170000e+01
   endloop
 endfacet
 facet normal -5.274609e-01 -8.495793e-01 -0.000000e+00
   outer loop
     vertex -1.547270e+00 -2.570206e+00  1.250000e+01
     vertex -1.617198e+00 -2.526790e+00  1.170000e+01
     vertex -1.547270e+00 -2.570206e+00  1.170000e+01
   endloop
 endfacet
 facet normal -5.039550e-01 -8.637299e-01 -0.000000e+00
   outer loop
     vertex -1.547270e+00 -2.570206e+00  1.250000e+01
     vertex -1.547270e+00 -2.570206e+00  1.170000e+01
     vertex -1.476176e+00 -2.611686e+00  1.170000e+01
   endloop
 endfacet
 facet normal -5.039550e-01 -8.637299e-01 -0.000000e+00
   outer loop
     vertex -1.476176e+00 -2.611686e+00  1.250000e+01
     vertex -1.547270e+00 -2.570206e+00  1.250000e+01
     vertex -1.476176e+00 -2.611686e+00  1.170000e+01
   endloop
 endfacet
 facet normal -4.800697e-01 -8.772303e-01 -0.000000e+00
   outer loop
     vertex -1.476176e+00 -2.611686e+00  1.250000e+01
     vertex -1.476176e+00 -2.611686e+00  1.170000e+01
     vertex -1.403971e+00 -2.651201e+00  1.170000e+01
   endloop
 endfacet
 facet normal -4.800697e-01 -8.772303e-01 -0.000000e+00
   outer loop
     vertex -1.403971e+00 -2.651201e+00  1.250000e+01
     vertex -1.476176e+00 -2.611686e+00  1.250000e+01
     vertex -1.403971e+00 -2.651201e+00  1.170000e+01
   endloop
 endfacet
 facet normal -4.558231e-01 -8.900704e-01  0.000000e+00
   outer loop
     vertex -1.330710e+00 -2.688719e+00  1.250000e+01
     vertex -1.403971e+00 -2.651201e+00  1.250000e+01
     vertex -1.403971e+00 -2.651201e+00  1.170000e+01
   endloop
 endfacet
 facet normal -4.558231e-01 -8.900704e-01 -0.000000e+00
   outer loop
     vertex -1.330710e+00 -2.688719e+00  1.250000e+01
     vertex -1.403971e+00 -2.651201e+00  1.170000e+01
     vertex -1.330710e+00 -2.688719e+00  1.170000e+01
   endloop
 endfacet
 facet normal -4.312333e-01 -9.022405e-01 -0.000000e+00
   outer loop
     vertex -1.330710e+00 -2.688719e+00  1.250000e+01
     vertex -1.330710e+00 -2.688719e+00  1.170000e+01
     vertex -1.256446e+00 -2.724214e+00  1.170000e+01
   endloop
 endfacet
 facet normal -4.312333e-01 -9.022405e-01 -0.000000e+00
   outer loop
     vertex -1.256446e+00 -2.724214e+00  1.250000e+01
     vertex -1.330710e+00 -2.688719e+00  1.250000e+01
     vertex -1.256446e+00 -2.724214e+00  1.170000e+01
   endloop
 endfacet
 facet normal -4.063188e-01 -9.137314e-01 -0.000000e+00
   outer loop
     vertex -1.256446e+00 -2.724214e+00  1.250000e+01
     vertex -1.256446e+00 -2.724214e+00  1.170000e+01
     vertex -1.181237e+00 -2.757658e+00  1.170000e+01
   endloop
 endfacet
 facet normal -4.063188e-01 -9.137314e-01 -0.000000e+00
   outer loop
     vertex -1.181237e+00 -2.757658e+00  1.250000e+01
     vertex -1.256446e+00 -2.724214e+00  1.250000e+01
     vertex -1.181237e+00 -2.757658e+00  1.170000e+01
   endloop
 endfacet
 facet normal -3.810986e-01 -9.245344e-01 -0.000000e+00
   outer loop
     vertex -1.105139e+00 -2.789026e+00  1.250000e+01
     vertex -1.181237e+00 -2.757658e+00  1.170000e+01
     vertex -1.105139e+00 -2.789026e+00  1.170000e+01
   endloop
 endfacet
 facet normal -3.810986e-01 -9.245344e-01  0.000000e+00
   outer loop
     vertex -1.105139e+00 -2.789026e+00  1.250000e+01
     vertex -1.181237e+00 -2.757658e+00  1.250000e+01
     vertex -1.181237e+00 -2.757658e+00  1.170000e+01
   endloop
 endfacet
 facet normal -3.555914e-01 -9.346415e-01 -0.000000e+00
   outer loop
     vertex -1.028209e+00 -2.818295e+00  1.250000e+01
     vertex -1.105139e+00 -2.789026e+00  1.170000e+01
     vertex -1.028209e+00 -2.818295e+00  1.170000e+01
   endloop
 endfacet
 facet normal -3.555914e-01 -9.346415e-01  0.000000e+00
   outer loop
     vertex -1.028209e+00 -2.818295e+00  1.250000e+01
     vertex -1.105139e+00 -2.789026e+00  1.250000e+01
     vertex -1.105139e+00 -2.789026e+00  1.170000e+01
   endloop
 endfacet
 facet normal -3.298166e-01 -9.440450e-01 -0.000000e+00
   outer loop
     vertex -9.505045e-01 -2.845442e+00  1.250000e+01
     vertex -1.028209e+00 -2.818295e+00  1.170000e+01
     vertex -9.505045e-01 -2.845442e+00  1.170000e+01
   endloop
 endfacet
 facet normal -3.037934e-01 -9.527379e-01 -0.000000e+00
   outer loop
     vertex -9.505045e-01 -2.845442e+00  1.250000e+01
     vertex -9.505045e-01 -2.845442e+00  1.170000e+01
     vertex -8.720847e-01 -2.870447e+00  1.170000e+01
   endloop
 endfacet
 facet normal -3.298166e-01 -9.440450e-01  0.000000e+00
   outer loop
     vertex -9.505045e-01 -2.845442e+00  1.250000e+01
     vertex -1.028209e+00 -2.818295e+00  1.250000e+01
     vertex -1.028209e+00 -2.818295e+00  1.170000e+01
   endloop
 endfacet
 facet normal -3.037934e-01 -9.527379e-01 -0.000000e+00
   outer loop
     vertex -8.720847e-01 -2.870447e+00  1.250000e+01
     vertex -9.505045e-01 -2.845442e+00  1.250000e+01
     vertex -8.720847e-01 -2.870447e+00  1.170000e+01
   endloop
 endfacet
 facet normal -2.775416e-01 -9.607136e-01  0.000000e+00
   outer loop
     vertex -7.930085e-01 -2.893292e+00  1.250000e+01
     vertex -8.720847e-01 -2.870447e+00  1.250000e+01
     vertex -8.720847e-01 -2.870447e+00  1.170000e+01
   endloop
 endfacet
 facet normal -2.775416e-01 -9.607136e-01 -0.000000e+00
   outer loop
     vertex -7.930085e-01 -2.893292e+00  1.250000e+01
     vertex -8.720847e-01 -2.870447e+00  1.170000e+01
     vertex -7.930085e-01 -2.893292e+00  1.170000e+01
   endloop
 endfacet
 facet normal -2.510809e-01 -9.679661e-01  0.000000e+00
   outer loop
     vertex -7.133353e-01 -2.913958e+00  1.250000e+01
     vertex -7.930085e-01 -2.893292e+00  1.250000e+01
     vertex -7.930085e-01 -2.893292e+00  1.170000e+01
   endloop
 endfacet
 facet normal -2.510809e-01 -9.679661e-01 -0.000000e+00
   outer loop
     vertex -7.133353e-01 -2.913958e+00  1.250000e+01
     vertex -7.930085e-01 -2.893292e+00  1.170000e+01
     vertex -7.133353e-01 -2.913958e+00  1.170000e+01
   endloop
 endfacet
 facet normal -2.244312e-01 -9.744899e-01  0.000000e+00
   outer loop
     vertex -6.331251e-01 -2.932431e+00  1.250000e+01
     vertex -7.133353e-01 -2.913958e+00  1.250000e+01
     vertex -7.133353e-01 -2.913958e+00  1.170000e+01
   endloop
 endfacet
 facet normal -2.244312e-01 -9.744899e-01 -0.000000e+00
   outer loop
     vertex -6.331251e-01 -2.932431e+00  1.250000e+01
     vertex -7.133353e-01 -2.913958e+00  1.170000e+01
     vertex -6.331251e-01 -2.932431e+00  1.170000e+01
   endloop
 endfacet
 facet normal -1.976125e-01 -9.802802e-01  0.000000e+00
   outer loop
     vertex -5.524384e-01 -2.948697e+00  1.250000e+01
     vertex -6.331251e-01 -2.932431e+00  1.250000e+01
     vertex -6.331251e-01 -2.932431e+00  1.170000e+01
   endloop
 endfacet
 facet normal -1.976125e-01 -9.802802e-01 -0.000000e+00
   outer loop
     vertex -5.524384e-01 -2.948697e+00  1.250000e+01
     vertex -6.331251e-01 -2.932431e+00  1.170000e+01
     vertex -5.524384e-01 -2.948697e+00  1.170000e+01
   endloop
 endfacet
 facet normal -1.706451e-01 -9.853326e-01  0.000000e+00
   outer loop
     vertex -4.713358e-01 -2.962742e+00  1.250000e+01
     vertex -5.524384e-01 -2.948697e+00  1.250000e+01
     vertex -5.524384e-01 -2.948697e+00  1.170000e+01
   endloop
 endfacet
 facet normal -1.706451e-01 -9.853326e-01 -0.000000e+00
   outer loop
     vertex -4.713358e-01 -2.962742e+00  1.250000e+01
     vertex -5.524384e-01 -2.948697e+00  1.170000e+01
     vertex -4.713358e-01 -2.962742e+00  1.170000e+01
   endloop
 endfacet
 facet normal -1.435492e-01 -9.896432e-01  0.000000e+00
   outer loop
     vertex -3.898783e-01 -2.974558e+00  1.250000e+01
     vertex -4.713358e-01 -2.962742e+00  1.250000e+01
     vertex -4.713358e-01 -2.962742e+00  1.170000e+01
   endloop
 endfacet
 facet normal -1.435492e-01 -9.896432e-01 -0.000000e+00
   outer loop
     vertex -3.898783e-01 -2.974558e+00  1.250000e+01
     vertex -4.713358e-01 -2.962742e+00  1.170000e+01
     vertex -3.898783e-01 -2.974558e+00  1.170000e+01
   endloop
 endfacet
 facet normal -1.163452e-01 -9.932088e-01  0.000000e+00
   outer loop
     vertex -3.081274e-01 -2.984134e+00  1.250000e+01
     vertex -3.898783e-01 -2.974558e+00  1.250000e+01
     vertex -3.898783e-01 -2.974558e+00  1.170000e+01
   endloop
 endfacet
 facet normal -1.163452e-01 -9.932088e-01 -0.000000e+00
   outer loop
     vertex -3.081274e-01 -2.984134e+00  1.250000e+01
     vertex -3.898783e-01 -2.974558e+00  1.170000e+01
     vertex -3.081274e-01 -2.984134e+00  1.170000e+01
   endloop
 endfacet
 facet normal -8.905371e-02 -9.960268e-01  0.000000e+00
   outer loop
     vertex -2.261446e-01 -2.991464e+00  1.250000e+01
     vertex -3.081274e-01 -2.984134e+00  1.250000e+01
     vertex -3.081274e-01 -2.984134e+00  1.170000e+01
   endloop
 endfacet
 facet normal -8.905371e-02 -9.960268e-01 -0.000000e+00
   outer loop
     vertex -2.261446e-01 -2.991464e+00  1.250000e+01
     vertex -3.081274e-01 -2.984134e+00  1.170000e+01
     vertex -2.261446e-01 -2.991464e+00  1.170000e+01
   endloop
 endfacet
 facet normal -6.169515e-02 -9.980950e-01  0.000000e+00
   outer loop
     vertex -1.439915e-01 -2.996542e+00  1.250000e+01
     vertex -2.261446e-01 -2.991464e+00  1.250000e+01
     vertex -2.261446e-01 -2.991464e+00  1.170000e+01
   endloop
 endfacet
 facet normal -6.169515e-02 -9.980950e-01 -0.000000e+00
   outer loop
     vertex -1.439915e-01 -2.996542e+00  1.250000e+01
     vertex -2.261446e-01 -2.991464e+00  1.170000e+01
     vertex -1.439915e-01 -2.996542e+00  1.170000e+01
   endloop
 endfacet
 facet normal -3.429014e-02 -9.994119e-01  0.000000e+00
   outer loop
     vertex -6.173000e-02 -2.999365e+00  1.250000e+01
     vertex -1.439915e-01 -2.996542e+00  1.250000e+01
     vertex -1.439915e-01 -2.996542e+00  1.170000e+01
   endloop
 endfacet
 facet normal -3.429014e-02 -9.994119e-01 -0.000000e+00
   outer loop
     vertex -6.173000e-02 -2.999365e+00  1.250000e+01
     vertex -1.439915e-01 -2.996542e+00  1.170000e+01
     vertex -6.173000e-02 -2.999365e+00  1.170000e+01
   endloop
 endfacet
 facet normal -6.859319e-03 -9.999765e-01  0.000000e+00
   outer loop
     vertex  2.057796e-02 -2.999929e+00  1.250000e+01
     vertex -6.173000e-02 -2.999365e+00  1.250000e+01
     vertex -6.173000e-02 -2.999365e+00  1.170000e+01
   endloop
 endfacet
 facet normal -6.859319e-03 -9.999765e-01 -0.000000e+00
   outer loop
     vertex  2.057796e-02 -2.999929e+00  1.250000e+01
     vertex -6.173000e-02 -2.999365e+00  1.170000e+01
     vertex  2.057796e-02 -2.999929e+00  1.170000e+01
   endloop
 endfacet
 facet normal  4.799716e-02 -9.988475e-01  0.000000e+00
   outer loop
     vertex  1.028704e-01 -2.998236e+00  1.250000e+01
     vertex  1.028704e-01 -2.998236e+00  1.170000e+01
     vertex  1.850854e-01 -2.994285e+00  1.170000e+01
   endloop
 endfacet
 facet normal  2.057667e-02 -9.997883e-01  0.000000e+00
   outer loop
     vertex  1.028704e-01 -2.998236e+00  1.250000e+01
     vertex  2.057796e-02 -2.999929e+00  1.250000e+01
     vertex  2.057796e-02 -2.999929e+00  1.170000e+01
   endloop
 endfacet
 facet normal  2.057667e-02 -9.997883e-01  0.000000e+00
   outer loop
     vertex  1.028704e-01 -2.998236e+00  1.250000e+01
     vertex  2.057796e-02 -2.999929e+00  1.170000e+01
     vertex  1.028704e-01 -2.998236e+00  1.170000e+01
   endloop
 endfacet
 facet normal  4.799716e-02 -9.988475e-01  0.000000e+00
   outer loop
     vertex  1.850854e-01 -2.994285e+00  1.250000e+01
     vertex  1.028704e-01 -2.998236e+00  1.250000e+01
     vertex  1.850854e-01 -2.994285e+00  1.170000e+01
   endloop
 endfacet
 facet normal  7.538152e-02 -9.971548e-01  0.000000e+00
   outer loop
     vertex  2.671611e-01 -2.988080e+00  1.250000e+01
     vertex  1.850854e-01 -2.994285e+00  1.170000e+01
     vertex  2.671611e-01 -2.988080e+00  1.170000e+01
   endloop
 endfacet
 facet normal  7.538152e-02 -9.971548e-01  0.000000e+00
   outer loop
     vertex  2.671611e-01 -2.988080e+00  1.250000e+01
     vertex  1.850854e-01 -2.994285e+00  1.250000e+01
     vertex  1.850854e-01 -2.994285e+00  1.170000e+01
   endloop
 endfacet
 facet normal  1.027091e-01 -9.947114e-01  0.000000e+00
   outer loop
     vertex  3.490357e-01 -2.979626e+00  1.250000e+01
     vertex  2.671611e-01 -2.988080e+00  1.170000e+01
     vertex  3.490357e-01 -2.979626e+00  1.170000e+01
   endloop
 endfacet
 facet normal  1.027091e-01 -9.947114e-01  0.000000e+00
   outer loop
     vertex  3.490357e-01 -2.979626e+00  1.250000e+01
     vertex  2.671611e-01 -2.988080e+00  1.250000e+01
     vertex  2.671611e-01 -2.988080e+00  1.170000e+01
   endloop
 endfacet
 facet normal  1.299594e-01 -9.915193e-01  0.000000e+00
   outer loop
     vertex  4.306476e-01 -2.968930e+00  1.250000e+01
     vertex  3.490357e-01 -2.979626e+00  1.170000e+01
     vertex  4.306476e-01 -2.968930e+00  1.170000e+01
   endloop
 endfacet
 facet normal  1.299594e-01 -9.915193e-01  0.000000e+00
   outer loop
     vertex  4.306476e-01 -2.968930e+00  1.250000e+01
     vertex  3.490357e-01 -2.979626e+00  1.250000e+01
     vertex  3.490357e-01 -2.979626e+00  1.170000e+01
   endloop
 endfacet
 facet normal  1.571119e-01 -9.875808e-01  0.000000e+00
   outer loop
     vertex  5.119352e-01 -2.955998e+00  1.250000e+01
     vertex  4.306476e-01 -2.968930e+00  1.170000e+01
     vertex  5.119352e-01 -2.955998e+00  1.170000e+01
   endloop
 endfacet
 facet normal  1.571119e-01 -9.875808e-01  0.000000e+00
   outer loop
     vertex  5.119352e-01 -2.955998e+00  1.250000e+01
     vertex  4.306476e-01 -2.968930e+00  1.250000e+01
     vertex  4.306476e-01 -2.968930e+00  1.170000e+01
   endloop
 endfacet
 facet normal  1.841461e-01 -9.828989e-01  0.000000e+00
   outer loop
     vertex  5.928375e-01 -2.940841e+00  1.250000e+01
     vertex  5.119352e-01 -2.955998e+00  1.170000e+01
     vertex  5.928375e-01 -2.940841e+00  1.170000e+01
   endloop
 endfacet
 facet normal  1.841461e-01 -9.828989e-01  0.000000e+00
   outer loop
     vertex  5.928375e-01 -2.940841e+00  1.250000e+01
     vertex  5.119352e-01 -2.955998e+00  1.250000e+01
     vertex  5.119352e-01 -2.955998e+00  1.170000e+01
   endloop
 endfacet
 facet normal  2.110417e-01 -9.774771e-01  0.000000e+00
   outer loop
     vertex  6.732936e-01 -2.923470e+00  1.250000e+01
     vertex  5.928375e-01 -2.940841e+00  1.170000e+01
     vertex  6.732936e-01 -2.923470e+00  1.170000e+01
   endloop
 endfacet
 facet normal  2.110417e-01 -9.774771e-01  0.000000e+00
   outer loop
     vertex  6.732936e-01 -2.923470e+00  1.250000e+01
     vertex  5.928375e-01 -2.940841e+00  1.250000e+01
     vertex  5.928375e-01 -2.940841e+00  1.170000e+01
   endloop
 endfacet
 facet normal  2.377784e-01 -9.713194e-01  0.000000e+00
   outer loop
     vertex  7.532428e-01 -2.903898e+00  1.250000e+01
     vertex  6.732936e-01 -2.923470e+00  1.170000e+01
     vertex  7.532428e-01 -2.903898e+00  1.170000e+01
   endloop
 endfacet
 facet normal  2.643362e-01 -9.644306e-01  0.000000e+00
   outer loop
     vertex  7.532428e-01 -2.903898e+00  1.250000e+01
     vertex  7.532428e-01 -2.903898e+00  1.170000e+01
     vertex  8.326249e-01 -2.882141e+00  1.170000e+01
   endloop
 endfacet
 facet normal  2.377784e-01 -9.713194e-01  0.000000e+00
   outer loop
     vertex  7.532428e-01 -2.903898e+00  1.250000e+01
     vertex  6.732936e-01 -2.923470e+00  1.250000e+01
     vertex  6.732936e-01 -2.923470e+00  1.170000e+01
   endloop
 endfacet
 facet normal  2.643362e-01 -9.644306e-01  0.000000e+00
   outer loop
     vertex  8.326249e-01 -2.882141e+00  1.250000e+01
     vertex  7.532428e-01 -2.903898e+00  1.250000e+01
     vertex  8.326249e-01 -2.882141e+00  1.170000e+01
   endloop
 endfacet
 facet normal  2.906949e-01 -9.568158e-01  0.000000e+00
   outer loop
     vertex  9.113803e-01 -2.858214e+00  1.250000e+01
     vertex  8.326249e-01 -2.882141e+00  1.170000e+01
     vertex  9.113803e-01 -2.858214e+00  1.170000e+01
   endloop
 endfacet
 facet normal  2.906949e-01 -9.568158e-01  0.000000e+00
   outer loop
     vertex  9.113803e-01 -2.858214e+00  1.250000e+01
     vertex  8.326249e-01 -2.882141e+00  1.250000e+01
     vertex  8.326249e-01 -2.882141e+00  1.170000e+01
   endloop
 endfacet
 facet normal  3.168348e-01 -9.484807e-01  0.000000e+00
   outer loop
     vertex  9.894497e-01 -2.832135e+00  1.250000e+01
     vertex  9.113803e-01 -2.858214e+00  1.170000e+01
     vertex  9.894497e-01 -2.832135e+00  1.170000e+01
   endloop
 endfacet
 facet normal  3.427362e-01 -9.394317e-01  0.000000e+00
   outer loop
     vertex  9.894497e-01 -2.832135e+00  1.250000e+01
     vertex  9.894497e-01 -2.832135e+00  1.170000e+01
     vertex  1.066774e+00 -2.803925e+00  1.170000e+01
   endloop
 endfacet
 facet normal  3.168348e-01 -9.484807e-01  0.000000e+00
   outer loop
     vertex  9.894497e-01 -2.832135e+00  1.250000e+01
     vertex  9.113803e-01 -2.858214e+00  1.250000e+01
     vertex  9.113803e-01 -2.858214e+00  1.170000e+01
   endloop
 endfacet
 facet normal  3.427362e-01 -9.394317e-01  0.000000e+00
   outer loop
     vertex  1.066774e+00 -2.803925e+00  1.250000e+01
     vertex  9.894497e-01 -2.832135e+00  1.250000e+01
     vertex  1.066774e+00 -2.803925e+00  1.170000e+01
   endloop
 endfacet
 facet normal  3.683796e-01 -9.296754e-01  0.000000e+00
   outer loop
     vertex  1.143296e+00 -2.773603e+00  1.250000e+01
     vertex  1.066774e+00 -2.803925e+00  1.170000e+01
     vertex  1.143296e+00 -2.773603e+00  1.170000e+01
   endloop
 endfacet
 facet normal  3.683796e-01 -9.296754e-01  0.000000e+00
   outer loop
     vertex  1.143296e+00 -2.773603e+00  1.250000e+01
     vertex  1.066774e+00 -2.803925e+00  1.250000e+01
     vertex  1.066774e+00 -2.803925e+00  1.170000e+01
   endloop
 endfacet
 facet normal  3.937458e-01 -9.192194e-01  0.000000e+00
   outer loop
     vertex  1.218957e+00 -2.741194e+00  1.250000e+01
     vertex  1.143296e+00 -2.773603e+00  1.250000e+01
     vertex  1.143296e+00 -2.773603e+00  1.170000e+01
   endloop
 endfacet
 facet normal  3.937458e-01 -9.192194e-01  0.000000e+00
   outer loop
     vertex  1.218957e+00 -2.741194e+00  1.250000e+01
     vertex  1.143296e+00 -2.773603e+00  1.170000e+01
     vertex  1.218957e+00 -2.741194e+00  1.170000e+01
   endloop
 endfacet
 facet normal  4.188155e-01 -9.080714e-01  0.000000e+00
   outer loop
     vertex  1.218957e+00 -2.741194e+00  1.250000e+01
     vertex  1.218957e+00 -2.741194e+00  1.170000e+01
     vertex  1.293700e+00 -2.706721e+00  1.170000e+01
   endloop
 endfacet
 facet normal  4.188155e-01 -9.080714e-01  0.000000e+00
   outer loop
     vertex  1.293700e+00 -2.706721e+00  1.250000e+01
     vertex  1.218957e+00 -2.741194e+00  1.250000e+01
     vertex  1.293700e+00 -2.706721e+00  1.170000e+01
   endloop
 endfacet
 facet normal  4.435699e-01 -8.962398e-01  0.000000e+00
   outer loop
     vertex  1.293700e+00 -2.706721e+00  1.250000e+01
     vertex  1.293700e+00 -2.706721e+00  1.170000e+01
     vertex  1.367469e+00 -2.670211e+00  1.170000e+01
   endloop
 endfacet
 facet normal  4.435699e-01 -8.962398e-01  0.000000e+00
   outer loop
     vertex  1.367469e+00 -2.670211e+00  1.250000e+01
     vertex  1.293700e+00 -2.706721e+00  1.250000e+01
     vertex  1.367469e+00 -2.670211e+00  1.170000e+01
   endloop
 endfacet
 facet normal  4.679904e-01 -8.837335e-01  0.000000e+00
   outer loop
     vertex  1.440209e+00 -2.631691e+00  1.250000e+01
     vertex  1.367469e+00 -2.670211e+00  1.250000e+01
     vertex  1.367469e+00 -2.670211e+00  1.170000e+01
   endloop
 endfacet
 facet normal  4.679904e-01 -8.837335e-01  0.000000e+00
   outer loop
     vertex  1.440209e+00 -2.631691e+00  1.250000e+01
     vertex  1.367469e+00 -2.670211e+00  1.170000e+01
     vertex  1.440209e+00 -2.631691e+00  1.170000e+01
   endloop
 endfacet
 facet normal  4.920587e-01 -8.705620e-01  0.000000e+00
   outer loop
     vertex  1.440209e+00 -2.631691e+00  1.250000e+01
     vertex  1.440209e+00 -2.631691e+00  1.170000e+01
     vertex  1.511865e+00 -2.591190e+00  1.170000e+01
   endloop
 endfacet
 facet normal  4.920587e-01 -8.705620e-01  0.000000e+00
   outer loop
     vertex  1.511865e+00 -2.591190e+00  1.250000e+01
     vertex  1.440209e+00 -2.631691e+00  1.250000e+01
     vertex  1.511865e+00 -2.591190e+00  1.170000e+01
   endloop
 endfacet
 facet normal  5.157565e-01 -8.567352e-01  0.000000e+00
   outer loop
     vertex  1.511865e+00 -2.591190e+00  1.250000e+01
     vertex  1.511865e+00 -2.591190e+00  1.170000e+01
     vertex  1.582383e+00 -2.548738e+00  1.170000e+01
   endloop
 endfacet
 facet normal  5.157565e-01 -8.567352e-01  0.000000e+00
   outer loop
     vertex  1.582383e+00 -2.548738e+00  1.250000e+01
     vertex  1.511865e+00 -2.591190e+00  1.250000e+01
     vertex  1.582383e+00 -2.548738e+00  1.170000e+01
   endloop
 endfacet
 facet normal  5.390661e-01 -8.422635e-01  0.000000e+00
   outer loop
     vertex  1.651709e+00 -2.504367e+00  1.250000e+01
     vertex  1.582383e+00 -2.548738e+00  1.170000e+01
     vertex  1.651709e+00 -2.504367e+00  1.170000e+01
   endloop
 endfacet
 facet normal  5.390661e-01 -8.422635e-01  0.000000e+00
   outer loop
     vertex  1.651709e+00 -2.504367e+00  1.250000e+01
     vertex  1.582383e+00 -2.548738e+00  1.250000e+01
     vertex  1.582383e+00 -2.548738e+00  1.170000e+01
   endloop
 endfacet
 facet normal  5.619699e-01 -8.271577e-01  0.000000e+00
   outer loop
     vertex  1.719793e+00 -2.458112e+00  1.250000e+01
     vertex  1.651709e+00 -2.504367e+00  1.170000e+01
     vertex  1.719793e+00 -2.458112e+00  1.170000e+01
   endloop
 endfacet
 facet normal  5.619699e-01 -8.271577e-01  0.000000e+00
   outer loop
     vertex  1.719793e+00 -2.458112e+00  1.250000e+01
     vertex  1.651709e+00 -2.504367e+00  1.250000e+01
     vertex  1.651709e+00 -2.504367e+00  1.170000e+01
   endloop
 endfacet
 facet normal  5.844507e-01 -8.114292e-01  0.000000e+00
   outer loop
     vertex  1.786581e+00 -2.410006e+00  1.250000e+01
     vertex  1.719793e+00 -2.458112e+00  1.170000e+01
     vertex  1.786581e+00 -2.410006e+00  1.170000e+01
   endloop
 endfacet
 facet normal  5.844507e-01 -8.114292e-01  0.000000e+00
   outer loop
     vertex  1.786581e+00 -2.410006e+00  1.250000e+01
     vertex  1.719793e+00 -2.458112e+00  1.250000e+01
     vertex  1.719793e+00 -2.458112e+00  1.170000e+01
   endloop
 endfacet
 facet normal  6.064915e-01 -7.950900e-01  0.000000e+00
   outer loop
     vertex  1.852025e+00 -2.360085e+00  1.250000e+01
     vertex  1.786581e+00 -2.410006e+00  1.170000e+01
     vertex  1.852025e+00 -2.360085e+00  1.170000e+01
   endloop
 endfacet
 facet normal  6.280757e-01 -7.781522e-01  0.000000e+00
   outer loop
     vertex  1.852025e+00 -2.360085e+00  1.250000e+01
     vertex  1.852025e+00 -2.360085e+00  1.170000e+01
     vertex  1.916075e+00 -2.308389e+00  1.170000e+01
   endloop
 endfacet
 facet normal  6.064915e-01 -7.950900e-01  0.000000e+00
   outer loop
     vertex  1.852025e+00 -2.360085e+00  1.250000e+01
     vertex  1.786581e+00 -2.410006e+00  1.250000e+01
     vertex  1.786581e+00 -2.410006e+00  1.170000e+01
   endloop
 endfacet
 facet normal  6.280757e-01 -7.781522e-01  0.000000e+00
   outer loop
     vertex  1.916075e+00 -2.308389e+00  1.250000e+01
     vertex  1.852025e+00 -2.360085e+00  1.250000e+01
     vertex  1.916075e+00 -2.308389e+00  1.170000e+01
   endloop
 endfacet
 facet normal  6.491872e-01 -7.606287e-01  0.000000e+00
   outer loop
     vertex  1.978682e+00 -2.254954e+00  1.250000e+01
     vertex  1.916075e+00 -2.308389e+00  1.170000e+01
     vertex  1.978682e+00 -2.254954e+00  1.170000e+01
   endloop
 endfacet
 facet normal  6.491872e-01 -7.606287e-01  0.000000e+00
   outer loop
     vertex  1.978682e+00 -2.254954e+00  1.250000e+01
     vertex  1.916075e+00 -2.308389e+00  1.250000e+01
     vertex  1.916075e+00 -2.308389e+00  1.170000e+01
   endloop
 endfacet
 facet normal  6.698100e-01 -7.425325e-01  0.000000e+00
   outer loop
     vertex  2.039800e+00 -2.199822e+00  1.250000e+01
     vertex  1.978682e+00 -2.254954e+00  1.170000e+01
     vertex  2.039800e+00 -2.199822e+00  1.170000e+01
   endloop
 endfacet
 facet normal  6.698100e-01 -7.425325e-01  0.000000e+00
   outer loop
     vertex  2.039800e+00 -2.199822e+00  1.250000e+01
     vertex  1.978682e+00 -2.254954e+00  1.250000e+01
     vertex  1.978682e+00 -2.254954e+00  1.170000e+01
   endloop
 endfacet
 facet normal  6.899286e-01 -7.238775e-01  0.000000e+00
   outer loop
     vertex  2.099382e+00 -2.143034e+00  1.250000e+01
     vertex  2.039800e+00 -2.199822e+00  1.170000e+01
     vertex  2.099382e+00 -2.143034e+00  1.170000e+01
   endloop
 endfacet
 facet normal  6.899286e-01 -7.238775e-01  0.000000e+00
   outer loop
     vertex  2.099382e+00 -2.143034e+00  1.250000e+01
     vertex  2.039800e+00 -2.199822e+00  1.250000e+01
     vertex  2.039800e+00 -2.199822e+00  1.170000e+01
   endloop
 endfacet
 facet normal  7.095278e-01 -7.046775e-01  0.000000e+00
   outer loop
     vertex  2.157384e+00 -2.084633e+00  1.250000e+01
     vertex  2.099382e+00 -2.143034e+00  1.170000e+01
     vertex  2.157384e+00 -2.084633e+00  1.170000e+01
   endloop
 endfacet
 facet normal  7.095278e-01 -7.046775e-01  0.000000e+00
   outer loop
     vertex  2.157384e+00 -2.084633e+00  1.250000e+01
     vertex  2.099382e+00 -2.143034e+00  1.250000e+01
     vertex  2.099382e+00 -2.143034e+00  1.170000e+01
   endloop
 endfacet
 facet normal  7.285929e-01 -6.849470e-01  0.000000e+00
   outer loop
     vertex  2.213762e+00 -2.024663e+00  1.250000e+01
     vertex  2.157384e+00 -2.084633e+00  1.170000e+01
     vertex  2.213762e+00 -2.024663e+00  1.170000e+01
   endloop
 endfacet
 facet normal  7.471095e-01 -6.647010e-01  0.000000e+00
   outer loop
     vertex  2.213762e+00 -2.024663e+00  1.250000e+01
     vertex  2.213762e+00 -2.024663e+00  1.170000e+01
     vertex  2.268473e+00 -1.963168e+00  1.170000e+01
   endloop
 endfacet
 facet normal  7.285929e-01 -6.849470e-01  0.000000e+00
   outer loop
     vertex  2.213762e+00 -2.024663e+00  1.250000e+01
     vertex  2.157384e+00 -2.084633e+00  1.250000e+01
     vertex  2.157384e+00 -2.084633e+00  1.170000e+01
   endloop
 endfacet
 facet normal  7.471095e-01 -6.647010e-01  0.000000e+00
   outer loop
     vertex  2.268473e+00 -1.963168e+00  1.250000e+01
     vertex  2.213762e+00 -2.024663e+00  1.250000e+01
     vertex  2.268473e+00 -1.963168e+00  1.170000e+01
   endloop
 endfacet
 facet normal  7.650637e-01 -6.439545e-01  0.000000e+00
   outer loop
     vertex  2.321477e+00 -1.900196e+00  1.250000e+01
     vertex  2.268473e+00 -1.963168e+00  1.170000e+01
     vertex  2.321477e+00 -1.900196e+00  1.170000e+01
   endloop
 endfacet
 facet normal  7.650637e-01 -6.439545e-01  0.000000e+00
   outer loop
     vertex  2.321477e+00 -1.900196e+00  1.250000e+01
     vertex  2.268473e+00 -1.963168e+00  1.250000e+01
     vertex  2.268473e+00 -1.963168e+00  1.170000e+01
   endloop
 endfacet
 facet normal  7.824421e-01 -6.227234e-01  0.000000e+00
   outer loop
     vertex  2.372733e+00 -1.835793e+00  1.250000e+01
     vertex  2.321477e+00 -1.900196e+00  1.170000e+01
     vertex  2.372733e+00 -1.835793e+00  1.170000e+01
   endloop
 endfacet
 facet normal  7.824421e-01 -6.227234e-01  0.000000e+00
   outer loop
     vertex  2.372733e+00 -1.835793e+00  1.250000e+01
     vertex  2.321477e+00 -1.900196e+00  1.250000e+01
     vertex  2.321477e+00 -1.900196e+00  1.170000e+01
   endloop
 endfacet
 facet normal  7.992314e-01 -6.010234e-01  0.000000e+00
   outer loop
     vertex  2.422204e+00 -1.770008e+00  1.250000e+01
     vertex  2.372733e+00 -1.835793e+00  1.170000e+01
     vertex  2.422204e+00 -1.770008e+00  1.170000e+01
   endloop
 endfacet
 facet normal  7.992314e-01 -6.010234e-01  0.000000e+00
   outer loop
     vertex  2.422204e+00 -1.770008e+00  1.250000e+01
     vertex  2.372733e+00 -1.835793e+00  1.250000e+01
     vertex  2.372733e+00 -1.835793e+00  1.170000e+01
   endloop
 endfacet
 facet normal  8.154191e-01 -5.788711e-01  0.000000e+00
   outer loop
     vertex  2.469850e+00 -1.702891e+00  1.250000e+01
     vertex  2.422204e+00 -1.770008e+00  1.170000e+01
     vertex  2.469850e+00 -1.702891e+00  1.170000e+01
   endloop
 endfacet
 facet normal  8.154191e-01 -5.788711e-01  0.000000e+00
   outer loop
     vertex  2.469850e+00 -1.702891e+00  1.250000e+01
     vertex  2.422204e+00 -1.770008e+00  1.250000e+01
     vertex  2.422204e+00 -1.770008e+00  1.170000e+01
   endloop
 endfacet
 facet normal  8.309929e-01 -5.562829e-01  0.000000e+00
   outer loop
     vertex  2.515638e+00 -1.634492e+00  1.250000e+01
     vertex  2.469850e+00 -1.702891e+00  1.170000e+01
     vertex  2.515638e+00 -1.634492e+00  1.170000e+01
   endloop
 endfacet
 facet normal  8.309929e-01 -5.562829e-01  0.000000e+00
   outer loop
     vertex  2.515638e+00 -1.634492e+00  1.250000e+01
     vertex  2.469850e+00 -1.702891e+00  1.250000e+01
     vertex  2.469850e+00 -1.702891e+00  1.170000e+01
   endloop
 endfacet
 facet normal  8.459413e-01 -5.332761e-01  0.000000e+00
   outer loop
     vertex  2.559532e+00 -1.564863e+00  1.250000e+01
     vertex  2.515638e+00 -1.634492e+00  1.170000e+01
     vertex  2.559532e+00 -1.564863e+00  1.170000e+01
   endloop
 endfacet
 facet normal  8.459413e-01 -5.332761e-01  0.000000e+00
   outer loop
     vertex  2.559532e+00 -1.564863e+00  1.250000e+01
     vertex  2.515638e+00 -1.634492e+00  1.250000e+01
     vertex  2.515638e+00 -1.634492e+00  1.170000e+01
   endloop
 endfacet
 facet normal  8.602528e-01 -5.098678e-01  0.000000e+00
   outer loop
     vertex  2.601499e+00 -1.494056e+00  1.250000e+01
     vertex  2.559532e+00 -1.564863e+00  1.170000e+01
     vertex  2.601499e+00 -1.494056e+00  1.170000e+01
   endloop
 endfacet
 facet normal  8.602528e-01 -5.098678e-01  0.000000e+00
   outer loop
     vertex  2.601499e+00 -1.494056e+00  1.250000e+01
     vertex  2.559532e+00 -1.564863e+00  1.250000e+01
     vertex  2.559532e+00 -1.564863e+00  1.170000e+01
   endloop
 endfacet
 facet normal  8.739167e-01 -4.860756e-01  0.000000e+00
   outer loop
     vertex  2.641508e+00 -1.422124e+00  1.250000e+01
     vertex  2.601499e+00 -1.494056e+00  1.170000e+01
     vertex  2.641508e+00 -1.422124e+00  1.170000e+01
   endloop
 endfacet
 facet normal  8.739167e-01 -4.860756e-01  0.000000e+00
   outer loop
     vertex  2.641508e+00 -1.422124e+00  1.250000e+01
     vertex  2.601499e+00 -1.494056e+00  1.250000e+01
     vertex  2.601499e+00 -1.494056e+00  1.170000e+01
   endloop
 endfacet
 facet normal  8.869228e-01 -4.619176e-01  0.000000e+00
   outer loop
     vertex  2.679528e+00 -1.349121e+00  1.250000e+01
     vertex  2.641508e+00 -1.422124e+00  1.250000e+01
     vertex  2.641508e+00 -1.422124e+00  1.170000e+01
   endloop
 endfacet
 facet normal  8.869228e-01 -4.619176e-01  0.000000e+00
   outer loop
     vertex  2.679528e+00 -1.349121e+00  1.250000e+01
     vertex  2.641508e+00 -1.422124e+00  1.170000e+01
     vertex  2.679528e+00 -1.349121e+00  1.170000e+01
   endloop
 endfacet
 facet normal  8.992613e-01 -4.374119e-01  0.000000e+00
   outer loop
     vertex  2.715532e+00 -1.275103e+00  1.250000e+01
     vertex  2.679528e+00 -1.349121e+00  1.250000e+01
     vertex  2.679528e+00 -1.349121e+00  1.170000e+01
   endloop
 endfacet
 facet normal  8.992613e-01 -4.374119e-01  0.000000e+00
   outer loop
     vertex  2.715532e+00 -1.275103e+00  1.250000e+01
     vertex  2.679528e+00 -1.349121e+00  1.170000e+01
     vertex  2.715532e+00 -1.275103e+00  1.170000e+01
   endloop
 endfacet
 facet normal  9.109228e-01 -4.125769e-01  0.000000e+00
   outer loop
     vertex  2.715532e+00 -1.275103e+00  1.250000e+01
     vertex  2.715532e+00 -1.275103e+00  1.170000e+01
     vertex  2.749491e+00 -1.200125e+00  1.170000e+01
   endloop
 endfacet
 facet normal  9.109228e-01 -4.125769e-01  0.000000e+00
   outer loop
     vertex  2.749491e+00 -1.200125e+00  1.250000e+01
     vertex  2.715532e+00 -1.275103e+00  1.250000e+01
     vertex  2.749491e+00 -1.200125e+00  1.170000e+01
   endloop
 endfacet
 facet normal  9.218986e-01 -3.874313e-01  0.000000e+00
   outer loop
     vertex  2.781380e+00 -1.124244e+00  1.250000e+01
     vertex  2.749491e+00 -1.200125e+00  1.250000e+01
     vertex  2.749491e+00 -1.200125e+00  1.170000e+01
   endloop
 endfacet
 facet normal  9.218986e-01 -3.874313e-01  0.000000e+00
   outer loop
     vertex  2.781380e+00 -1.124244e+00  1.250000e+01
     vertex  2.749491e+00 -1.200125e+00  1.170000e+01
     vertex  2.781380e+00 -1.124244e+00  1.170000e+01
   endloop
 endfacet
 facet normal  9.321804e-01 -3.619940e-01  0.000000e+00
   outer loop
     vertex  2.781380e+00 -1.124244e+00  1.250000e+01
     vertex  2.781380e+00 -1.124244e+00  1.170000e+01
     vertex  2.811176e+00 -1.047516e+00  1.170000e+01
   endloop
 endfacet
 facet normal  9.321804e-01 -3.619940e-01  0.000000e+00
   outer loop
     vertex  2.811176e+00 -1.047516e+00  1.250000e+01
     vertex  2.781380e+00 -1.124244e+00  1.250000e+01
     vertex  2.811176e+00 -1.047516e+00  1.170000e+01
   endloop
 endfacet
 facet normal  9.417605e-01 -3.362843e-01  0.000000e+00
   outer loop
     vertex  2.838855e+00 -9.699999e-01  1.250000e+01
     vertex  2.811176e+00 -1.047516e+00  1.250000e+01
     vertex  2.811176e+00 -1.047516e+00  1.170000e+01
   endloop
 endfacet
 facet normal  9.417605e-01 -3.362843e-01  0.000000e+00
   outer loop
     vertex  2.838855e+00 -9.699999e-01  1.250000e+01
     vertex  2.811176e+00 -1.047516e+00  1.170000e+01
     vertex  2.838855e+00 -9.699999e-01  1.170000e+01
   endloop
 endfacet
 facet normal  9.506317e-01 -3.103214e-01  0.000000e+00
   outer loop
     vertex  2.864398e+00 -8.917535e-01  1.250000e+01
     vertex  2.838855e+00 -9.699999e-01  1.250000e+01
     vertex  2.838855e+00 -9.699999e-01  1.170000e+01
   endloop
 endfacet
 facet normal  9.506317e-01 -3.103214e-01  0.000000e+00
   outer loop
     vertex  2.864398e+00 -8.917535e-01  1.250000e+01
     vertex  2.838855e+00 -9.699999e-01  1.170000e+01
     vertex  2.864398e+00 -8.917535e-01  1.170000e+01
   endloop
 endfacet
 facet normal  9.587873e-01 -2.841250e-01  0.000000e+00
   outer loop
     vertex  2.887784e+00 -8.128358e-01  1.250000e+01
     vertex  2.864398e+00 -8.917535e-01  1.250000e+01
     vertex  2.864398e+00 -8.917535e-01  1.170000e+01
   endloop
 endfacet
 facet normal  9.587873e-01 -2.841250e-01  0.000000e+00
   outer loop
     vertex  2.887784e+00 -8.128358e-01  1.250000e+01
     vertex  2.864398e+00 -8.917535e-01  1.170000e+01
     vertex  2.887784e+00 -8.128358e-01  1.170000e+01
   endloop
 endfacet
 facet normal  9.662211e-01 -2.577146e-01  0.000000e+00
   outer loop
     vertex  2.908997e+00 -7.333063e-01  1.250000e+01
     vertex  2.887784e+00 -8.128358e-01  1.250000e+01
     vertex  2.887784e+00 -8.128358e-01  1.170000e+01
   endloop
 endfacet
 facet normal  9.662211e-01 -2.577146e-01  0.000000e+00
   outer loop
     vertex  2.908997e+00 -7.333063e-01  1.250000e+01
     vertex  2.887784e+00 -8.128358e-01  1.170000e+01
     vertex  2.908997e+00 -7.333063e-01  1.170000e+01
   endloop
 endfacet
 facet normal  9.729276e-01 -2.311102e-01  0.000000e+00
   outer loop
     vertex  2.928019e+00 -6.532247e-01  1.250000e+01
     vertex  2.908997e+00 -7.333063e-01  1.250000e+01
     vertex  2.908997e+00 -7.333063e-01  1.170000e+01
   endloop
 endfacet
 facet normal  9.729276e-01 -2.311102e-01  0.000000e+00
   outer loop
     vertex  2.928019e+00 -6.532247e-01  1.250000e+01
     vertex  2.908997e+00 -7.333063e-01  1.170000e+01
     vertex  2.928019e+00 -6.532247e-01  1.170000e+01
   endloop
 endfacet
 facet normal  9.789017e-01 -2.043319e-01  0.000000e+00
   outer loop
     vertex  2.944838e+00 -5.726514e-01  1.250000e+01
     vertex  2.928019e+00 -6.532247e-01  1.250000e+01
     vertex  2.928019e+00 -6.532247e-01  1.170000e+01
   endloop
 endfacet
 facet normal  9.789017e-01 -2.043319e-01  0.000000e+00
   outer loop
     vertex  2.944838e+00 -5.726514e-01  1.250000e+01
     vertex  2.928019e+00 -6.532247e-01  1.170000e+01
     vertex  2.944838e+00 -5.726514e-01  1.170000e+01
   endloop
 endfacet
 facet normal  9.841389e-01 -1.773998e-01  0.000000e+00
   outer loop
     vertex  2.959440e+00 -4.916471e-01  1.250000e+01
     vertex  2.944838e+00 -5.726514e-01  1.250000e+01
     vertex  2.944838e+00 -5.726514e-01  1.170000e+01
   endloop
 endfacet
 facet normal  9.841389e-01 -1.773998e-01  0.000000e+00
   outer loop
     vertex  2.959440e+00 -4.916471e-01  1.250000e+01
     vertex  2.944838e+00 -5.726514e-01  1.170000e+01
     vertex  2.959440e+00 -4.916471e-01  1.170000e+01
   endloop
 endfacet
 facet normal  9.886353e-01 -1.503341e-01  0.000000e+00
   outer loop
     vertex  2.971814e+00 -4.102726e-01  1.250000e+01
     vertex  2.959440e+00 -4.916471e-01  1.250000e+01
     vertex  2.959440e+00 -4.916471e-01  1.170000e+01
   endloop
 endfacet
 facet normal  9.886353e-01 -1.503341e-01  0.000000e+00
   outer loop
     vertex  2.971814e+00 -4.102726e-01  1.250000e+01
     vertex  2.959440e+00 -4.916471e-01  1.170000e+01
     vertex  2.971814e+00 -4.102726e-01  1.170000e+01
   endloop
 endfacet
 facet normal  9.923874e-01 -1.231552e-01  0.000000e+00
   outer loop
     vertex  2.971814e+00 -4.102726e-01  1.250000e+01
     vertex  2.971814e+00 -4.102726e-01  1.170000e+01
     vertex  2.981951e+00 -3.285893e-01  1.170000e+01
   endloop
 endfacet
 facet normal  9.923874e-01 -1.231552e-01  0.000000e+00
   outer loop
     vertex  2.981951e+00 -3.285893e-01  1.250000e+01
     vertex  2.971814e+00 -4.102726e-01  1.250000e+01
     vertex  2.981951e+00 -3.285893e-01  1.170000e+01
   endloop
 endfacet
 facet normal  9.953925e-01 -9.588368e-02  0.000000e+00
   outer loop
     vertex  2.989843e+00 -2.466587e-01  1.250000e+01
     vertex  2.981951e+00 -3.285893e-01  1.170000e+01
     vertex  2.989843e+00 -2.466587e-01  1.170000e+01
   endloop
 endfacet
 facet normal  9.976484e-01 -6.853995e-02  0.000000e+00
   outer loop
     vertex  2.989843e+00 -2.466587e-01  1.250000e+01
     vertex  2.989843e+00 -2.466587e-01  1.170000e+01
     vertex  2.995484e+00 -1.645423e-01  1.170000e+01
   endloop
 endfacet
 facet normal  9.953925e-01 -9.588368e-02  0.000000e+00
   outer loop
     vertex  2.989843e+00 -2.466587e-01  1.250000e+01
     vertex  2.981951e+00 -3.285893e-01  1.250000e+01
     vertex  2.981951e+00 -3.285893e-01  1.170000e+01
   endloop
 endfacet
 facet normal  9.976484e-01 -6.853995e-02  0.000000e+00
   outer loop
     vertex  2.995484e+00 -1.645423e-01  1.250000e+01
     vertex  2.989843e+00 -2.466587e-01  1.250000e+01
     vertex  2.995484e+00 -1.645423e-01  1.170000e+01
   endloop
 endfacet
 facet normal  9.991532e-01 -4.114462e-02  0.000000e+00
   outer loop
     vertex  2.998871e+00 -8.230214e-02  1.250000e+01
     vertex  2.995484e+00 -1.645423e-01  1.170000e+01
     vertex  2.998871e+00 -8.230214e-02  1.170000e+01
   endloop
 endfacet
 facet normal  9.991532e-01 -4.114462e-02  0.000000e+00
   outer loop
     vertex  2.998871e+00 -8.230214e-02  1.250000e+01
     vertex  2.995484e+00 -1.645423e-01  1.250000e+01
     vertex  2.995484e+00 -1.645423e-01  1.170000e+01
   endloop
 endfacet
 facet normal  9.999059e-01 -1.371831e-02  0.000000e+00
   outer loop
     vertex  3.000000e+00 -7.347881e-16  1.250000e+01
     vertex  2.998871e+00 -8.230214e-02  1.170000e+01
     vertex  3.000000e+00 -7.347881e-16  1.170000e+01
   endloop
 endfacet
 facet normal  9.999059e-01 -1.371831e-02  0.000000e+00
   outer loop
     vertex  3.000000e+00 -7.347881e-16  1.250000e+01
     vertex  2.998871e+00 -8.230214e-02  1.250000e+01
     vertex  2.998871e+00 -8.230214e-02  1.170000e+01
   endloop
 endfacet
 facet normal  9.999059e-01  1.371831e-02  0.000000e+00
   outer loop
     vertex  2.299134e+00  6.309831e-02  1.620000e+01
     vertex  2.300000e+00 -5.633375e-16  1.620000e+01
     vertex  2.300000e+00 -5.633375e-16  1.250000e+01
   endloop
 endfacet
 facet normal  9.999059e-01  1.371831e-02  0.000000e+00
   outer loop
     vertex  2.299134e+00  6.309831e-02  1.620000e+01
     vertex  2.300000e+00 -5.633375e-16  1.250000e+01
     vertex  2.299134e+00  6.309831e-02  1.250000e+01
   endloop
 endfacet
 facet normal  9.991532e-01  4.114462e-02  0.000000e+00
   outer loop
     vertex  2.296538e+00  1.261491e-01  1.620000e+01
     vertex  2.299134e+00  6.309831e-02  1.250000e+01
     vertex  2.296538e+00  1.261491e-01  1.250000e+01
   endloop
 endfacet
 facet normal  9.991532e-01  4.114462e-02  0.000000e+00
   outer loop
     vertex  2.296538e+00  1.261491e-01  1.620000e+01
     vertex  2.299134e+00  6.309831e-02  1.620000e+01
     vertex  2.299134e+00  6.309831e-02  1.250000e+01
   endloop
 endfacet
 facet normal  9.976484e-01  6.853995e-02  0.000000e+00
   outer loop
     vertex  2.292213e+00  1.891050e-01  1.620000e+01
     vertex  2.296538e+00  1.261491e-01  1.250000e+01
     vertex  2.292213e+00  1.891050e-01  1.250000e+01
   endloop
 endfacet
 facet normal  9.976484e-01  6.853995e-02  0.000000e+00
   outer loop
     vertex  2.292213e+00  1.891050e-01  1.620000e+01
     vertex  2.296538e+00  1.261491e-01  1.620000e+01
     vertex  2.296538e+00  1.261491e-01  1.250000e+01
   endloop
 endfacet
 facet normal  9.953925e-01  9.588368e-02  0.000000e+00
   outer loop
     vertex  2.286162e+00  2.519185e-01  1.620000e+01
     vertex  2.292213e+00  1.891050e-01  1.250000e+01
     vertex  2.286162e+00  2.519185e-01  1.250000e+01
   endloop
 endfacet
 facet normal  9.923874e-01  1.231552e-01  0.000000e+00
   outer loop
     vertex  2.286162e+00  2.519185e-01  1.620000e+01
     vertex  2.286162e+00  2.519185e-01  1.250000e+01
     vertex  2.278390e+00  3.145423e-01  1.250000e+01
   endloop
 endfacet
 facet normal  9.953925e-01  9.588368e-02  0.000000e+00
   outer loop
     vertex  2.286162e+00  2.519185e-01  1.620000e+01
     vertex  2.292213e+00  1.891050e-01  1.620000e+01
     vertex  2.292213e+00  1.891050e-01  1.250000e+01
   endloop
 endfacet
 facet normal  9.923874e-01  1.231552e-01  0.000000e+00
   outer loop
     vertex  2.278390e+00  3.145423e-01  1.620000e+01
     vertex  2.286162e+00  2.519185e-01  1.620000e+01
     vertex  2.278390e+00  3.145423e-01  1.250000e+01
   endloop
 endfacet
 facet normal  9.886353e-01  1.503341e-01  0.000000e+00
   outer loop
     vertex  2.268904e+00  3.769294e-01  1.620000e+01
     vertex  2.278390e+00  3.145423e-01  1.250000e+01
     vertex  2.268904e+00  3.769294e-01  1.250000e+01
   endloop
 endfacet
 facet normal  9.841389e-01  1.773998e-01  0.000000e+00
   outer loop
     vertex  2.268904e+00  3.769294e-01  1.620000e+01
     vertex  2.268904e+00  3.769294e-01  1.250000e+01
     vertex  2.257709e+00  4.390328e-01  1.250000e+01
   endloop
 endfacet
 facet normal  9.886353e-01  1.503341e-01  0.000000e+00
   outer loop
     vertex  2.268904e+00  3.769294e-01  1.620000e+01
     vertex  2.278390e+00  3.145423e-01  1.620000e+01
     vertex  2.278390e+00  3.145423e-01  1.250000e+01
   endloop
 endfacet
 facet normal  9.841389e-01  1.773998e-01  0.000000e+00
   outer loop
     vertex  2.257709e+00  4.390328e-01  1.620000e+01
     vertex  2.268904e+00  3.769294e-01  1.620000e+01
     vertex  2.257709e+00  4.390328e-01  1.250000e+01
   endloop
 endfacet
 facet normal  9.789017e-01  2.043319e-01  0.000000e+00
   outer loop
     vertex  2.244815e+00  5.008056e-01  1.620000e+01
     vertex  2.257709e+00  4.390328e-01  1.250000e+01
     vertex  2.244815e+00  5.008056e-01  1.250000e+01
   endloop
 endfacet
 facet normal  9.729276e-01  2.311102e-01  0.000000e+00
   outer loop
     vertex  2.244815e+00  5.008056e-01  1.620000e+01
     vertex  2.244815e+00  5.008056e-01  1.250000e+01
     vertex  2.230231e+00  5.622015e-01  1.250000e+01
   endloop
 endfacet
 facet normal  9.789017e-01  2.043319e-01  0.000000e+00
   outer loop
     vertex  2.244815e+00  5.008056e-01  1.620000e+01
     vertex  2.257709e+00  4.390328e-01  1.620000e+01
     vertex  2.257709e+00  4.390328e-01  1.250000e+01
   endloop
 endfacet
 facet normal  9.662211e-01  2.577146e-01  0.000000e+00
   outer loop
     vertex  2.230231e+00  5.622015e-01  1.620000e+01
     vertex  2.230231e+00  5.622015e-01  1.250000e+01
     vertex  2.213968e+00  6.231741e-01  1.250000e+01
   endloop
 endfacet
 facet normal  9.729276e-01  2.311102e-01  0.000000e+00
   outer loop
     vertex  2.230231e+00  5.622015e-01  1.620000e+01
     vertex  2.244815e+00  5.008056e-01  1.620000e+01
     vertex  2.230231e+00  5.622015e-01  1.250000e+01
   endloop
 endfacet
 facet normal  9.662211e-01  2.577146e-01  0.000000e+00
   outer loop
     vertex  2.213968e+00  6.231741e-01  1.620000e+01
     vertex  2.230231e+00  5.622015e-01  1.620000e+01
     vertex  2.213968e+00  6.231741e-01  1.250000e+01
   endloop
 endfacet
 facet normal  9.587873e-01  2.841250e-01  0.000000e+00
   outer loop
     vertex  2.213968e+00  6.231741e-01  1.620000e+01
     vertex  2.213968e+00  6.231741e-01  1.250000e+01
     vertex  2.196038e+00  6.836777e-01  1.250000e+01
   endloop
 endfacet
 facet normal  9.587873e-01  2.841250e-01  0.000000e+00
   outer loop
     vertex  2.196038e+00  6.836777e-01  1.620000e+01
     vertex  2.213968e+00  6.231741e-01  1.620000e+01
     vertex  2.196038e+00  6.836777e-01  1.250000e+01
   endloop
 endfacet
 facet normal  9.506317e-01  3.103214e-01  0.000000e+00
   outer loop
     vertex  2.176456e+00  7.436666e-01  1.620000e+01
     vertex  2.196038e+00  6.836777e-01  1.620000e+01
     vertex  2.196038e+00  6.836777e-01  1.250000e+01
   endloop
 endfacet
 facet normal  9.506317e-01  3.103214e-01  0.000000e+00
   outer loop
     vertex  2.176456e+00  7.436666e-01  1.620000e+01
     vertex  2.196038e+00  6.836777e-01  1.250000e+01
     vertex  2.176456e+00  7.436666e-01  1.250000e+01
   endloop
 endfacet
 facet normal  9.417605e-01  3.362843e-01  0.000000e+00
   outer loop
     vertex  2.176456e+00  7.436666e-01  1.620000e+01
     vertex  2.176456e+00  7.436666e-01  1.250000e+01
     vertex  2.155235e+00  8.030957e-01  1.250000e+01
   endloop
 endfacet
 facet normal  9.417605e-01  3.362843e-01  0.000000e+00
   outer loop
     vertex  2.155235e+00  8.030957e-01  1.620000e+01
     vertex  2.176456e+00  7.436666e-01  1.620000e+01
     vertex  2.155235e+00  8.030957e-01  1.250000e+01
   endloop
 endfacet
 facet normal  9.321804e-01  3.619940e-01  0.000000e+00
   outer loop
     vertex  2.132392e+00  8.619202e-01  1.620000e+01
     vertex  2.155235e+00  8.030957e-01  1.620000e+01
     vertex  2.155235e+00  8.030957e-01  1.250000e+01
   endloop
 endfacet
 facet normal  9.321804e-01  3.619940e-01  0.000000e+00
   outer loop
     vertex  2.132392e+00  8.619202e-01  1.620000e+01
     vertex  2.155235e+00  8.030957e-01  1.250000e+01
     vertex  2.132392e+00  8.619202e-01  1.250000e+01
   endloop
 endfacet
 facet normal  9.218986e-01  3.874313e-01  0.000000e+00
   outer loop
     vertex  2.107943e+00  9.200959e-01  1.620000e+01
     vertex  2.132392e+00  8.619202e-01  1.620000e+01
     vertex  2.132392e+00  8.619202e-01  1.250000e+01
   endloop
 endfacet
 facet normal  9.218986e-01  3.874313e-01  0.000000e+00
   outer loop
     vertex  2.107943e+00  9.200959e-01  1.620000e+01
     vertex  2.132392e+00  8.619202e-01  1.250000e+01
     vertex  2.107943e+00  9.200959e-01  1.250000e+01
   endloop
 endfacet
 facet normal  9.109228e-01  4.125769e-01  0.000000e+00
   outer loop
     vertex  2.081908e+00  9.775790e-01  1.620000e+01
     vertex  2.107943e+00  9.200959e-01  1.620000e+01
     vertex  2.107943e+00  9.200959e-01  1.250000e+01
   endloop
 endfacet
 facet normal  9.109228e-01  4.125769e-01  0.000000e+00
   outer loop
     vertex  2.081908e+00  9.775790e-01  1.620000e+01
     vertex  2.107943e+00  9.200959e-01  1.250000e+01
     vertex  2.081908e+00  9.775790e-01  1.250000e+01
   endloop
 endfacet
 facet normal  8.992613e-01  4.374119e-01  0.000000e+00
   outer loop
     vertex  2.054305e+00  1.034326e+00  1.620000e+01
     vertex  2.081908e+00  9.775790e-01  1.620000e+01
     vertex  2.081908e+00  9.775790e-01  1.250000e+01
   endloop
 endfacet
 facet normal  8.992613e-01  4.374119e-01  0.000000e+00
   outer loop
     vertex  2.054305e+00  1.034326e+00  1.620000e+01
     vertex  2.081908e+00  9.775790e-01  1.250000e+01
     vertex  2.054305e+00  1.034326e+00  1.250000e+01
   endloop
 endfacet
 facet normal  8.869228e-01  4.619176e-01  0.000000e+00
   outer loop
     vertex  2.025156e+00  1.090295e+00  1.620000e+01
     vertex  2.054305e+00  1.034326e+00  1.620000e+01
     vertex  2.054305e+00  1.034326e+00  1.250000e+01
   endloop
 endfacet
 facet normal  8.869228e-01  4.619176e-01  0.000000e+00
   outer loop
     vertex  2.025156e+00  1.090295e+00  1.620000e+01
     vertex  2.054305e+00  1.034326e+00  1.250000e+01
     vertex  2.025156e+00  1.090295e+00  1.250000e+01
   endloop
 endfacet
 facet normal  8.739167e-01  4.860756e-01  0.000000e+00
   outer loop
     vertex  1.994483e+00  1.145443e+00  1.620000e+01
     vertex  2.025156e+00  1.090295e+00  1.620000e+01
     vertex  2.025156e+00  1.090295e+00  1.250000e+01
   endloop
 endfacet
 facet normal  8.739167e-01  4.860756e-01  0.000000e+00
   outer loop
     vertex  1.994483e+00  1.145443e+00  1.620000e+01
     vertex  2.025156e+00  1.090295e+00  1.250000e+01
     vertex  1.994483e+00  1.145443e+00  1.250000e+01
   endloop
 endfacet
 facet normal  8.602528e-01  5.098678e-01  0.000000e+00
   outer loop
     vertex  1.994483e+00  1.145443e+00  1.620000e+01
     vertex  1.994483e+00  1.145443e+00  1.250000e+01
     vertex  1.962308e+00  1.199728e+00  1.250000e+01
   endloop
 endfacet
 facet normal  8.602528e-01  5.098678e-01  0.000000e+00
   outer loop
     vertex  1.962308e+00  1.199728e+00  1.620000e+01
     vertex  1.994483e+00  1.145443e+00  1.620000e+01
     vertex  1.962308e+00  1.199728e+00  1.250000e+01
   endloop
 endfacet
 facet normal  8.459413e-01  5.332761e-01  0.000000e+00
   outer loop
     vertex  1.928656e+00  1.253111e+00  1.620000e+01
     vertex  1.962308e+00  1.199728e+00  1.620000e+01
     vertex  1.962308e+00  1.199728e+00  1.250000e+01
   endloop
 endfacet
 facet normal  8.459413e-01  5.332761e-01  0.000000e+00
   outer loop
     vertex  1.928656e+00  1.253111e+00  1.620000e+01
     vertex  1.962308e+00  1.199728e+00  1.250000e+01
     vertex  1.928656e+00  1.253111e+00  1.250000e+01
   endloop
 endfacet
 facet normal  8.309929e-01  5.562829e-01  0.000000e+00
   outer loop
     vertex  1.893552e+00  1.305550e+00  1.620000e+01
     vertex  1.928656e+00  1.253111e+00  1.250000e+01
     vertex  1.893552e+00  1.305550e+00  1.250000e+01
   endloop
 endfacet
 facet normal  8.309929e-01  5.562829e-01  0.000000e+00
   outer loop
     vertex  1.893552e+00  1.305550e+00  1.620000e+01
     vertex  1.928656e+00  1.253111e+00  1.620000e+01
     vertex  1.928656e+00  1.253111e+00  1.250000e+01
   endloop
 endfacet
 facet normal  8.154191e-01  5.788711e-01  0.000000e+00
   outer loop
     vertex  1.893552e+00  1.305550e+00  1.620000e+01
     vertex  1.893552e+00  1.305550e+00  1.250000e+01
     vertex  1.857023e+00  1.357006e+00  1.250000e+01
   endloop
 endfacet
 facet normal  8.154191e-01  5.788711e-01  0.000000e+00
   outer loop
     vertex  1.857023e+00  1.357006e+00  1.620000e+01
     vertex  1.893552e+00  1.305550e+00  1.620000e+01
     vertex  1.857023e+00  1.357006e+00  1.250000e+01
   endloop
 endfacet
 facet normal  7.992314e-01  6.010234e-01  0.000000e+00
   outer loop
     vertex  1.819096e+00  1.407441e+00  1.620000e+01
     vertex  1.857023e+00  1.357006e+00  1.620000e+01
     vertex  1.857023e+00  1.357006e+00  1.250000e+01
   endloop
 endfacet
 facet normal  7.992314e-01  6.010234e-01  0.000000e+00
   outer loop
     vertex  1.819096e+00  1.407441e+00  1.620000e+01
     vertex  1.857023e+00  1.357006e+00  1.250000e+01
     vertex  1.819096e+00  1.407441e+00  1.250000e+01
   endloop
 endfacet
 facet normal  7.824421e-01  6.227234e-01  0.000000e+00
   outer loop
     vertex  1.779799e+00  1.456817e+00  1.620000e+01
     vertex  1.819096e+00  1.407441e+00  1.250000e+01
     vertex  1.779799e+00  1.456817e+00  1.250000e+01
   endloop
 endfacet
 facet normal  7.650637e-01  6.439545e-01  0.000000e+00
   outer loop
     vertex  1.779799e+00  1.456817e+00  1.620000e+01
     vertex  1.779799e+00  1.456817e+00  1.250000e+01
     vertex  1.739163e+00  1.505095e+00  1.250000e+01
   endloop
 endfacet
 facet normal  7.824421e-01  6.227234e-01  0.000000e+00
   outer loop
     vertex  1.779799e+00  1.456817e+00  1.620000e+01
     vertex  1.819096e+00  1.407441e+00  1.620000e+01
     vertex  1.819096e+00  1.407441e+00  1.250000e+01
   endloop
 endfacet
 facet normal  7.650637e-01  6.439545e-01  0.000000e+00
   outer loop
     vertex  1.739163e+00  1.505095e+00  1.620000e+01
     vertex  1.779799e+00  1.456817e+00  1.620000e+01
     vertex  1.739163e+00  1.505095e+00  1.250000e+01
   endloop
 endfacet
 facet normal  7.471095e-01  6.647010e-01  0.000000e+00
   outer loop
     vertex  1.697217e+00  1.552241e+00  1.620000e+01
     vertex  1.739163e+00  1.505095e+00  1.250000e+01
     vertex  1.697217e+00  1.552241e+00  1.250000e+01
   endloop
 endfacet
 facet normal  7.471095e-01  6.647010e-01  0.000000e+00
   outer loop
     vertex  1.697217e+00  1.552241e+00  1.620000e+01
     vertex  1.739163e+00  1.505095e+00  1.620000e+01
     vertex  1.739163e+00  1.505095e+00  1.250000e+01
   endloop
 endfacet
 facet normal  7.285929e-01  6.849470e-01  0.000000e+00
   outer loop
     vertex  1.653994e+00  1.598219e+00  1.620000e+01
     vertex  1.697217e+00  1.552241e+00  1.250000e+01
     vertex  1.653994e+00  1.598219e+00  1.250000e+01
   endloop
 endfacet
 facet normal  7.095278e-01  7.046775e-01  0.000000e+00
   outer loop
     vertex  1.653994e+00  1.598219e+00  1.620000e+01
     vertex  1.653994e+00  1.598219e+00  1.250000e+01
     vertex  1.609526e+00  1.642993e+00  1.250000e+01
   endloop
 endfacet
 facet normal  7.285929e-01  6.849470e-01  0.000000e+00
   outer loop
     vertex  1.653994e+00  1.598219e+00  1.620000e+01
     vertex  1.697217e+00  1.552241e+00  1.620000e+01
     vertex  1.697217e+00  1.552241e+00  1.250000e+01
   endloop
 endfacet
 facet normal  7.095278e-01  7.046775e-01  0.000000e+00
   outer loop
     vertex  1.609526e+00  1.642993e+00  1.620000e+01
     vertex  1.653994e+00  1.598219e+00  1.620000e+01
     vertex  1.609526e+00  1.642993e+00  1.250000e+01
   endloop
 endfacet
 facet normal  6.899286e-01  7.238775e-01  0.000000e+00
   outer loop
     vertex  1.563846e+00  1.686530e+00  1.620000e+01
     vertex  1.609526e+00  1.642993e+00  1.250000e+01
     vertex  1.563846e+00  1.686530e+00  1.250000e+01
   endloop
 endfacet
 facet normal  6.899286e-01  7.238775e-01  0.000000e+00
   outer loop
     vertex  1.563846e+00  1.686530e+00  1.620000e+01
     vertex  1.609526e+00  1.642993e+00  1.620000e+01
     vertex  1.609526e+00  1.642993e+00  1.250000e+01
   endloop
 endfacet
 facet normal  6.698100e-01  7.425325e-01  0.000000e+00
   outer loop
     vertex  1.516990e+00  1.728798e+00  1.620000e+01
     vertex  1.563846e+00  1.686530e+00  1.250000e+01
     vertex  1.516990e+00  1.728798e+00  1.250000e+01
   endloop
 endfacet
 facet normal  6.491872e-01  7.606287e-01  0.000000e+00
   outer loop
     vertex  1.516990e+00  1.728798e+00  1.620000e+01
     vertex  1.516990e+00  1.728798e+00  1.250000e+01
     vertex  1.468991e+00  1.769765e+00  1.250000e+01
   endloop
 endfacet
 facet normal  6.698100e-01  7.425325e-01  0.000000e+00
   outer loop
     vertex  1.516990e+00  1.728798e+00  1.620000e+01
     vertex  1.563846e+00  1.686530e+00  1.620000e+01
     vertex  1.563846e+00  1.686530e+00  1.250000e+01
   endloop
 endfacet
 facet normal  6.491872e-01  7.606287e-01  0.000000e+00
   outer loop
     vertex  1.468991e+00  1.769765e+00  1.620000e+01
     vertex  1.516990e+00  1.728798e+00  1.620000e+01
     vertex  1.468991e+00  1.769765e+00  1.250000e+01
   endloop
 endfacet
 facet normal  6.280757e-01  7.781522e-01  0.000000e+00
   outer loop
     vertex  1.419886e+00  1.809399e+00  1.620000e+01
     vertex  1.468991e+00  1.769765e+00  1.250000e+01
     vertex  1.419886e+00  1.809399e+00  1.250000e+01
   endloop
 endfacet
 facet normal  6.280757e-01  7.781522e-01  0.000000e+00
   outer loop
     vertex  1.419886e+00  1.809399e+00  1.620000e+01
     vertex  1.468991e+00  1.769765e+00  1.620000e+01
     vertex  1.468991e+00  1.769765e+00  1.250000e+01
   endloop
 endfacet
 facet normal  6.064915e-01  7.950900e-01  0.000000e+00
   outer loop
     vertex  1.369712e+00  1.847671e+00  1.620000e+01
     vertex  1.419886e+00  1.809399e+00  1.250000e+01
     vertex  1.369712e+00  1.847671e+00  1.250000e+01
   endloop
 endfacet
 facet normal  6.064915e-01  7.950900e-01  0.000000e+00
   outer loop
     vertex  1.369712e+00  1.847671e+00  1.620000e+01
     vertex  1.419886e+00  1.809399e+00  1.620000e+01
     vertex  1.419886e+00  1.809399e+00  1.250000e+01
   endloop
 endfacet
 facet normal  5.844507e-01  8.114292e-01  0.000000e+00
   outer loop
     vertex  1.318508e+00  1.884552e+00  1.620000e+01
     vertex  1.369712e+00  1.847671e+00  1.250000e+01
     vertex  1.318508e+00  1.884552e+00  1.250000e+01
   endloop
 endfacet
 facet normal  5.844507e-01  8.114292e-01  0.000000e+00
   outer loop
     vertex  1.318508e+00  1.884552e+00  1.620000e+01
     vertex  1.369712e+00  1.847671e+00  1.620000e+01
     vertex  1.369712e+00  1.847671e+00  1.250000e+01
   endloop
 endfacet
 facet normal  5.619699e-01  8.271577e-01  0.000000e+00
   outer loop
     vertex  1.266311e+00  1.920015e+00  1.620000e+01
     vertex  1.318508e+00  1.884552e+00  1.620000e+01
     vertex  1.318508e+00  1.884552e+00  1.250000e+01
   endloop
 endfacet
 facet normal  5.619699e-01  8.271577e-01  0.000000e+00
   outer loop
     vertex  1.266311e+00  1.920015e+00  1.620000e+01
     vertex  1.318508e+00  1.884552e+00  1.250000e+01
     vertex  1.266311e+00  1.920015e+00  1.250000e+01
   endloop
 endfacet
 facet normal  5.390661e-01  8.422635e-01  0.000000e+00
   outer loop
     vertex  1.266311e+00  1.920015e+00  1.620000e+01
     vertex  1.266311e+00  1.920015e+00  1.250000e+01
     vertex  1.213160e+00  1.954032e+00  1.250000e+01
   endloop
 endfacet
 facet normal  5.390661e-01  8.422635e-01  0.000000e+00
   outer loop
     vertex  1.213160e+00  1.954032e+00  1.620000e+01
     vertex  1.266311e+00  1.920015e+00  1.620000e+01
     vertex  1.213160e+00  1.954032e+00  1.250000e+01
   endloop
 endfacet
 facet normal  5.157565e-01  8.567352e-01  0.000000e+00
   outer loop
     vertex  1.159097e+00  1.986579e+00  1.620000e+01
     vertex  1.213160e+00  1.954032e+00  1.620000e+01
     vertex  1.213160e+00  1.954032e+00  1.250000e+01
   endloop
 endfacet
 facet normal  5.157565e-01  8.567352e-01  0.000000e+00
   outer loop
     vertex  1.159097e+00  1.986579e+00  1.620000e+01
     vertex  1.213160e+00  1.954032e+00  1.250000e+01
     vertex  1.159097e+00  1.986579e+00  1.250000e+01
   endloop
 endfacet
 facet normal  4.920587e-01  8.705620e-01  0.000000e+00
   outer loop
     vertex  1.104160e+00  2.017630e+00  1.620000e+01
     vertex  1.159097e+00  1.986579e+00  1.620000e+01
     vertex  1.159097e+00  1.986579e+00  1.250000e+01
   endloop
 endfacet
 facet normal  4.920587e-01  8.705620e-01  0.000000e+00
   outer loop
     vertex  1.104160e+00  2.017630e+00  1.620000e+01
     vertex  1.159097e+00  1.986579e+00  1.250000e+01
     vertex  1.104160e+00  2.017630e+00  1.250000e+01
   endloop
 endfacet
 facet normal  4.679904e-01  8.837335e-01  0.000000e+00
   outer loop
     vertex  1.104160e+00  2.017630e+00  1.620000e+01
     vertex  1.104160e+00  2.017630e+00  1.250000e+01
     vertex  1.048393e+00  2.047162e+00  1.250000e+01
   endloop
 endfacet
 facet normal  4.679904e-01  8.837335e-01  0.000000e+00
   outer loop
     vertex  1.048393e+00  2.047162e+00  1.620000e+01
     vertex  1.104160e+00  2.017630e+00  1.620000e+01
     vertex  1.048393e+00  2.047162e+00  1.250000e+01
   endloop
 endfacet
 facet normal  4.435699e-01  8.962398e-01  0.000000e+00
   outer loop
     vertex  1.048393e+00  2.047162e+00  1.620000e+01
     vertex  1.048393e+00  2.047162e+00  1.250000e+01
     vertex  9.918365e-01  2.075153e+00  1.250000e+01
   endloop
 endfacet
 facet normal  4.435699e-01  8.962398e-01  0.000000e+00
   outer loop
     vertex  9.918365e-01  2.075153e+00  1.620000e+01
     vertex  1.048393e+00  2.047162e+00  1.620000e+01
     vertex  9.918365e-01  2.075153e+00  1.250000e+01
   endloop
 endfacet
 facet normal  4.188155e-01  9.080714e-01  0.000000e+00
   outer loop
     vertex  9.345333e-01  2.101582e+00  1.620000e+01
     vertex  9.918365e-01  2.075153e+00  1.620000e+01
     vertex  9.918365e-01  2.075153e+00  1.250000e+01
   endloop
 endfacet
 facet normal  4.188155e-01  9.080714e-01  0.000000e+00
   outer loop
     vertex  9.345333e-01  2.101582e+00  1.620000e+01
     vertex  9.918365e-01  2.075153e+00  1.250000e+01
     vertex  9.345333e-01  2.101582e+00  1.250000e+01
   endloop
 endfacet
 facet normal  3.937458e-01  9.192194e-01  0.000000e+00
   outer loop
     vertex  8.765267e-01  2.126429e+00  1.620000e+01
     vertex  9.345333e-01  2.101582e+00  1.620000e+01
     vertex  9.345333e-01  2.101582e+00  1.250000e+01
   endloop
 endfacet
 facet normal  3.937458e-01  9.192194e-01  0.000000e+00
   outer loop
     vertex  8.765267e-01  2.126429e+00  1.620000e+01
     vertex  9.345333e-01  2.101582e+00  1.250000e+01
     vertex  8.765267e-01  2.126429e+00  1.250000e+01
   endloop
 endfacet
 facet normal  3.683796e-01  9.296754e-01  0.000000e+00
   outer loop
     vertex  8.765267e-01  2.126429e+00  1.620000e+01
     vertex  8.765267e-01  2.126429e+00  1.250000e+01
     vertex  8.178602e-01  2.149675e+00  1.250000e+01
   endloop
 endfacet
 facet normal  3.683796e-01  9.296754e-01  0.000000e+00
   outer loop
     vertex  8.178602e-01  2.149675e+00  1.620000e+01
     vertex  8.765267e-01  2.126429e+00  1.620000e+01
     vertex  8.178602e-01  2.149675e+00  1.250000e+01
   endloop
 endfacet
 facet normal  3.427362e-01  9.394317e-01  0.000000e+00
   outer loop
     vertex  7.585781e-01  2.171304e+00  1.620000e+01
     vertex  8.178602e-01  2.149675e+00  1.620000e+01
     vertex  8.178602e-01  2.149675e+00  1.250000e+01
   endloop
 endfacet
 facet normal  3.427362e-01  9.394317e-01  0.000000e+00
   outer loop
     vertex  7.585781e-01  2.171304e+00  1.620000e+01
     vertex  8.178602e-01  2.149675e+00  1.250000e+01
     vertex  7.585781e-01  2.171304e+00  1.250000e+01
   endloop
 endfacet
 facet normal  3.168348e-01  9.484807e-01  0.000000e+00
   outer loop
     vertex  6.987249e-01  2.191297e+00  1.620000e+01
     vertex  7.585781e-01  2.171304e+00  1.620000e+01
     vertex  7.585781e-01  2.171304e+00  1.250000e+01
   endloop
 endfacet
 facet normal  3.168348e-01  9.484807e-01  0.000000e+00
   outer loop
     vertex  6.987249e-01  2.191297e+00  1.620000e+01
     vertex  7.585781e-01  2.171304e+00  1.250000e+01
     vertex  6.987249e-01  2.191297e+00  1.250000e+01
   endloop
 endfacet
 facet normal  2.906949e-01  9.568158e-01  0.000000e+00
   outer loop
     vertex  6.987249e-01  2.191297e+00  1.620000e+01
     vertex  6.987249e-01  2.191297e+00  1.250000e+01
     vertex  6.383458e-01  2.209641e+00  1.250000e+01
   endloop
 endfacet
 facet normal  2.906949e-01  9.568158e-01  0.000000e+00
   outer loop
     vertex  6.383458e-01  2.209641e+00  1.620000e+01
     vertex  6.987249e-01  2.191297e+00  1.620000e+01
     vertex  6.383458e-01  2.209641e+00  1.250000e+01
   endloop
 endfacet
 facet normal  2.643362e-01  9.644306e-01  0.000000e+00
   outer loop
     vertex  5.774861e-01  2.226322e+00  1.620000e+01
     vertex  6.383458e-01  2.209641e+00  1.620000e+01
     vertex  6.383458e-01  2.209641e+00  1.250000e+01
   endloop
 endfacet
 facet normal  2.643362e-01  9.644306e-01  0.000000e+00
   outer loop
     vertex  5.774861e-01  2.226322e+00  1.620000e+01
     vertex  6.383458e-01  2.209641e+00  1.250000e+01
     vertex  5.774861e-01  2.226322e+00  1.250000e+01
   endloop
 endfacet
 facet normal  2.377784e-01  9.713194e-01  0.000000e+00
   outer loop
     vertex  5.161917e-01  2.241327e+00  1.620000e+01
     vertex  5.774861e-01  2.226322e+00  1.620000e+01
     vertex  5.774861e-01  2.226322e+00  1.250000e+01
   endloop
 endfacet
 facet normal  2.377784e-01  9.713194e-01  0.000000e+00
   outer loop
     vertex  5.161917e-01  2.241327e+00  1.620000e+01
     vertex  5.774861e-01  2.226322e+00  1.250000e+01
     vertex  5.161917e-01  2.241327e+00  1.250000e+01
   endloop
 endfacet
 facet normal  2.110417e-01  9.774771e-01  0.000000e+00
   outer loop
     vertex  5.161917e-01  2.241327e+00  1.620000e+01
     vertex  5.161917e-01  2.241327e+00  1.250000e+01
     vertex  4.545088e-01  2.254644e+00  1.250000e+01
   endloop
 endfacet
 facet normal  2.110417e-01  9.774771e-01  0.000000e+00
   outer loop
     vertex  4.545088e-01  2.254644e+00  1.620000e+01
     vertex  5.161917e-01  2.241327e+00  1.620000e+01
     vertex  4.545088e-01  2.254644e+00  1.250000e+01
   endloop
 endfacet
 facet normal  1.841461e-01  9.828989e-01  0.000000e+00
   outer loop
     vertex  3.924837e-01  2.266265e+00  1.620000e+01
     vertex  4.545088e-01  2.254644e+00  1.620000e+01
     vertex  4.545088e-01  2.254644e+00  1.250000e+01
   endloop
 endfacet
 facet normal  1.841461e-01  9.828989e-01  0.000000e+00
   outer loop
     vertex  3.924837e-01  2.266265e+00  1.620000e+01
     vertex  4.545088e-01  2.254644e+00  1.250000e+01
     vertex  3.924837e-01  2.266265e+00  1.250000e+01
   endloop
 endfacet
 facet normal  1.571119e-01  9.875808e-01  0.000000e+00
   outer loop
     vertex  3.301631e-01  2.276179e+00  1.620000e+01
     vertex  3.924837e-01  2.266265e+00  1.620000e+01
     vertex  3.924837e-01  2.266265e+00  1.250000e+01
   endloop
 endfacet
 facet normal  1.571119e-01  9.875808e-01  0.000000e+00
   outer loop
     vertex  3.301631e-01  2.276179e+00  1.620000e+01
     vertex  3.924837e-01  2.266265e+00  1.250000e+01
     vertex  3.301631e-01  2.276179e+00  1.250000e+01
   endloop
 endfacet
 facet normal  1.299594e-01  9.915193e-01  0.000000e+00
   outer loop
     vertex  2.675941e-01  2.284380e+00  1.620000e+01
     vertex  3.301631e-01  2.276179e+00  1.620000e+01
     vertex  3.301631e-01  2.276179e+00  1.250000e+01
   endloop
 endfacet
 facet normal  1.299594e-01  9.915193e-01  0.000000e+00
   outer loop
     vertex  2.675941e-01  2.284380e+00  1.620000e+01
     vertex  3.301631e-01  2.276179e+00  1.250000e+01
     vertex  2.675941e-01  2.284380e+00  1.250000e+01
   endloop
 endfacet
 facet normal  1.027091e-01  9.947114e-01  0.000000e+00
   outer loop
     vertex  2.048235e-01  2.290862e+00  1.620000e+01
     vertex  2.675941e-01  2.284380e+00  1.620000e+01
     vertex  2.675941e-01  2.284380e+00  1.250000e+01
   endloop
 endfacet
 facet normal  1.027091e-01  9.947114e-01  0.000000e+00
   outer loop
     vertex  2.048235e-01  2.290862e+00  1.620000e+01
     vertex  2.675941e-01  2.284380e+00  1.250000e+01
     vertex  2.048235e-01  2.290862e+00  1.250000e+01
   endloop
 endfacet
 facet normal  7.538152e-02  9.971548e-01  0.000000e+00
   outer loop
     vertex  1.418988e-01  2.295619e+00  1.620000e+01
     vertex  2.048235e-01  2.290862e+00  1.620000e+01
     vertex  2.048235e-01  2.290862e+00  1.250000e+01
   endloop
 endfacet
 facet normal  7.538152e-02  9.971548e-01  0.000000e+00
   outer loop
     vertex  1.418988e-01  2.295619e+00  1.620000e+01
     vertex  2.048235e-01  2.290862e+00  1.250000e+01
     vertex  1.418988e-01  2.295619e+00  1.250000e+01
   endloop
 endfacet
 facet normal  4.799716e-02  9.988475e-01  0.000000e+00
   outer loop
     vertex  7.886732e-02  2.298647e+00  1.620000e+01
     vertex  1.418988e-01  2.295619e+00  1.620000e+01
     vertex  1.418988e-01  2.295619e+00  1.250000e+01
   endloop
 endfacet
 facet normal  4.799716e-02  9.988475e-01  0.000000e+00
   outer loop
     vertex  7.886732e-02  2.298647e+00  1.620000e+01
     vertex  1.418988e-01  2.295619e+00  1.250000e+01
     vertex  7.886732e-02  2.298647e+00  1.250000e+01
   endloop
 endfacet
 facet normal  2.057667e-02  9.997883e-01  0.000000e+00
   outer loop
     vertex  1.577643e-02  2.299946e+00  1.620000e+01
     vertex  7.886732e-02  2.298647e+00  1.250000e+01
     vertex  1.577643e-02  2.299946e+00  1.250000e+01
   endloop
 endfacet
 facet normal  2.057667e-02  9.997883e-01  0.000000e+00
   outer loop
     vertex  1.577643e-02  2.299946e+00  1.620000e+01
     vertex  7.886732e-02  2.298647e+00  1.620000e+01
     vertex  7.886732e-02  2.298647e+00  1.250000e+01
   endloop
 endfacet
 facet normal -6.859319e-03  9.999765e-01  0.000000e+00
   outer loop
     vertex -4.732633e-02  2.299513e+00  1.620000e+01
     vertex  1.577643e-02  2.299946e+00  1.250000e+01
     vertex -4.732633e-02  2.299513e+00  1.250000e+01
   endloop
 endfacet
 facet normal -6.859319e-03  9.999765e-01  0.000000e+00
   outer loop
     vertex -4.732633e-02  2.299513e+00  1.620000e+01
     vertex  1.577643e-02  2.299946e+00  1.620000e+01
     vertex  1.577643e-02  2.299946e+00  1.250000e+01
   endloop
 endfacet
 facet normal -3.429014e-02  9.994119e-01  0.000000e+00
   outer loop
     vertex -1.103935e-01  2.297349e+00  1.620000e+01
     vertex -4.732633e-02  2.299513e+00  1.250000e+01
     vertex -1.103935e-01  2.297349e+00  1.250000e+01
   endloop
 endfacet
 facet normal -3.429014e-02  9.994119e-01  0.000000e+00
   outer loop
     vertex -1.103935e-01  2.297349e+00  1.620000e+01
     vertex -4.732633e-02  2.299513e+00  1.620000e+01
     vertex -4.732633e-02  2.299513e+00  1.250000e+01
   endloop
 endfacet
 facet normal -6.169515e-02  9.980950e-01  0.000000e+00
   outer loop
     vertex -1.733775e-01  2.293456e+00  1.620000e+01
     vertex -1.103935e-01  2.297349e+00  1.250000e+01
     vertex -1.733775e-01  2.293456e+00  1.250000e+01
   endloop
 endfacet
 facet normal -6.169515e-02  9.980950e-01  0.000000e+00
   outer loop
     vertex -1.733775e-01  2.293456e+00  1.620000e+01
     vertex -1.103935e-01  2.297349e+00  1.620000e+01
     vertex -1.103935e-01  2.297349e+00  1.250000e+01
   endloop
 endfacet
 facet normal -8.905371e-02  9.960268e-01  0.000000e+00
   outer loop
     vertex -2.362310e-01  2.287836e+00  1.620000e+01
     vertex -1.733775e-01  2.293456e+00  1.620000e+01
     vertex -1.733775e-01  2.293456e+00  1.250000e+01
   endloop
 endfacet
 facet normal -8.905371e-02  9.960268e-01  0.000000e+00
   outer loop
     vertex -2.362310e-01  2.287836e+00  1.620000e+01
     vertex -1.733775e-01  2.293456e+00  1.250000e+01
     vertex -2.362310e-01  2.287836e+00  1.250000e+01
   endloop
 endfacet
 facet normal -1.163452e-01  9.932088e-01  0.000000e+00
   outer loop
     vertex -2.989067e-01  2.280494e+00  1.620000e+01
     vertex -2.362310e-01  2.287836e+00  1.620000e+01
     vertex -2.362310e-01  2.287836e+00  1.250000e+01
   endloop
 endfacet
 facet normal -1.163452e-01  9.932088e-01  0.000000e+00
   outer loop
     vertex -2.989067e-01  2.280494e+00  1.620000e+01
     vertex -2.362310e-01  2.287836e+00  1.250000e+01
     vertex -2.989067e-01  2.280494e+00  1.250000e+01
   endloop
 endfacet
 facet normal -1.435492e-01  9.896432e-01  0.000000e+00
   outer loop
     vertex -3.613574e-01  2.271436e+00  1.620000e+01
     vertex -2.989067e-01  2.280494e+00  1.620000e+01
     vertex -2.989067e-01  2.280494e+00  1.250000e+01
   endloop
 endfacet
 facet normal -1.435492e-01  9.896432e-01  0.000000e+00
   outer loop
     vertex -3.613574e-01  2.271436e+00  1.620000e+01
     vertex -2.989067e-01  2.280494e+00  1.250000e+01
     vertex -3.613574e-01  2.271436e+00  1.250000e+01
   endloop
 endfacet
 facet normal -1.706451e-01  9.853326e-01  0.000000e+00
   outer loop
     vertex -4.235361e-01  2.260667e+00  1.620000e+01
     vertex -3.613574e-01  2.271436e+00  1.620000e+01
     vertex -3.613574e-01  2.271436e+00  1.250000e+01
   endloop
 endfacet
 facet normal -1.706451e-01  9.853326e-01  0.000000e+00
   outer loop
     vertex -4.235361e-01  2.260667e+00  1.620000e+01
     vertex -3.613574e-01  2.271436e+00  1.250000e+01
     vertex -4.235361e-01  2.260667e+00  1.250000e+01
   endloop
 endfacet
 facet normal -1.976125e-01  9.802802e-01  0.000000e+00
   outer loop
     vertex -4.853959e-01  2.248197e+00  1.620000e+01
     vertex -4.235361e-01  2.260667e+00  1.620000e+01
     vertex -4.235361e-01  2.260667e+00  1.250000e+01
   endloop
 endfacet
 facet normal -1.976125e-01  9.802802e-01  0.000000e+00
   outer loop
     vertex -4.853959e-01  2.248197e+00  1.620000e+01
     vertex -4.235361e-01  2.260667e+00  1.250000e+01
     vertex -4.853959e-01  2.248197e+00  1.250000e+01
   endloop
 endfacet
 facet normal -2.244312e-01  9.744899e-01  0.000000e+00
   outer loop
     vertex -5.468904e-01  2.234035e+00  1.620000e+01
     vertex -4.853959e-01  2.248197e+00  1.620000e+01
     vertex -4.853959e-01  2.248197e+00  1.250000e+01
   endloop
 endfacet
 facet normal -2.244312e-01  9.744899e-01  0.000000e+00
   outer loop
     vertex -5.468904e-01  2.234035e+00  1.620000e+01
     vertex -4.853959e-01  2.248197e+00  1.250000e+01
     vertex -5.468904e-01  2.234035e+00  1.250000e+01
   endloop
 endfacet
 facet normal -2.510809e-01  9.679661e-01  0.000000e+00
   outer loop
     vertex -6.079732e-01  2.218190e+00  1.620000e+01
     vertex -5.468904e-01  2.234035e+00  1.620000e+01
     vertex -5.468904e-01  2.234035e+00  1.250000e+01
   endloop
 endfacet
 facet normal -2.510809e-01  9.679661e-01  0.000000e+00
   outer loop
     vertex -6.079732e-01  2.218190e+00  1.620000e+01
     vertex -5.468904e-01  2.234035e+00  1.250000e+01
     vertex -6.079732e-01  2.218190e+00  1.250000e+01
   endloop
 endfacet
 facet normal -2.775416e-01  9.607136e-01  0.000000e+00
   outer loop
     vertex -6.685983e-01  2.200676e+00  1.620000e+01
     vertex -6.079732e-01  2.218190e+00  1.620000e+01
     vertex -6.079732e-01  2.218190e+00  1.250000e+01
   endloop
 endfacet
 facet normal -2.775416e-01  9.607136e-01  0.000000e+00
   outer loop
     vertex -6.685983e-01  2.200676e+00  1.620000e+01
     vertex -6.079732e-01  2.218190e+00  1.250000e+01
     vertex -6.685983e-01  2.200676e+00  1.250000e+01
   endloop
 endfacet
 facet normal -3.037934e-01  9.527379e-01  0.000000e+00
   outer loop
     vertex -7.287201e-01  2.181506e+00  1.620000e+01
     vertex -6.685983e-01  2.200676e+00  1.620000e+01
     vertex -6.685983e-01  2.200676e+00  1.250000e+01
   endloop
 endfacet
 facet normal -3.037934e-01  9.527379e-01  0.000000e+00
   outer loop
     vertex -7.287201e-01  2.181506e+00  1.620000e+01
     vertex -6.685983e-01  2.200676e+00  1.250000e+01
     vertex -7.287201e-01  2.181506e+00  1.250000e+01
   endloop
 endfacet
 facet normal -3.298166e-01  9.440450e-01  0.000000e+00
   outer loop
     vertex -7.882933e-01  2.160693e+00  1.620000e+01
     vertex -7.287201e-01  2.181506e+00  1.620000e+01
     vertex -7.287201e-01  2.181506e+00  1.250000e+01
   endloop
 endfacet
 facet normal -3.298166e-01  9.440450e-01  0.000000e+00
   outer loop
     vertex -7.882933e-01  2.160693e+00  1.620000e+01
     vertex -7.287201e-01  2.181506e+00  1.250000e+01
     vertex -7.882933e-01  2.160693e+00  1.250000e+01
   endloop
 endfacet
 facet normal -3.555914e-01  9.346415e-01  0.000000e+00
   outer loop
     vertex -8.472732e-01  2.138254e+00  1.620000e+01
     vertex -7.882933e-01  2.160693e+00  1.620000e+01
     vertex -7.882933e-01  2.160693e+00  1.250000e+01
   endloop
 endfacet
 facet normal -3.555914e-01  9.346415e-01  0.000000e+00
   outer loop
     vertex -8.472732e-01  2.138254e+00  1.620000e+01
     vertex -7.882933e-01  2.160693e+00  1.250000e+01
     vertex -8.472732e-01  2.138254e+00  1.250000e+01
   endloop
 endfacet
 facet normal -4.063188e-01  9.137314e-01  0.000000e+00
   outer loop
     vertex -9.056152e-01  2.114205e+00  1.620000e+01
     vertex -9.056152e-01  2.114205e+00  1.250000e+01
     vertex -9.632756e-01  2.088564e+00  1.250000e+01
   endloop
 endfacet
 facet normal -3.810986e-01  9.245344e-01  0.000000e+00
   outer loop
     vertex -9.056152e-01  2.114205e+00  1.620000e+01
     vertex -8.472732e-01  2.138254e+00  1.620000e+01
     vertex -8.472732e-01  2.138254e+00  1.250000e+01
   endloop
 endfacet
 facet normal -3.810986e-01  9.245344e-01  0.000000e+00
   outer loop
     vertex -9.056152e-01  2.114205e+00  1.620000e+01
     vertex -8.472732e-01  2.138254e+00  1.250000e+01
     vertex -9.056152e-01  2.114205e+00  1.250000e+01
   endloop
 endfacet
 facet normal -4.063188e-01  9.137314e-01  0.000000e+00
   outer loop
     vertex -9.632756e-01  2.088564e+00  1.620000e+01
     vertex -9.056152e-01  2.114205e+00  1.620000e+01
     vertex -9.632756e-01  2.088564e+00  1.250000e+01
   endloop
 endfacet
 facet normal -4.312333e-01  9.022405e-01  0.000000e+00
   outer loop
     vertex -1.020211e+00  2.061351e+00  1.620000e+01
     vertex -9.632756e-01  2.088564e+00  1.250000e+01
     vertex -1.020211e+00  2.061351e+00  1.250000e+01
   endloop
 endfacet
 facet normal -4.312333e-01  9.022405e-01  0.000000e+00
   outer loop
     vertex -1.020211e+00  2.061351e+00  1.620000e+01
     vertex -9.632756e-01  2.088564e+00  1.620000e+01
     vertex -9.632756e-01  2.088564e+00  1.250000e+01
   endloop
 endfacet
 facet normal -4.558231e-01  8.900704e-01  0.000000e+00
   outer loop
     vertex -1.076378e+00  2.032587e+00  1.620000e+01
     vertex -1.020211e+00  2.061351e+00  1.250000e+01
     vertex -1.076378e+00  2.032587e+00  1.250000e+01
   endloop
 endfacet
 facet normal -4.800697e-01  8.772303e-01  0.000000e+00
   outer loop
     vertex -1.076378e+00  2.032587e+00  1.620000e+01
     vertex -1.076378e+00  2.032587e+00  1.250000e+01
     vertex -1.131735e+00  2.002293e+00  1.250000e+01
   endloop
 endfacet
 facet normal -4.558231e-01  8.900704e-01  0.000000e+00
   outer loop
     vertex -1.076378e+00  2.032587e+00  1.620000e+01
     vertex -1.020211e+00  2.061351e+00  1.620000e+01
     vertex -1.020211e+00  2.061351e+00  1.250000e+01
   endloop
 endfacet
 facet normal -5.039550e-01  8.637299e-01  0.000000e+00
   outer loop
     vertex -1.131735e+00  2.002293e+00  1.620000e+01
     vertex -1.131735e+00  2.002293e+00  1.250000e+01
     vertex -1.186240e+00  1.970491e+00  1.250000e+01
   endloop
 endfacet
 facet normal -4.800697e-01  8.772303e-01  0.000000e+00
   outer loop
     vertex -1.131735e+00  2.002293e+00  1.620000e+01
     vertex -1.076378e+00  2.032587e+00  1.620000e+01
     vertex -1.131735e+00  2.002293e+00  1.250000e+01
   endloop
 endfacet
 facet normal -5.039550e-01  8.637299e-01  0.000000e+00
   outer loop
     vertex -1.186240e+00  1.970491e+00  1.620000e+01
     vertex -1.131735e+00  2.002293e+00  1.620000e+01
     vertex -1.186240e+00  1.970491e+00  1.250000e+01
   endloop
 endfacet
 facet normal -5.274609e-01  8.495793e-01  0.000000e+00
   outer loop
     vertex -1.239852e+00  1.937206e+00  1.620000e+01
     vertex -1.186240e+00  1.970491e+00  1.250000e+01
     vertex -1.239852e+00  1.937206e+00  1.250000e+01
   endloop
 endfacet
 facet normal -5.505698e-01  8.347891e-01  0.000000e+00
   outer loop
     vertex -1.239852e+00  1.937206e+00  1.620000e+01
     vertex -1.239852e+00  1.937206e+00  1.250000e+01
     vertex -1.292531e+00  1.902463e+00  1.250000e+01
   endloop
 endfacet
 facet normal -5.274609e-01  8.495793e-01  0.000000e+00
   outer loop
     vertex -1.239852e+00  1.937206e+00  1.620000e+01
     vertex -1.186240e+00  1.970491e+00  1.620000e+01
     vertex -1.186240e+00  1.970491e+00  1.250000e+01
   endloop
 endfacet
 facet normal -5.505698e-01  8.347891e-01  0.000000e+00
   outer loop
     vertex -1.292531e+00  1.902463e+00  1.620000e+01
     vertex -1.239852e+00  1.937206e+00  1.620000e+01
     vertex -1.292531e+00  1.902463e+00  1.250000e+01
   endloop
 endfacet
 facet normal -5.732642e-01  8.193706e-01  0.000000e+00
   outer loop
     vertex -1.344237e+00  1.866287e+00  1.620000e+01
     vertex -1.292531e+00  1.902463e+00  1.250000e+01
     vertex -1.344237e+00  1.866287e+00  1.250000e+01
   endloop
 endfacet
 facet normal -5.955271e-01  8.033352e-01  0.000000e+00
   outer loop
     vertex -1.344237e+00  1.866287e+00  1.620000e+01
     vertex -1.344237e+00  1.866287e+00  1.250000e+01
     vertex -1.394930e+00  1.828707e+00  1.250000e+01
   endloop
 endfacet
 facet normal -5.732642e-01  8.193706e-01  0.000000e+00
   outer loop
     vertex -1.344237e+00  1.866287e+00  1.620000e+01
     vertex -1.292531e+00  1.902463e+00  1.620000e+01
     vertex -1.292531e+00  1.902463e+00  1.250000e+01
   endloop
 endfacet
 facet normal -5.955271e-01  8.033352e-01  0.000000e+00
   outer loop
     vertex -1.394930e+00  1.828707e+00  1.620000e+01
     vertex -1.344237e+00  1.866287e+00  1.620000e+01
     vertex -1.394930e+00  1.828707e+00  1.250000e+01
   endloop
 endfacet
 facet normal -6.173417e-01  7.866951e-01  0.000000e+00
   outer loop
     vertex -1.444574e+00  1.789750e+00  1.620000e+01
     vertex -1.394930e+00  1.828707e+00  1.250000e+01
     vertex -1.444574e+00  1.789750e+00  1.250000e+01
   endloop
 endfacet
 facet normal -6.173417e-01  7.866951e-01  0.000000e+00
   outer loop
     vertex -1.444574e+00  1.789750e+00  1.620000e+01
     vertex -1.394930e+00  1.828707e+00  1.620000e+01
     vertex -1.394930e+00  1.828707e+00  1.250000e+01
   endloop
 endfacet
 facet normal -6.386916e-01  7.694628e-01  0.000000e+00
   outer loop
     vertex -1.493131e+00  1.749446e+00  1.620000e+01
     vertex -1.444574e+00  1.789750e+00  1.250000e+01
     vertex -1.493131e+00  1.749446e+00  1.250000e+01
   endloop
 endfacet
 facet normal -6.595607e-01  7.516513e-01  0.000000e+00
   outer loop
     vertex -1.493131e+00  1.749446e+00  1.620000e+01
     vertex -1.493131e+00  1.749446e+00  1.250000e+01
     vertex -1.540563e+00  1.707825e+00  1.250000e+01
   endloop
 endfacet
 facet normal -6.386916e-01  7.694628e-01  0.000000e+00
   outer loop
     vertex -1.493131e+00  1.749446e+00  1.620000e+01
     vertex -1.444574e+00  1.789750e+00  1.620000e+01
     vertex -1.444574e+00  1.789750e+00  1.250000e+01
   endloop
 endfacet
 facet normal -6.595607e-01  7.516513e-01  0.000000e+00
   outer loop
     vertex -1.540563e+00  1.707825e+00  1.620000e+01
     vertex -1.493131e+00  1.749446e+00  1.620000e+01
     vertex -1.540563e+00  1.707825e+00  1.250000e+01
   endloop
 endfacet
 facet normal -6.799333e-01  7.332740e-01  0.000000e+00
   outer loop
     vertex -1.586836e+00  1.664918e+00  1.620000e+01
     vertex -1.540563e+00  1.707825e+00  1.250000e+01
     vertex -1.586836e+00  1.664918e+00  1.250000e+01
   endloop
 endfacet
 facet normal -6.997940e-01  7.143447e-01  0.000000e+00
   outer loop
     vertex -1.586836e+00  1.664918e+00  1.620000e+01
     vertex -1.586836e+00  1.664918e+00  1.250000e+01
     vertex -1.631914e+00  1.620758e+00  1.250000e+01
   endloop
 endfacet
 facet normal -6.799333e-01  7.332740e-01  0.000000e+00
   outer loop
     vertex -1.586836e+00  1.664918e+00  1.620000e+01
     vertex -1.540563e+00  1.707825e+00  1.620000e+01
     vertex -1.540563e+00  1.707825e+00  1.250000e+01
   endloop
 endfacet
 facet normal -6.997940e-01  7.143447e-01  0.000000e+00
   outer loop
     vertex -1.631914e+00  1.620758e+00  1.620000e+01
     vertex -1.586836e+00  1.664918e+00  1.620000e+01
     vertex -1.631914e+00  1.620758e+00  1.250000e+01
   endloop
 endfacet
 facet normal -7.191280e-01  6.948776e-01  0.000000e+00
   outer loop
     vertex -1.675764e+00  1.575378e+00  1.620000e+01
     vertex -1.631914e+00  1.620758e+00  1.620000e+01
     vertex -1.631914e+00  1.620758e+00  1.250000e+01
   endloop
 endfacet
 facet normal -7.191280e-01  6.948776e-01  0.000000e+00
   outer loop
     vertex -1.675764e+00  1.575378e+00  1.620000e+01
     vertex -1.631914e+00  1.620758e+00  1.250000e+01
     vertex -1.675764e+00  1.575378e+00  1.250000e+01
   endloop
 endfacet
 facet normal -7.379206e-01  6.748875e-01  0.000000e+00
   outer loop
     vertex -1.675764e+00  1.575378e+00  1.620000e+01
     vertex -1.675764e+00  1.575378e+00  1.250000e+01
     vertex -1.718352e+00  1.528812e+00  1.250000e+01
   endloop
 endfacet
 facet normal -7.379206e-01  6.748875e-01  0.000000e+00
   outer loop
     vertex -1.718352e+00  1.528812e+00  1.620000e+01
     vertex -1.675764e+00  1.575378e+00  1.620000e+01
     vertex -1.718352e+00  1.528812e+00  1.250000e+01
   endloop
 endfacet
 facet normal -7.561578e-01  6.543893e-01  0.000000e+00
   outer loop
     vertex -1.718352e+00  1.528812e+00  1.620000e+01
     vertex -1.718352e+00  1.528812e+00  1.250000e+01
     vertex -1.759647e+00  1.481095e+00  1.250000e+01
   endloop
 endfacet
 facet normal -7.561578e-01  6.543893e-01  0.000000e+00
   outer loop
     vertex -1.759647e+00  1.481095e+00  1.620000e+01
     vertex -1.718352e+00  1.528812e+00  1.620000e+01
     vertex -1.759647e+00  1.481095e+00  1.250000e+01
   endloop
 endfacet
 facet normal -7.738257e-01  6.333986e-01  0.000000e+00
   outer loop
     vertex -1.799617e+00  1.432264e+00  1.620000e+01
     vertex -1.759647e+00  1.481095e+00  1.250000e+01
     vertex -1.799617e+00  1.432264e+00  1.250000e+01
   endloop
 endfacet
 facet normal -7.909112e-01  6.119310e-01  0.000000e+00
   outer loop
     vertex -1.799617e+00  1.432264e+00  1.620000e+01
     vertex -1.799617e+00  1.432264e+00  1.250000e+01
     vertex -1.838232e+00  1.382354e+00  1.250000e+01
   endloop
 endfacet
 facet normal -7.738257e-01  6.333986e-01  0.000000e+00
   outer loop
     vertex -1.799617e+00  1.432264e+00  1.620000e+01
     vertex -1.759647e+00  1.481095e+00  1.620000e+01
     vertex -1.759647e+00  1.481095e+00  1.250000e+01
   endloop
 endfacet
 facet normal -7.909112e-01  6.119310e-01  0.000000e+00
   outer loop
     vertex -1.838232e+00  1.382354e+00  1.620000e+01
     vertex -1.799617e+00  1.432264e+00  1.620000e+01
     vertex -1.838232e+00  1.382354e+00  1.250000e+01
   endloop
 endfacet
 facet normal -8.074012e-01  5.900028e-01  0.000000e+00
   outer loop
     vertex -1.875464e+00  1.331403e+00  1.620000e+01
     vertex -1.838232e+00  1.382354e+00  1.250000e+01
     vertex -1.875464e+00  1.331403e+00  1.250000e+01
   endloop
 endfacet
 facet normal -8.232835e-01  5.676304e-01  0.000000e+00
   outer loop
     vertex -1.875464e+00  1.331403e+00  1.620000e+01
     vertex -1.875464e+00  1.331403e+00  1.250000e+01
     vertex -1.911284e+00  1.279451e+00  1.250000e+01
   endloop
 endfacet
 facet normal -8.074012e-01  5.900028e-01  0.000000e+00
   outer loop
     vertex -1.875464e+00  1.331403e+00  1.620000e+01
     vertex -1.838232e+00  1.382354e+00  1.620000e+01
     vertex -1.838232e+00  1.382354e+00  1.250000e+01
   endloop
 endfacet
 facet normal -8.232835e-01  5.676304e-01  0.000000e+00
   outer loop
     vertex -1.911284e+00  1.279451e+00  1.620000e+01
     vertex -1.875464e+00  1.331403e+00  1.620000e+01
     vertex -1.911284e+00  1.279451e+00  1.250000e+01
   endloop
 endfacet
 facet normal -8.385460e-01  5.448308e-01  0.000000e+00
   outer loop
     vertex -1.945665e+00  1.226535e+00  1.620000e+01
     vertex -1.911284e+00  1.279451e+00  1.250000e+01
     vertex -1.945665e+00  1.226535e+00  1.250000e+01
   endloop
 endfacet
 facet normal -8.531773e-01  5.216210e-01  0.000000e+00
   outer loop
     vertex -1.945665e+00  1.226535e+00  1.620000e+01
     vertex -1.945665e+00  1.226535e+00  1.250000e+01
     vertex -1.978581e+00  1.172696e+00  1.250000e+01
   endloop
 endfacet
 facet normal -8.385460e-01  5.448308e-01  0.000000e+00
   outer loop
     vertex -1.945665e+00  1.226535e+00  1.620000e+01
     vertex -1.911284e+00  1.279451e+00  1.620000e+01
     vertex -1.911284e+00  1.279451e+00  1.250000e+01
   endloop
 endfacet
 facet normal -8.531773e-01  5.216210e-01  0.000000e+00
   outer loop
     vertex -1.978581e+00  1.172696e+00  1.620000e+01
     vertex -1.945665e+00  1.226535e+00  1.620000e+01
     vertex -1.978581e+00  1.172696e+00  1.250000e+01
   endloop
 endfacet
 facet normal -8.671664e-01  4.980186e-01  0.000000e+00
   outer loop
     vertex -2.010009e+00  1.117974e+00  1.620000e+01
     vertex -1.978581e+00  1.172696e+00  1.250000e+01
     vertex -2.010009e+00  1.117974e+00  1.250000e+01
   endloop
 endfacet
 facet normal -8.671664e-01  4.980186e-01  0.000000e+00
   outer loop
     vertex -2.010009e+00  1.117974e+00  1.620000e+01
     vertex -1.978581e+00  1.172696e+00  1.620000e+01
     vertex -1.978581e+00  1.172696e+00  1.250000e+01
   endloop
 endfacet
 facet normal -8.805026e-01  4.740412e-01  0.000000e+00
   outer loop
     vertex -2.039923e+00  1.062411e+00  1.620000e+01
     vertex -2.010009e+00  1.117974e+00  1.250000e+01
     vertex -2.039923e+00  1.062411e+00  1.250000e+01
   endloop
 endfacet
 facet normal -8.931761e-01  4.497071e-01  0.000000e+00
   outer loop
     vertex -2.039923e+00  1.062411e+00  1.620000e+01
     vertex -2.039923e+00  1.062411e+00  1.250000e+01
     vertex -2.068301e+00  1.006047e+00  1.250000e+01
   endloop
 endfacet
 facet normal -8.805026e-01  4.740412e-01  0.000000e+00
   outer loop
     vertex -2.039923e+00  1.062411e+00  1.620000e+01
     vertex -2.010009e+00  1.117974e+00  1.620000e+01
     vertex -2.010009e+00  1.117974e+00  1.250000e+01
   endloop
 endfacet
 facet normal -8.931761e-01  4.497071e-01  0.000000e+00
   outer loop
     vertex -2.068301e+00  1.006047e+00  1.620000e+01
     vertex -2.039923e+00  1.062411e+00  1.620000e+01
     vertex -2.068301e+00  1.006047e+00  1.250000e+01
   endloop
 endfacet
 facet normal -9.051772e-01  4.250344e-01  0.000000e+00
   outer loop
     vertex -2.095122e+00  9.489268e-01  1.620000e+01
     vertex -2.068301e+00  1.006047e+00  1.250000e+01
     vertex -2.095122e+00  9.489268e-01  1.250000e+01
   endloop
 endfacet
 facet normal -9.051772e-01  4.250344e-01  0.000000e+00
   outer loop
     vertex -2.095122e+00  9.489268e-01  1.620000e+01
     vertex -2.068301e+00  1.006047e+00  1.620000e+01
     vertex -2.068301e+00  1.006047e+00  1.250000e+01
   endloop
 endfacet
 facet normal -9.164969e-01  4.000417e-01  0.000000e+00
   outer loop
     vertex -2.120367e+00  8.910919e-01  1.620000e+01
     vertex -2.095122e+00  9.489268e-01  1.250000e+01
     vertex -2.120367e+00  8.910919e-01  1.250000e+01
   endloop
 endfacet
 facet normal -9.164969e-01  4.000417e-01  0.000000e+00
   outer loop
     vertex -2.120367e+00  8.910919e-01  1.620000e+01
     vertex -2.095122e+00  9.489268e-01  1.620000e+01
     vertex -2.095122e+00  9.489268e-01  1.250000e+01
   endloop
 endfacet
 facet normal -9.271267e-01  3.747479e-01  0.000000e+00
   outer loop
     vertex -2.144015e+00  8.325863e-01  1.620000e+01
     vertex -2.120367e+00  8.910919e-01  1.250000e+01
     vertex -2.144015e+00  8.325863e-01  1.250000e+01
   endloop
 endfacet
 facet normal -9.271267e-01  3.747479e-01  0.000000e+00
   outer loop
     vertex -2.144015e+00  8.325863e-01  1.620000e+01
     vertex -2.120367e+00  8.910919e-01  1.620000e+01
     vertex -2.120367e+00  8.910919e-01  1.250000e+01
   endloop
 endfacet
 facet normal -9.370586e-01  3.491720e-01  0.000000e+00
   outer loop
     vertex -2.166049e+00  7.734539e-01  1.620000e+01
     vertex -2.144015e+00  8.325863e-01  1.250000e+01
     vertex -2.166049e+00  7.734539e-01  1.250000e+01
   endloop
 endfacet
 facet normal -9.370586e-01  3.491720e-01  0.000000e+00
   outer loop
     vertex -2.166049e+00  7.734539e-01  1.620000e+01
     vertex -2.144015e+00  8.325863e-01  1.620000e+01
     vertex -2.144015e+00  8.325863e-01  1.250000e+01
   endloop
 endfacet
 facet normal -9.462851e-01  3.233333e-01  0.000000e+00
   outer loop
     vertex -2.186453e+00  7.137393e-01  1.620000e+01
     vertex -2.166049e+00  7.734539e-01  1.250000e+01
     vertex -2.186453e+00  7.137393e-01  1.250000e+01
   endloop
 endfacet
 facet normal -9.462851e-01  3.233333e-01  0.000000e+00
   outer loop
     vertex -2.186453e+00  7.137393e-01  1.620000e+01
     vertex -2.166049e+00  7.734539e-01  1.620000e+01
     vertex -2.166049e+00  7.734539e-01  1.250000e+01
   endloop
 endfacet
 facet normal -9.547993e-01  2.972512e-01  0.000000e+00
   outer loop
     vertex -2.205211e+00  6.534874e-01  1.620000e+01
     vertex -2.186453e+00  7.137393e-01  1.250000e+01
     vertex -2.205211e+00  6.534874e-01  1.250000e+01
   endloop
 endfacet
 facet normal -9.547993e-01  2.972512e-01  0.000000e+00
   outer loop
     vertex -2.205211e+00  6.534874e-01  1.620000e+01
     vertex -2.186453e+00  7.137393e-01  1.620000e+01
     vertex -2.186453e+00  7.137393e-01  1.250000e+01
   endloop
 endfacet
 facet normal -9.625948e-01  2.709453e-01  0.000000e+00
   outer loop
     vertex -2.222308e+00  5.927436e-01  1.620000e+01
     vertex -2.205211e+00  6.534874e-01  1.250000e+01
     vertex -2.222308e+00  5.927436e-01  1.250000e+01
   endloop
 endfacet
 facet normal -9.625948e-01  2.709453e-01  0.000000e+00
   outer loop
     vertex -2.222308e+00  5.927436e-01  1.620000e+01
     vertex -2.205211e+00  6.534874e-01  1.620000e+01
     vertex -2.205211e+00  6.534874e-01  1.250000e+01
   endloop
 endfacet
 facet normal -9.696656e-01  2.444354e-01  0.000000e+00
   outer loop
     vertex -2.237733e+00  5.315536e-01  1.620000e+01
     vertex -2.222308e+00  5.927436e-01  1.250000e+01
     vertex -2.237733e+00  5.315536e-01  1.250000e+01
   endloop
 endfacet
 facet normal -9.696656e-01  2.444354e-01  0.000000e+00
   outer loop
     vertex -2.237733e+00  5.315536e-01  1.620000e+01
     vertex -2.222308e+00  5.927436e-01  1.620000e+01
     vertex -2.222308e+00  5.927436e-01  1.250000e+01
   endloop
 endfacet
 facet normal -9.760065e-01  2.177416e-01  0.000000e+00
   outer loop
     vertex -2.251474e+00  4.699634e-01  1.620000e+01
     vertex -2.237733e+00  5.315536e-01  1.250000e+01
     vertex -2.251474e+00  4.699634e-01  1.250000e+01
   endloop
 endfacet
 facet normal -9.760065e-01  2.177416e-01  0.000000e+00
   outer loop
     vertex -2.251474e+00  4.699634e-01  1.620000e+01
     vertex -2.237733e+00  5.315536e-01  1.620000e+01
     vertex -2.237733e+00  5.315536e-01  1.250000e+01
   endloop
 endfacet
 facet normal -9.816126e-01  1.908838e-01  0.000000e+00
   outer loop
     vertex -2.263519e+00  4.080195e-01  1.620000e+01
     vertex -2.251474e+00  4.699634e-01  1.250000e+01
     vertex -2.263519e+00  4.080195e-01  1.250000e+01
   endloop
 endfacet
 facet normal -9.864799e-01  1.638824e-01  0.000000e+00
   outer loop
     vertex -2.263519e+00  4.080195e-01  1.620000e+01
     vertex -2.263519e+00  4.080195e-01  1.250000e+01
     vertex -2.273861e+00  3.457684e-01  1.250000e+01
   endloop
 endfacet
 facet normal -9.816126e-01  1.908838e-01  0.000000e+00
   outer loop
     vertex -2.263519e+00  4.080195e-01  1.620000e+01
     vertex -2.251474e+00  4.699634e-01  1.620000e+01
     vertex -2.251474e+00  4.699634e-01  1.250000e+01
   endloop
 endfacet
 facet normal -9.864799e-01  1.638824e-01  0.000000e+00
   outer loop
     vertex -2.273861e+00  3.457684e-01  1.620000e+01
     vertex -2.263519e+00  4.080195e-01  1.620000e+01
     vertex -2.273861e+00  3.457684e-01  1.250000e+01
   endloop
 endfacet
 facet normal -9.906046e-01  1.367575e-01  0.000000e+00
   outer loop
     vertex -2.282491e+00  2.832571e-01  1.620000e+01
     vertex -2.273861e+00  3.457684e-01  1.250000e+01
     vertex -2.282491e+00  2.832571e-01  1.250000e+01
   endloop
 endfacet
 facet normal -9.906046e-01  1.367575e-01  0.000000e+00
   outer loop
     vertex -2.282491e+00  2.832571e-01  1.620000e+01
     vertex -2.273861e+00  3.457684e-01  1.620000e+01
     vertex -2.273861e+00  3.457684e-01  1.250000e+01
   endloop
 endfacet
 facet normal -9.939835e-01  1.095298e-01  0.000000e+00
   outer loop
     vertex -2.289403e+00  2.205325e-01  1.620000e+01
     vertex -2.282491e+00  2.832571e-01  1.620000e+01
     vertex -2.282491e+00  2.832571e-01  1.250000e+01
   endloop
 endfacet
 facet normal -9.939835e-01  1.095298e-01  0.000000e+00
   outer loop
     vertex -2.289403e+00  2.205325e-01  1.620000e+01
     vertex -2.282491e+00  2.832571e-01  1.250000e+01
     vertex -2.289403e+00  2.205325e-01  1.250000e+01
   endloop
 endfacet
 facet normal -9.966142e-01  8.221955e-02  0.000000e+00
   outer loop
     vertex -2.289403e+00  2.205325e-01  1.620000e+01
     vertex -2.289403e+00  2.205325e-01  1.250000e+01
     vertex -2.294591e+00  1.576419e-01  1.250000e+01
   endloop
 endfacet
 facet normal -9.966142e-01  8.221955e-02  0.000000e+00
   outer loop
     vertex -2.294591e+00  1.576419e-01  1.620000e+01
     vertex -2.289403e+00  2.205325e-01  1.620000e+01
     vertex -2.294591e+00  1.576419e-01  1.250000e+01
   endloop
 endfacet
 facet normal -9.984947e-01  5.484744e-02  0.000000e+00
   outer loop
     vertex -2.298052e+00  9.463262e-02  1.620000e+01
     vertex -2.294591e+00  1.576419e-01  1.620000e+01
     vertex -2.294591e+00  1.576419e-01  1.250000e+01
   endloop
 endfacet
 facet normal -9.984947e-01  5.484744e-02  0.000000e+00
   outer loop
     vertex -2.298052e+00  9.463262e-02  1.620000e+01
     vertex -2.294591e+00  1.576419e-01  1.250000e+01
     vertex -2.298052e+00  9.463262e-02  1.250000e+01
   endloop
 endfacet
 facet normal -9.996236e-01  2.743405e-02  0.000000e+00
   outer loop
     vertex -2.299784e+00  3.155212e-02  1.620000e+01
     vertex -2.298052e+00  9.463262e-02  1.620000e+01
     vertex -2.298052e+00  9.463262e-02  1.250000e+01
   endloop
 endfacet
 facet normal -9.996236e-01  2.743405e-02  0.000000e+00
   outer loop
     vertex -2.299784e+00  3.155212e-02  1.620000e+01
     vertex -2.298052e+00  9.463262e-02  1.250000e+01
     vertex -2.299784e+00  3.155212e-02  1.250000e+01
   endloop
 endfacet
 facet normal -1.000000e+00  0.000000e+00 -0.000000e+00
   outer loop
     vertex -2.299784e+00  3.155212e-02  1.620000e+01
     vertex -2.299784e+00  3.155212e-02  1.250000e+01
     vertex -2.299784e+00 -3.155212e-02  1.250000e+01
   endloop
 endfacet
 facet normal -1.000000e+00  0.000000e+00  0.000000e+00
   outer loop
     vertex -2.299784e+00 -3.155212e-02  1.620000e+01
     vertex -2.299784e+00  3.155212e-02  1.620000e+01
     vertex -2.299784e+00 -3.155212e-02  1.250000e+01
   endloop
 endfacet
 facet normal -9.996236e-01 -2.743405e-02  0.000000e+00
   outer loop
     vertex -2.298052e+00 -9.463262e-02  1.620000e+01
     vertex -2.299784e+00 -3.155212e-02  1.620000e+01
     vertex -2.299784e+00 -3.155212e-02  1.250000e+01
   endloop
 endfacet
 facet normal -9.996236e-01 -2.743405e-02 -0.000000e+00
   outer loop
     vertex -2.298052e+00 -9.463262e-02  1.620000e+01
     vertex -2.299784e+00 -3.155212e-02  1.250000e+01
     vertex -2.298052e+00 -9.463262e-02  1.250000e+01
   endloop
 endfacet
 facet normal -9.984947e-01 -5.484744e-02  0.000000e+00
   outer loop
     vertex -2.294591e+00 -1.576419e-01  1.620000e+01
     vertex -2.298052e+00 -9.463262e-02  1.620000e+01
     vertex -2.298052e+00 -9.463262e-02  1.250000e+01
   endloop
 endfacet
 facet normal -9.984947e-01 -5.484744e-02 -0.000000e+00
   outer loop
     vertex -2.294591e+00 -1.576419e-01  1.620000e+01
     vertex -2.298052e+00 -9.463262e-02  1.250000e+01
     vertex -2.294591e+00 -1.576419e-01  1.250000e+01
   endloop
 endfacet
 facet normal -9.966142e-01 -8.221955e-02  0.000000e+00
   outer loop
     vertex -2.289403e+00 -2.205325e-01  1.620000e+01
     vertex -2.294591e+00 -1.576419e-01  1.620000e+01
     vertex -2.294591e+00 -1.576419e-01  1.250000e+01
   endloop
 endfacet
 facet normal -9.966142e-01 -8.221955e-02 -0.000000e+00
   outer loop
     vertex -2.289403e+00 -2.205325e-01  1.620000e+01
     vertex -2.294591e+00 -1.576419e-01  1.250000e+01
     vertex -2.289403e+00 -2.205325e-01  1.250000e+01
   endloop
 endfacet
 facet normal -9.939835e-01 -1.095298e-01  0.000000e+00
   outer loop
     vertex -2.282491e+00 -2.832571e-01  1.620000e+01
     vertex -2.289403e+00 -2.205325e-01  1.620000e+01
     vertex -2.289403e+00 -2.205325e-01  1.250000e+01
   endloop
 endfacet
 facet normal -9.939835e-01 -1.095298e-01 -0.000000e+00
   outer loop
     vertex -2.282491e+00 -2.832571e-01  1.620000e+01
     vertex -2.289403e+00 -2.205325e-01  1.250000e+01
     vertex -2.282491e+00 -2.832571e-01  1.250000e+01
   endloop
 endfacet
 facet normal -9.906046e-01 -1.367575e-01  0.000000e+00
   outer loop
     vertex -2.273861e+00 -3.457684e-01  1.620000e+01
     vertex -2.282491e+00 -2.832571e-01  1.620000e+01
     vertex -2.282491e+00 -2.832571e-01  1.250000e+01
   endloop
 endfacet
 facet normal -9.906046e-01 -1.367575e-01 -0.000000e+00
   outer loop
     vertex -2.273861e+00 -3.457684e-01  1.620000e+01
     vertex -2.282491e+00 -2.832571e-01  1.250000e+01
     vertex -2.273861e+00 -3.457684e-01  1.250000e+01
   endloop
 endfacet
 facet normal -9.864799e-01 -1.638824e-01  0.000000e+00
   outer loop
     vertex -2.263519e+00 -4.080195e-01  1.620000e+01
     vertex -2.273861e+00 -3.457684e-01  1.620000e+01
     vertex -2.273861e+00 -3.457684e-01  1.250000e+01
   endloop
 endfacet
 facet normal -9.864799e-01 -1.638824e-01 -0.000000e+00
   outer loop
     vertex -2.263519e+00 -4.080195e-01  1.620000e+01
     vertex -2.273861e+00 -3.457684e-01  1.250000e+01
     vertex -2.263519e+00 -4.080195e-01  1.250000e+01
   endloop
 endfacet
 facet normal -9.816126e-01 -1.908838e-01 -0.000000e+00
   outer loop
     vertex -2.263519e+00 -4.080195e-01  1.620000e+01
     vertex -2.263519e+00 -4.080195e-01  1.250000e+01
     vertex -2.251474e+00 -4.699634e-01  1.250000e+01
   endloop
 endfacet
 facet normal -9.816126e-01 -1.908838e-01 -0.000000e+00
   outer loop
     vertex -2.251474e+00 -4.699634e-01  1.620000e+01
     vertex -2.263519e+00 -4.080195e-01  1.620000e+01
     vertex -2.251474e+00 -4.699634e-01  1.250000e+01
   endloop
 endfacet
 facet normal -9.760065e-01 -2.177416e-01  0.000000e+00
   outer loop
     vertex -2.237733e+00 -5.315536e-01  1.620000e+01
     vertex -2.251474e+00 -4.699634e-01  1.620000e+01
     vertex -2.251474e+00 -4.699634e-01  1.250000e+01
   endloop
 endfacet
 facet normal -9.760065e-01 -2.177416e-01 -0.000000e+00
   outer loop
     vertex -2.237733e+00 -5.315536e-01  1.620000e+01
     vertex -2.251474e+00 -4.699634e-01  1.250000e+01
     vertex -2.237733e+00 -5.315536e-01  1.250000e+01
   endloop
 endfacet
 facet normal -9.696656e-01 -2.444354e-01 -0.000000e+00
   outer loop
     vertex -2.222308e+00 -5.927436e-01  1.620000e+01
     vertex -2.237733e+00 -5.315536e-01  1.250000e+01
     vertex -2.222308e+00 -5.927436e-01  1.250000e+01
   endloop
 endfacet
 facet normal -9.696656e-01 -2.444354e-01  0.000000e+00
   outer loop
     vertex -2.222308e+00 -5.927436e-01  1.620000e+01
     vertex -2.237733e+00 -5.315536e-01  1.620000e+01
     vertex -2.237733e+00 -5.315536e-01  1.250000e+01
   endloop
 endfacet
 facet normal -9.625948e-01 -2.709453e-01 -0.000000e+00
   outer loop
     vertex -2.205211e+00 -6.534874e-01  1.620000e+01
     vertex -2.222308e+00 -5.927436e-01  1.250000e+01
     vertex -2.205211e+00 -6.534874e-01  1.250000e+01
   endloop
 endfacet
 facet normal -9.547993e-01 -2.972512e-01 -0.000000e+00
   outer loop
     vertex -2.205211e+00 -6.534874e-01  1.620000e+01
     vertex -2.205211e+00 -6.534874e-01  1.250000e+01
     vertex -2.186453e+00 -7.137393e-01  1.250000e+01
   endloop
 endfacet
 facet normal -9.625948e-01 -2.709453e-01  0.000000e+00
   outer loop
     vertex -2.205211e+00 -6.534874e-01  1.620000e+01
     vertex -2.222308e+00 -5.927436e-01  1.620000e+01
     vertex -2.222308e+00 -5.927436e-01  1.250000e+01
   endloop
 endfacet
 facet normal -9.547993e-01 -2.972512e-01 -0.000000e+00
   outer loop
     vertex -2.186453e+00 -7.137393e-01  1.620000e+01
     vertex -2.205211e+00 -6.534874e-01  1.620000e+01
     vertex -2.186453e+00 -7.137393e-01  1.250000e+01
   endloop
 endfacet
 facet normal -9.462851e-01 -3.233333e-01 -0.000000e+00
   outer loop
     vertex -2.166049e+00 -7.734539e-01  1.620000e+01
     vertex -2.186453e+00 -7.137393e-01  1.250000e+01
     vertex -2.166049e+00 -7.734539e-01  1.250000e+01
   endloop
 endfacet
 facet normal -9.370586e-01 -3.491720e-01 -0.000000e+00
   outer loop
     vertex -2.166049e+00 -7.734539e-01  1.620000e+01
     vertex -2.166049e+00 -7.734539e-01  1.250000e+01
     vertex -2.144015e+00 -8.325863e-01  1.250000e+01
   endloop
 endfacet
 facet normal -9.462851e-01 -3.233333e-01  0.000000e+00
   outer loop
     vertex -2.166049e+00 -7.734539e-01  1.620000e+01
     vertex -2.186453e+00 -7.137393e-01  1.620000e+01
     vertex -2.186453e+00 -7.137393e-01  1.250000e+01
   endloop
 endfacet
 facet normal -9.271267e-01 -3.747479e-01 -0.000000e+00
   outer loop
     vertex -2.144015e+00 -8.325863e-01  1.620000e+01
     vertex -2.144015e+00 -8.325863e-01  1.250000e+01
     vertex -2.120367e+00 -8.910919e-01  1.250000e+01
   endloop
 endfacet
 facet normal -9.370586e-01 -3.491720e-01 -0.000000e+00
   outer loop
     vertex -2.144015e+00 -8.325863e-01  1.620000e+01
     vertex -2.166049e+00 -7.734539e-01  1.620000e+01
     vertex -2.144015e+00 -8.325863e-01  1.250000e+01
   endloop
 endfacet
 facet normal -9.271267e-01 -3.747479e-01 -0.000000e+00
   outer loop
     vertex -2.120367e+00 -8.910919e-01  1.620000e+01
     vertex -2.144015e+00 -8.325863e-01  1.620000e+01
     vertex -2.120367e+00 -8.910919e-01  1.250000e+01
   endloop
 endfacet
 facet normal -9.164969e-01 -4.000417e-01 -0.000000e+00
   outer loop
     vertex -2.095122e+00 -9.489268e-01  1.620000e+01
     vertex -2.120367e+00 -8.910919e-01  1.250000e+01
     vertex -2.095122e+00 -9.489268e-01  1.250000e+01
   endloop
 endfacet
 facet normal -9.164969e-01 -4.000417e-01  0.000000e+00
   outer loop
     vertex -2.095122e+00 -9.489268e-01  1.620000e+01
     vertex -2.120367e+00 -8.910919e-01  1.620000e+01
     vertex -2.120367e+00 -8.910919e-01  1.250000e+01
   endloop
 endfacet
 facet normal -9.051772e-01 -4.250344e-01 -0.000000e+00
   outer loop
     vertex -2.068301e+00 -1.006047e+00  1.620000e+01
     vertex -2.095122e+00 -9.489268e-01  1.250000e+01
     vertex -2.068301e+00 -1.006047e+00  1.250000e+01
   endloop
 endfacet
 facet normal -9.051772e-01 -4.250344e-01  0.000000e+00
   outer loop
     vertex -2.068301e+00 -1.006047e+00  1.620000e+01
     vertex -2.095122e+00 -9.489268e-01  1.620000e+01
     vertex -2.095122e+00 -9.489268e-01  1.250000e+01
   endloop
 endfacet
 facet normal -8.931761e-01 -4.497071e-01 -0.000000e+00
   outer loop
     vertex -2.039923e+00 -1.062411e+00  1.620000e+01
     vertex -2.068301e+00 -1.006047e+00  1.250000e+01
     vertex -2.039923e+00 -1.062411e+00  1.250000e+01
   endloop
 endfacet
 facet normal -8.805026e-01 -4.740412e-01 -0.000000e+00
   outer loop
     vertex -2.039923e+00 -1.062411e+00  1.620000e+01
     vertex -2.039923e+00 -1.062411e+00  1.250000e+01
     vertex -2.010009e+00 -1.117974e+00  1.250000e+01
   endloop
 endfacet
 facet normal -8.931761e-01 -4.497071e-01  0.000000e+00
   outer loop
     vertex -2.039923e+00 -1.062411e+00  1.620000e+01
     vertex -2.068301e+00 -1.006047e+00  1.620000e+01
     vertex -2.068301e+00 -1.006047e+00  1.250000e+01
   endloop
 endfacet
 facet normal -8.805026e-01 -4.740412e-01 -0.000000e+00
   outer loop
     vertex -2.010009e+00 -1.117974e+00  1.620000e+01
     vertex -2.039923e+00 -1.062411e+00  1.620000e+01
     vertex -2.010009e+00 -1.117974e+00  1.250000e+01
   endloop
 endfacet
 facet normal -8.671664e-01 -4.980186e-01 -0.000000e+00
   outer loop
     vertex -1.978581e+00 -1.172696e+00  1.620000e+01
     vertex -2.010009e+00 -1.117974e+00  1.250000e+01
     vertex -1.978581e+00 -1.172696e+00  1.250000e+01
   endloop
 endfacet
 facet normal -8.531773e-01 -5.216210e-01 -0.000000e+00
   outer loop
     vertex -1.978581e+00 -1.172696e+00  1.620000e+01
     vertex -1.978581e+00 -1.172696e+00  1.250000e+01
     vertex -1.945665e+00 -1.226535e+00  1.250000e+01
   endloop
 endfacet
 facet normal -8.671664e-01 -4.980186e-01  0.000000e+00
   outer loop
     vertex -1.978581e+00 -1.172696e+00  1.620000e+01
     vertex -2.010009e+00 -1.117974e+00  1.620000e+01
     vertex -2.010009e+00 -1.117974e+00  1.250000e+01
   endloop
 endfacet
 facet normal -8.385460e-01 -5.448308e-01 -0.000000e+00
   outer loop
     vertex -1.945665e+00 -1.226535e+00  1.620000e+01
     vertex -1.945665e+00 -1.226535e+00  1.250000e+01
     vertex -1.911284e+00 -1.279451e+00  1.250000e+01
   endloop
 endfacet
 facet normal -8.531773e-01 -5.216210e-01 -0.000000e+00
   outer loop
     vertex -1.945665e+00 -1.226535e+00  1.620000e+01
     vertex -1.978581e+00 -1.172696e+00  1.620000e+01
     vertex -1.945665e+00 -1.226535e+00  1.250000e+01
   endloop
 endfacet
 facet normal -8.385460e-01 -5.448308e-01 -0.000000e+00
   outer loop
     vertex -1.911284e+00 -1.279451e+00  1.620000e+01
     vertex -1.945665e+00 -1.226535e+00  1.620000e+01
     vertex -1.911284e+00 -1.279451e+00  1.250000e+01
   endloop
 endfacet
 facet normal -8.232835e-01 -5.676304e-01  0.000000e+00
   outer loop
     vertex -1.875464e+00 -1.331403e+00  1.620000e+01
     vertex -1.911284e+00 -1.279451e+00  1.620000e+01
     vertex -1.911284e+00 -1.279451e+00  1.250000e+01
   endloop
 endfacet
 facet normal -8.232835e-01 -5.676304e-01 -0.000000e+00
   outer loop
     vertex -1.875464e+00 -1.331403e+00  1.620000e+01
     vertex -1.911284e+00 -1.279451e+00  1.250000e+01
     vertex -1.875464e+00 -1.331403e+00  1.250000e+01
   endloop
 endfacet
 facet normal -8.074012e-01 -5.900028e-01 -0.000000e+00
   outer loop
     vertex -1.875464e+00 -1.331403e+00  1.620000e+01
     vertex -1.875464e+00 -1.331403e+00  1.250000e+01
     vertex -1.838232e+00 -1.382354e+00  1.250000e+01
   endloop
 endfacet
 facet normal -8.074012e-01 -5.900028e-01 -0.000000e+00
   outer loop
     vertex -1.838232e+00 -1.382354e+00  1.620000e+01
     vertex -1.875464e+00 -1.331403e+00  1.620000e+01
     vertex -1.838232e+00 -1.382354e+00  1.250000e+01
   endloop
 endfacet
 facet normal -7.909112e-01 -6.119310e-01  0.000000e+00
   outer loop
     vertex -1.799617e+00 -1.432264e+00  1.620000e+01
     vertex -1.838232e+00 -1.382354e+00  1.620000e+01
     vertex -1.838232e+00 -1.382354e+00  1.250000e+01
   endloop
 endfacet
 facet normal -7.909112e-01 -6.119310e-01 -0.000000e+00
   outer loop
     vertex -1.799617e+00 -1.432264e+00  1.620000e+01
     vertex -1.838232e+00 -1.382354e+00  1.250000e+01
     vertex -1.799617e+00 -1.432264e+00  1.250000e+01
   endloop
 endfacet
 facet normal -7.738257e-01 -6.333986e-01 -0.000000e+00
   outer loop
     vertex -1.799617e+00 -1.432264e+00  1.620000e+01
     vertex -1.799617e+00 -1.432264e+00  1.250000e+01
     vertex -1.759647e+00 -1.481095e+00  1.250000e+01
   endloop
 endfacet
 facet normal -7.738257e-01 -6.333986e-01 -0.000000e+00
   outer loop
     vertex -1.759647e+00 -1.481095e+00  1.620000e+01
     vertex -1.799617e+00 -1.432264e+00  1.620000e+01
     vertex -1.759647e+00 -1.481095e+00  1.250000e+01
   endloop
 endfacet
 facet normal -7.561578e-01 -6.543893e-01  0.000000e+00
   outer loop
     vertex -1.718352e+00 -1.528812e+00  1.620000e+01
     vertex -1.759647e+00 -1.481095e+00  1.620000e+01
     vertex -1.759647e+00 -1.481095e+00  1.250000e+01
   endloop
 endfacet
 facet normal -7.561578e-01 -6.543893e-01 -0.000000e+00
   outer loop
     vertex -1.718352e+00 -1.528812e+00  1.620000e+01
     vertex -1.759647e+00 -1.481095e+00  1.250000e+01
     vertex -1.718352e+00 -1.528812e+00  1.250000e+01
   endloop
 endfacet
 facet normal -7.379206e-01 -6.748875e-01  0.000000e+00
   outer loop
     vertex -1.675764e+00 -1.575378e+00  1.620000e+01
     vertex -1.718352e+00 -1.528812e+00  1.620000e+01
     vertex -1.718352e+00 -1.528812e+00  1.250000e+01
   endloop
 endfacet
 facet normal -7.379206e-01 -6.748875e-01 -0.000000e+00
   outer loop
     vertex -1.675764e+00 -1.575378e+00  1.620000e+01
     vertex -1.718352e+00 -1.528812e+00  1.250000e+01
     vertex -1.675764e+00 -1.575378e+00  1.250000e+01
   endloop
 endfacet
 facet normal -7.191280e-01 -6.948776e-01  0.000000e+00
   outer loop
     vertex -1.631914e+00 -1.620758e+00  1.620000e+01
     vertex -1.675764e+00 -1.575378e+00  1.620000e+01
     vertex -1.675764e+00 -1.575378e+00  1.250000e+01
   endloop
 endfacet
 facet normal -7.191280e-01 -6.948776e-01 -0.000000e+00
   outer loop
     vertex -1.631914e+00 -1.620758e+00  1.620000e+01
     vertex -1.675764e+00 -1.575378e+00  1.250000e+01
     vertex -1.631914e+00 -1.620758e+00  1.250000e+01
   endloop
 endfacet
 facet normal -6.997940e-01 -7.143447e-01  0.000000e+00
   outer loop
     vertex -1.586836e+00 -1.664918e+00  1.620000e+01
     vertex -1.631914e+00 -1.620758e+00  1.620000e+01
     vertex -1.631914e+00 -1.620758e+00  1.250000e+01
   endloop
 endfacet
 facet normal -6.997940e-01 -7.143447e-01 -0.000000e+00
   outer loop
     vertex -1.586836e+00 -1.664918e+00  1.620000e+01
     vertex -1.631914e+00 -1.620758e+00  1.250000e+01
     vertex -1.586836e+00 -1.664918e+00  1.250000e+01
   endloop
 endfacet
 facet normal -6.799333e-01 -7.332740e-01  0.000000e+00
   outer loop
     vertex -1.540563e+00 -1.707825e+00  1.620000e+01
     vertex -1.586836e+00 -1.664918e+00  1.620000e+01
     vertex -1.586836e+00 -1.664918e+00  1.250000e+01
   endloop
 endfacet
 facet normal -6.799333e-01 -7.332740e-01 -0.000000e+00
   outer loop
     vertex -1.540563e+00 -1.707825e+00  1.620000e+01
     vertex -1.586836e+00 -1.664918e+00  1.250000e+01
     vertex -1.540563e+00 -1.707825e+00  1.250000e+01
   endloop
 endfacet
 facet normal -6.595607e-01 -7.516513e-01  0.000000e+00
   outer loop
     vertex -1.493131e+00 -1.749446e+00  1.620000e+01
     vertex -1.540563e+00 -1.707825e+00  1.620000e+01
     vertex -1.540563e+00 -1.707825e+00  1.250000e+01
   endloop
 endfacet
 facet normal -6.595607e-01 -7.516513e-01 -0.000000e+00
   outer loop
     vertex -1.493131e+00 -1.749446e+00  1.620000e+01
     vertex -1.540563e+00 -1.707825e+00  1.250000e+01
     vertex -1.493131e+00 -1.749446e+00  1.250000e+01
   endloop
 endfacet
 facet normal -6.386916e-01 -7.694628e-01  0.000000e+00
   outer loop
     vertex -1.444574e+00 -1.789750e+00  1.620000e+01
     vertex -1.493131e+00 -1.749446e+00  1.620000e+01
     vertex -1.493131e+00 -1.749446e+00  1.250000e+01
   endloop
 endfacet
 facet normal -6.386916e-01 -7.694628e-01 -0.000000e+00
   outer loop
     vertex -1.444574e+00 -1.789750e+00  1.620000e+01
     vertex -1.493131e+00 -1.749446e+00  1.250000e+01
     vertex -1.444574e+00 -1.789750e+00  1.250000e+01
   endloop
 endfacet
 facet normal -6.173417e-01 -7.866951e-01  0.000000e+00
   outer loop
     vertex -1.394930e+00 -1.828707e+00  1.620000e+01
     vertex -1.444574e+00 -1.789750e+00  1.620000e+01
     vertex -1.444574e+00 -1.789750e+00  1.250000e+01
   endloop
 endfacet
 facet normal -6.173417e-01 -7.866951e-01 -0.000000e+00
   outer loop
     vertex -1.394930e+00 -1.828707e+00  1.620000e+01
     vertex -1.444574e+00 -1.789750e+00  1.250000e+01
     vertex -1.394930e+00 -1.828707e+00  1.250000e+01
   endloop
 endfacet
 facet normal -5.955271e-01 -8.033352e-01  0.000000e+00
   outer loop
     vertex -1.344237e+00 -1.866287e+00  1.620000e+01
     vertex -1.394930e+00 -1.828707e+00  1.620000e+01
     vertex -1.394930e+00 -1.828707e+00  1.250000e+01
   endloop
 endfacet
 facet normal -5.955271e-01 -8.033352e-01 -0.000000e+00
   outer loop
     vertex -1.344237e+00 -1.866287e+00  1.620000e+01
     vertex -1.394930e+00 -1.828707e+00  1.250000e+01
     vertex -1.344237e+00 -1.866287e+00  1.250000e+01
   endloop
 endfacet
 facet normal -5.732642e-01 -8.193706e-01  0.000000e+00
   outer loop
     vertex -1.292531e+00 -1.902463e+00  1.620000e+01
     vertex -1.344237e+00 -1.866287e+00  1.620000e+01
     vertex -1.344237e+00 -1.866287e+00  1.250000e+01
   endloop
 endfacet
 facet normal -5.732642e-01 -8.193706e-01 -0.000000e+00
   outer loop
     vertex -1.292531e+00 -1.902463e+00  1.620000e+01
     vertex -1.344237e+00 -1.866287e+00  1.250000e+01
     vertex -1.292531e+00 -1.902463e+00  1.250000e+01
   endloop
 endfacet
 facet normal -5.505698e-01 -8.347891e-01  0.000000e+00
   outer loop
     vertex -1.239852e+00 -1.937206e+00  1.620000e+01
     vertex -1.292531e+00 -1.902463e+00  1.620000e+01
     vertex -1.292531e+00 -1.902463e+00  1.250000e+01
   endloop
 endfacet
 facet normal -5.505698e-01 -8.347891e-01 -0.000000e+00
   outer loop
     vertex -1.239852e+00 -1.937206e+00  1.620000e+01
     vertex -1.292531e+00 -1.902463e+00  1.250000e+01
     vertex -1.239852e+00 -1.937206e+00  1.250000e+01
   endloop
 endfacet
 facet normal -5.274609e-01 -8.495793e-01  0.000000e+00
   outer loop
     vertex -1.186240e+00 -1.970491e+00  1.620000e+01
     vertex -1.239852e+00 -1.937206e+00  1.620000e+01
     vertex -1.239852e+00 -1.937206e+00  1.250000e+01
   endloop
 endfacet
 facet normal -5.274609e-01 -8.495793e-01 -0.000000e+00
   outer loop
     vertex -1.186240e+00 -1.970491e+00  1.620000e+01
     vertex -1.239852e+00 -1.937206e+00  1.250000e+01
     vertex -1.186240e+00 -1.970491e+00  1.250000e+01
   endloop
 endfacet
 facet normal -5.039550e-01 -8.637299e-01  0.000000e+00
   outer loop
     vertex -1.131735e+00 -2.002293e+00  1.620000e+01
     vertex -1.186240e+00 -1.970491e+00  1.620000e+01
     vertex -1.186240e+00 -1.970491e+00  1.250000e+01
   endloop
 endfacet
 facet normal -5.039550e-01 -8.637299e-01 -0.000000e+00
   outer loop
     vertex -1.131735e+00 -2.002293e+00  1.620000e+01
     vertex -1.186240e+00 -1.970491e+00  1.250000e+01
     vertex -1.131735e+00 -2.002293e+00  1.250000e+01
   endloop
 endfacet
 facet normal -4.800697e-01 -8.772303e-01 -0.000000e+00
   outer loop
     vertex -1.131735e+00 -2.002293e+00  1.620000e+01
     vertex -1.131735e+00 -2.002293e+00  1.250000e+01
     vertex -1.076378e+00 -2.032587e+00  1.250000e+01
   endloop
 endfacet
 facet normal -4.800697e-01 -8.772303e-01 -0.000000e+00
   outer loop
     vertex -1.076378e+00 -2.032587e+00  1.620000e+01
     vertex -1.131735e+00 -2.002293e+00  1.620000e+01
     vertex -1.076378e+00 -2.032587e+00  1.250000e+01
   endloop
 endfacet
 facet normal -4.558231e-01 -8.900704e-01  0.000000e+00
   outer loop
     vertex -1.020211e+00 -2.061351e+00  1.620000e+01
     vertex -1.076378e+00 -2.032587e+00  1.620000e+01
     vertex -1.076378e+00 -2.032587e+00  1.250000e+01
   endloop
 endfacet
 facet normal -4.558231e-01 -8.900704e-01 -0.000000e+00
   outer loop
     vertex -1.020211e+00 -2.061351e+00  1.620000e+01
     vertex -1.076378e+00 -2.032587e+00  1.250000e+01
     vertex -1.020211e+00 -2.061351e+00  1.250000e+01
   endloop
 endfacet
 facet normal -4.312333e-01 -9.022405e-01  0.000000e+00
   outer loop
     vertex -9.632756e-01 -2.088564e+00  1.620000e+01
     vertex -1.020211e+00 -2.061351e+00  1.620000e+01
     vertex -1.020211e+00 -2.061351e+00  1.250000e+01
   endloop
 endfacet
 facet normal -4.312333e-01 -9.022405e-01 -0.000000e+00
   outer loop
     vertex -9.632756e-01 -2.088564e+00  1.620000e+01
     vertex -1.020211e+00 -2.061351e+00  1.250000e+01
     vertex -9.632756e-01 -2.088564e+00  1.250000e+01
   endloop
 endfacet
 facet normal -4.063188e-01 -9.137314e-01  0.000000e+00
   outer loop
     vertex -9.056152e-01 -2.114205e+00  1.620000e+01
     vertex -9.632756e-01 -2.088564e+00  1.620000e+01
     vertex -9.632756e-01 -2.088564e+00  1.250000e+01
   endloop
 endfacet
 facet normal -4.063188e-01 -9.137314e-01 -0.000000e+00
   outer loop
     vertex -9.056152e-01 -2.114205e+00  1.620000e+01
     vertex -9.632756e-01 -2.088564e+00  1.250000e+01
     vertex -9.056152e-01 -2.114205e+00  1.250000e+01
   endloop
 endfacet
 facet normal -3.810986e-01 -9.245344e-01 -0.000000e+00
   outer loop
     vertex -9.056152e-01 -2.114205e+00  1.620000e+01
     vertex -9.056152e-01 -2.114205e+00  1.250000e+01
     vertex -8.472732e-01 -2.138254e+00  1.250000e+01
   endloop
 endfacet
 facet normal -3.810986e-01 -9.245344e-01 -0.000000e+00
   outer loop
     vertex -8.472732e-01 -2.138254e+00  1.620000e+01
     vertex -9.056152e-01 -2.114205e+00  1.620000e+01
     vertex -8.472732e-01 -2.138254e+00  1.250000e+01
   endloop
 endfacet
 facet normal -3.555914e-01 -9.346415e-01 -0.000000e+00
   outer loop
     vertex -7.882933e-01 -2.160693e+00  1.620000e+01
     vertex -8.472732e-01 -2.138254e+00  1.250000e+01
     vertex -7.882933e-01 -2.160693e+00  1.250000e+01
   endloop
 endfacet
 facet normal -3.555914e-01 -9.346415e-01  0.000000e+00
   outer loop
     vertex -7.882933e-01 -2.160693e+00  1.620000e+01
     vertex -8.472732e-01 -2.138254e+00  1.620000e+01
     vertex -8.472732e-01 -2.138254e+00  1.250000e+01
   endloop
 endfacet
 facet normal -3.298166e-01 -9.440450e-01 -0.000000e+00
   outer loop
     vertex -7.287201e-01 -2.181506e+00  1.620000e+01
     vertex -7.882933e-01 -2.160693e+00  1.250000e+01
     vertex -7.287201e-01 -2.181506e+00  1.250000e+01
   endloop
 endfacet
 facet normal -3.298166e-01 -9.440450e-01  0.000000e+00
   outer loop
     vertex -7.287201e-01 -2.181506e+00  1.620000e+01
     vertex -7.882933e-01 -2.160693e+00  1.620000e+01
     vertex -7.882933e-01 -2.160693e+00  1.250000e+01
   endloop
 endfacet
 facet normal -3.037934e-01 -9.527379e-01 -0.000000e+00
   outer loop
     vertex -6.685983e-01 -2.200676e+00  1.620000e+01
     vertex -7.287201e-01 -2.181506e+00  1.250000e+01
     vertex -6.685983e-01 -2.200676e+00  1.250000e+01
   endloop
 endfacet
 facet normal -3.037934e-01 -9.527379e-01  0.000000e+00
   outer loop
     vertex -6.685983e-01 -2.200676e+00  1.620000e+01
     vertex -7.287201e-01 -2.181506e+00  1.620000e+01
     vertex -7.287201e-01 -2.181506e+00  1.250000e+01
   endloop
 endfacet
 facet normal -2.775416e-01 -9.607136e-01  0.000000e+00
   outer loop
     vertex -6.079732e-01 -2.218190e+00  1.620000e+01
     vertex -6.685983e-01 -2.200676e+00  1.620000e+01
     vertex -6.685983e-01 -2.200676e+00  1.250000e+01
   endloop
 endfacet
 facet normal -2.775416e-01 -9.607136e-01 -0.000000e+00
   outer loop
     vertex -6.079732e-01 -2.218190e+00  1.620000e+01
     vertex -6.685983e-01 -2.200676e+00  1.250000e+01
     vertex -6.079732e-01 -2.218190e+00  1.250000e+01
   endloop
 endfacet
 facet normal -2.510809e-01 -9.679661e-01  0.000000e+00
   outer loop
     vertex -5.468904e-01 -2.234035e+00  1.620000e+01
     vertex -6.079732e-01 -2.218190e+00  1.620000e+01
     vertex -6.079732e-01 -2.218190e+00  1.250000e+01
   endloop
 endfacet
 facet normal -2.510809e-01 -9.679661e-01 -0.000000e+00
   outer loop
     vertex -5.468904e-01 -2.234035e+00  1.620000e+01
     vertex -6.079732e-01 -2.218190e+00  1.250000e+01
     vertex -5.468904e-01 -2.234035e+00  1.250000e+01
   endloop
 endfacet
 facet normal -2.244312e-01 -9.744899e-01  0.000000e+00
   outer loop
     vertex -4.853959e-01 -2.248197e+00  1.620000e+01
     vertex -5.468904e-01 -2.234035e+00  1.620000e+01
     vertex -5.468904e-01 -2.234035e+00  1.250000e+01
   endloop
 endfacet
 facet normal -2.244312e-01 -9.744899e-01 -0.000000e+00
   outer loop
     vertex -4.853959e-01 -2.248197e+00  1.620000e+01
     vertex -5.468904e-01 -2.234035e+00  1.250000e+01
     vertex -4.853959e-01 -2.248197e+00  1.250000e+01
   endloop
 endfacet
 facet normal -1.976125e-01 -9.802802e-01  0.000000e+00
   outer loop
     vertex -4.235361e-01 -2.260667e+00  1.620000e+01
     vertex -4.853959e-01 -2.248197e+00  1.620000e+01
     vertex -4.853959e-01 -2.248197e+00  1.250000e+01
   endloop
 endfacet
 facet normal -1.976125e-01 -9.802802e-01 -0.000000e+00
   outer loop
     vertex -4.235361e-01 -2.260667e+00  1.620000e+01
     vertex -4.853959e-01 -2.248197e+00  1.250000e+01
     vertex -4.235361e-01 -2.260667e+00  1.250000e+01
   endloop
 endfacet
 facet normal -1.706451e-01 -9.853326e-01  0.000000e+00
   outer loop
     vertex -3.613574e-01 -2.271436e+00  1.620000e+01
     vertex -4.235361e-01 -2.260667e+00  1.620000e+01
     vertex -4.235361e-01 -2.260667e+00  1.250000e+01
   endloop
 endfacet
 facet normal -1.706451e-01 -9.853326e-01 -0.000000e+00
   outer loop
     vertex -3.613574e-01 -2.271436e+00  1.620000e+01
     vertex -4.235361e-01 -2.260667e+00  1.250000e+01
     vertex -3.613574e-01 -2.271436e+00  1.250000e+01
   endloop
 endfacet
 facet normal -1.435492e-01 -9.896432e-01  0.000000e+00
   outer loop
     vertex -2.989067e-01 -2.280494e+00  1.620000e+01
     vertex -3.613574e-01 -2.271436e+00  1.620000e+01
     vertex -3.613574e-01 -2.271436e+00  1.250000e+01
   endloop
 endfacet
 facet normal -1.435492e-01 -9.896432e-01 -0.000000e+00
   outer loop
     vertex -2.989067e-01 -2.280494e+00  1.620000e+01
     vertex -3.613574e-01 -2.271436e+00  1.250000e+01
     vertex -2.989067e-01 -2.280494e+00  1.250000e+01
   endloop
 endfacet
 facet normal -1.163452e-01 -9.932088e-01  0.000000e+00
   outer loop
     vertex -2.362310e-01 -2.287836e+00  1.620000e+01
     vertex -2.989067e-01 -2.280494e+00  1.620000e+01
     vertex -2.989067e-01 -2.280494e+00  1.250000e+01
   endloop
 endfacet
 facet normal -1.163452e-01 -9.932088e-01 -0.000000e+00
   outer loop
     vertex -2.362310e-01 -2.287836e+00  1.620000e+01
     vertex -2.989067e-01 -2.280494e+00  1.250000e+01
     vertex -2.362310e-01 -2.287836e+00  1.250000e+01
   endloop
 endfacet
 facet normal -8.905371e-02 -9.960268e-01  0.000000e+00
   outer loop
     vertex -1.733775e-01 -2.293456e+00  1.620000e+01
     vertex -2.362310e-01 -2.287836e+00  1.620000e+01
     vertex -2.362310e-01 -2.287836e+00  1.250000e+01
   endloop
 endfacet
 facet normal -8.905371e-02 -9.960268e-01 -0.000000e+00
   outer loop
     vertex -1.733775e-01 -2.293456e+00  1.620000e+01
     vertex -2.362310e-01 -2.287836e+00  1.250000e+01
     vertex -1.733775e-01 -2.293456e+00  1.250000e+01
   endloop
 endfacet
 facet normal -6.169515e-02 -9.980950e-01  0.000000e+00
   outer loop
     vertex -1.103935e-01 -2.297349e+00  1.620000e+01
     vertex -1.733775e-01 -2.293456e+00  1.620000e+01
     vertex -1.733775e-01 -2.293456e+00  1.250000e+01
   endloop
 endfacet
 facet normal -6.169515e-02 -9.980950e-01 -0.000000e+00
   outer loop
     vertex -1.103935e-01 -2.297349e+00  1.620000e+01
     vertex -1.733775e-01 -2.293456e+00  1.250000e+01
     vertex -1.103935e-01 -2.297349e+00  1.250000e+01
   endloop
 endfacet
 facet normal -3.429014e-02 -9.994119e-01  0.000000e+00
   outer loop
     vertex -4.732633e-02 -2.299513e+00  1.620000e+01
     vertex -1.103935e-01 -2.297349e+00  1.620000e+01
     vertex -1.103935e-01 -2.297349e+00  1.250000e+01
   endloop
 endfacet
 facet normal -3.429014e-02 -9.994119e-01 -0.000000e+00
   outer loop
     vertex -4.732633e-02 -2.299513e+00  1.620000e+01
     vertex -1.103935e-01 -2.297349e+00  1.250000e+01
     vertex -4.732633e-02 -2.299513e+00  1.250000e+01
   endloop
 endfacet
 facet normal -6.859319e-03 -9.999765e-01  0.000000e+00
   outer loop
     vertex  1.577643e-02 -2.299946e+00  1.620000e+01
     vertex -4.732633e-02 -2.299513e+00  1.620000e+01
     vertex -4.732633e-02 -2.299513e+00  1.250000e+01
   endloop
 endfacet
 facet normal -6.859319e-03 -9.999765e-01 -0.000000e+00
   outer loop
     vertex  1.577643e-02 -2.299946e+00  1.620000e+01
     vertex -4.732633e-02 -2.299513e+00  1.250000e+01
     vertex  1.577643e-02 -2.299946e+00  1.250000e+01
   endloop
 endfacet
 facet normal  2.057667e-02 -9.997883e-01  0.000000e+00
   outer loop
     vertex  7.886732e-02 -2.298647e+00  1.620000e+01
     vertex  1.577643e-02 -2.299946e+00  1.620000e+01
     vertex  1.577643e-02 -2.299946e+00  1.250000e+01
   endloop
 endfacet
 facet normal  2.057667e-02 -9.997883e-01  0.000000e+00
   outer loop
     vertex  7.886732e-02 -2.298647e+00  1.620000e+01
     vertex  1.577643e-02 -2.299946e+00  1.250000e+01
     vertex  7.886732e-02 -2.298647e+00  1.250000e+01
   endloop
 endfacet
 facet normal  4.799716e-02 -9.988475e-01  0.000000e+00
   outer loop
     vertex  1.418988e-01 -2.295619e+00  1.620000e+01
     vertex  7.886732e-02 -2.298647e+00  1.250000e+01
     vertex  1.418988e-01 -2.295619e+00  1.250000e+01
   endloop
 endfacet
 facet normal  4.799716e-02 -9.988475e-01  0.000000e+00
   outer loop
     vertex  1.418988e-01 -2.295619e+00  1.620000e+01
     vertex  7.886732e-02 -2.298647e+00  1.620000e+01
     vertex  7.886732e-02 -2.298647e+00  1.250000e+01
   endloop
 endfacet
 facet normal  7.538152e-02 -9.971548e-01  0.000000e+00
   outer loop
     vertex  2.048235e-01 -2.290862e+00  1.620000e+01
     vertex  1.418988e-01 -2.295619e+00  1.250000e+01
     vertex  2.048235e-01 -2.290862e+00  1.250000e+01
   endloop
 endfacet
 facet normal  7.538152e-02 -9.971548e-01  0.000000e+00
   outer loop
     vertex  2.048235e-01 -2.290862e+00  1.620000e+01
     vertex  1.418988e-01 -2.295619e+00  1.620000e+01
     vertex  1.418988e-01 -2.295619e+00  1.250000e+01
   endloop
 endfacet
 facet normal  1.027091e-01 -9.947114e-01  0.000000e+00
   outer loop
     vertex  2.675941e-01 -2.284380e+00  1.620000e+01
     vertex  2.048235e-01 -2.290862e+00  1.250000e+01
     vertex  2.675941e-01 -2.284380e+00  1.250000e+01
   endloop
 endfacet
 facet normal  1.027091e-01 -9.947114e-01  0.000000e+00
   outer loop
     vertex  2.675941e-01 -2.284380e+00  1.620000e+01
     vertex  2.048235e-01 -2.290862e+00  1.620000e+01
     vertex  2.048235e-01 -2.290862e+00  1.250000e+01
   endloop
 endfacet
 facet normal  1.299594e-01 -9.915193e-01  0.000000e+00
   outer loop
     vertex  3.301631e-01 -2.276179e+00  1.620000e+01
     vertex  2.675941e-01 -2.284380e+00  1.250000e+01
     vertex  3.301631e-01 -2.276179e+00  1.250000e+01
   endloop
 endfacet
 facet normal  1.299594e-01 -9.915193e-01  0.000000e+00
   outer loop
     vertex  3.301631e-01 -2.276179e+00  1.620000e+01
     vertex  2.675941e-01 -2.284380e+00  1.620000e+01
     vertex  2.675941e-01 -2.284380e+00  1.250000e+01
   endloop
 endfacet
 facet normal  1.571119e-01 -9.875808e-01  0.000000e+00
   outer loop
     vertex  3.924837e-01 -2.266265e+00  1.620000e+01
     vertex  3.301631e-01 -2.276179e+00  1.250000e+01
     vertex  3.924837e-01 -2.266265e+00  1.250000e+01
   endloop
 endfacet
 facet normal  1.571119e-01 -9.875808e-01  0.000000e+00
   outer loop
     vertex  3.924837e-01 -2.266265e+00  1.620000e+01
     vertex  3.301631e-01 -2.276179e+00  1.620000e+01
     vertex  3.301631e-01 -2.276179e+00  1.250000e+01
   endloop
 endfacet
 facet normal  1.841461e-01 -9.828989e-01  0.000000e+00
   outer loop
     vertex  4.545088e-01 -2.254644e+00  1.620000e+01
     vertex  3.924837e-01 -2.266265e+00  1.250000e+01
     vertex  4.545088e-01 -2.254644e+00  1.250000e+01
   endloop
 endfacet
 facet normal  1.841461e-01 -9.828989e-01  0.000000e+00
   outer loop
     vertex  4.545088e-01 -2.254644e+00  1.620000e+01
     vertex  3.924837e-01 -2.266265e+00  1.620000e+01
     vertex  3.924837e-01 -2.266265e+00  1.250000e+01
   endloop
 endfacet
 facet normal  2.110417e-01 -9.774771e-01  0.000000e+00
   outer loop
     vertex  5.161917e-01 -2.241327e+00  1.620000e+01
     vertex  4.545088e-01 -2.254644e+00  1.250000e+01
     vertex  5.161917e-01 -2.241327e+00  1.250000e+01
   endloop
 endfacet
 facet normal  2.110417e-01 -9.774771e-01  0.000000e+00
   outer loop
     vertex  5.161917e-01 -2.241327e+00  1.620000e+01
     vertex  4.545088e-01 -2.254644e+00  1.620000e+01
     vertex  4.545088e-01 -2.254644e+00  1.250000e+01
   endloop
 endfacet
 facet normal  2.377784e-01 -9.713194e-01  0.000000e+00
   outer loop
     vertex  5.774861e-01 -2.226322e+00  1.620000e+01
     vertex  5.161917e-01 -2.241327e+00  1.250000e+01
     vertex  5.774861e-01 -2.226322e+00  1.250000e+01
   endloop
 endfacet
 facet normal  2.377784e-01 -9.713194e-01  0.000000e+00
   outer loop
     vertex  5.774861e-01 -2.226322e+00  1.620000e+01
     vertex  5.161917e-01 -2.241327e+00  1.620000e+01
     vertex  5.161917e-01 -2.241327e+00  1.250000e+01
   endloop
 endfacet
 facet normal  2.643362e-01 -9.644306e-01  0.000000e+00
   outer loop
     vertex  6.383458e-01 -2.209641e+00  1.620000e+01
     vertex  5.774861e-01 -2.226322e+00  1.250000e+01
     vertex  6.383458e-01 -2.209641e+00  1.250000e+01
   endloop
 endfacet
 facet normal  2.643362e-01 -9.644306e-01  0.000000e+00
   outer loop
     vertex  6.383458e-01 -2.209641e+00  1.620000e+01
     vertex  5.774861e-01 -2.226322e+00  1.620000e+01
     vertex  5.774861e-01 -2.226322e+00  1.250000e+01
   endloop
 endfacet
 facet normal  2.906949e-01 -9.568158e-01  0.000000e+00
   outer loop
     vertex  6.987249e-01 -2.191297e+00  1.620000e+01
     vertex  6.383458e-01 -2.209641e+00  1.250000e+01
     vertex  6.987249e-01 -2.191297e+00  1.250000e+01
   endloop
 endfacet
 facet normal  2.906949e-01 -9.568158e-01  0.000000e+00
   outer loop
     vertex  6.987249e-01 -2.191297e+00  1.620000e+01
     vertex  6.383458e-01 -2.209641e+00  1.620000e+01
     vertex  6.383458e-01 -2.209641e+00  1.250000e+01
   endloop
 endfacet
 facet normal  3.168348e-01 -9.484807e-01  0.000000e+00
   outer loop
     vertex  7.585781e-01 -2.171304e+00  1.620000e+01
     vertex  6.987249e-01 -2.191297e+00  1.250000e+01
     vertex  7.585781e-01 -2.171304e+00  1.250000e+01
   endloop
 endfacet
 facet normal  3.168348e-01 -9.484807e-01  0.000000e+00
   outer loop
     vertex  7.585781e-01 -2.171304e+00  1.620000e+01
     vertex  6.987249e-01 -2.191297e+00  1.620000e+01
     vertex  6.987249e-01 -2.191297e+00  1.250000e+01
   endloop
 endfacet
 facet normal  3.427362e-01 -9.394317e-01  0.000000e+00
   outer loop
     vertex  8.178602e-01 -2.149675e+00  1.620000e+01
     vertex  7.585781e-01 -2.171304e+00  1.250000e+01
     vertex  8.178602e-01 -2.149675e+00  1.250000e+01
   endloop
 endfacet
 facet normal  3.683796e-01 -9.296754e-01  0.000000e+00
   outer loop
     vertex  8.178602e-01 -2.149675e+00  1.620000e+01
     vertex  8.178602e-01 -2.149675e+00  1.250000e+01
     vertex  8.765267e-01 -2.126429e+00  1.250000e+01
   endloop
 endfacet
 facet normal  3.427362e-01 -9.394317e-01  0.000000e+00
   outer loop
     vertex  8.178602e-01 -2.149675e+00  1.620000e+01
     vertex  7.585781e-01 -2.171304e+00  1.620000e+01
     vertex  7.585781e-01 -2.171304e+00  1.250000e+01
   endloop
 endfacet
 facet normal  3.683796e-01 -9.296754e-01  0.000000e+00
   outer loop
     vertex  8.765267e-01 -2.126429e+00  1.620000e+01
     vertex  8.178602e-01 -2.149675e+00  1.620000e+01
     vertex  8.765267e-01 -2.126429e+00  1.250000e+01
   endloop
 endfacet
 facet normal  3.937458e-01 -9.192194e-01  0.000000e+00
   outer loop
     vertex  9.345333e-01 -2.101582e+00  1.620000e+01
     vertex  8.765267e-01 -2.126429e+00  1.620000e+01
     vertex  8.765267e-01 -2.126429e+00  1.250000e+01
   endloop
 endfacet
 facet normal  3.937458e-01 -9.192194e-01  0.000000e+00
   outer loop
     vertex  9.345333e-01 -2.101582e+00  1.620000e+01
     vertex  8.765267e-01 -2.126429e+00  1.250000e+01
     vertex  9.345333e-01 -2.101582e+00  1.250000e+01
   endloop
 endfacet
 facet normal  4.188155e-01 -9.080714e-01  0.000000e+00
   outer loop
     vertex  9.918365e-01 -2.075153e+00  1.620000e+01
     vertex  9.345333e-01 -2.101582e+00  1.620000e+01
     vertex  9.345333e-01 -2.101582e+00  1.250000e+01
   endloop
 endfacet
 facet normal  4.188155e-01 -9.080714e-01  0.000000e+00
   outer loop
     vertex  9.918365e-01 -2.075153e+00  1.620000e+01
     vertex  9.345333e-01 -2.101582e+00  1.250000e+01
     vertex  9.918365e-01 -2.075153e+00  1.250000e+01
   endloop
 endfacet
 facet normal  4.435699e-01 -8.962398e-01  0.000000e+00
   outer loop
     vertex  1.048393e+00 -2.047162e+00  1.620000e+01
     vertex  9.918365e-01 -2.075153e+00  1.620000e+01
     vertex  9.918365e-01 -2.075153e+00  1.250000e+01
   endloop
 endfacet
 facet normal  4.435699e-01 -8.962398e-01  0.000000e+00
   outer loop
     vertex  1.048393e+00 -2.047162e+00  1.620000e+01
     vertex  9.918365e-01 -2.075153e+00  1.250000e+01
     vertex  1.048393e+00 -2.047162e+00  1.250000e+01
   endloop
 endfacet
 facet normal  4.679904e-01 -8.837335e-01  0.000000e+00
   outer loop
     vertex  1.104160e+00 -2.017630e+00  1.620000e+01
     vertex  1.048393e+00 -2.047162e+00  1.620000e+01
     vertex  1.048393e+00 -2.047162e+00  1.250000e+01
   endloop
 endfacet
 facet normal  4.679904e-01 -8.837335e-01  0.000000e+00
   outer loop
     vertex  1.104160e+00 -2.017630e+00  1.620000e+01
     vertex  1.048393e+00 -2.047162e+00  1.250000e+01
     vertex  1.104160e+00 -2.017630e+00  1.250000e+01
   endloop
 endfacet
 facet normal  4.920587e-01 -8.705620e-01  0.000000e+00
   outer loop
     vertex  1.159097e+00 -1.986579e+00  1.620000e+01
     vertex  1.104160e+00 -2.017630e+00  1.250000e+01
     vertex  1.159097e+00 -1.986579e+00  1.250000e+01
   endloop
 endfacet
 facet normal  4.920587e-01 -8.705620e-01  0.000000e+00
   outer loop
     vertex  1.159097e+00 -1.986579e+00  1.620000e+01
     vertex  1.104160e+00 -2.017630e+00  1.620000e+01
     vertex  1.104160e+00 -2.017630e+00  1.250000e+01
   endloop
 endfacet
 facet normal  5.157565e-01 -8.567352e-01  0.000000e+00
   outer loop
     vertex  1.213160e+00 -1.954032e+00  1.620000e+01
     vertex  1.159097e+00 -1.986579e+00  1.620000e+01
     vertex  1.159097e+00 -1.986579e+00  1.250000e+01
   endloop
 endfacet
 facet normal  5.157565e-01 -8.567352e-01  0.000000e+00
   outer loop
     vertex  1.213160e+00 -1.954032e+00  1.620000e+01
     vertex  1.159097e+00 -1.986579e+00  1.250000e+01
     vertex  1.213160e+00 -1.954032e+00  1.250000e+01
   endloop
 endfacet
 facet normal  5.390661e-01 -8.422635e-01  0.000000e+00
   outer loop
     vertex  1.266311e+00 -1.920015e+00  1.620000e+01
     vertex  1.213160e+00 -1.954032e+00  1.250000e+01
     vertex  1.266311e+00 -1.920015e+00  1.250000e+01
   endloop
 endfacet
 facet normal  5.390661e-01 -8.422635e-01  0.000000e+00
   outer loop
     vertex  1.266311e+00 -1.920015e+00  1.620000e+01
     vertex  1.213160e+00 -1.954032e+00  1.620000e+01
     vertex  1.213160e+00 -1.954032e+00  1.250000e+01
   endloop
 endfacet
 facet normal  5.619699e-01 -8.271577e-01  0.000000e+00
   outer loop
     vertex  1.318508e+00 -1.884552e+00  1.620000e+01
     vertex  1.266311e+00 -1.920015e+00  1.250000e+01
     vertex  1.318508e+00 -1.884552e+00  1.250000e+01
   endloop
 endfacet
 facet normal  5.619699e-01 -8.271577e-01  0.000000e+00
   outer loop
     vertex  1.318508e+00 -1.884552e+00  1.620000e+01
     vertex  1.266311e+00 -1.920015e+00  1.620000e+01
     vertex  1.266311e+00 -1.920015e+00  1.250000e+01
   endloop
 endfacet
 facet normal  5.844507e-01 -8.114292e-01  0.000000e+00
   outer loop
     vertex  1.369712e+00 -1.847671e+00  1.620000e+01
     vertex  1.318508e+00 -1.884552e+00  1.250000e+01
     vertex  1.369712e+00 -1.847671e+00  1.250000e+01
   endloop
 endfacet
 facet normal  5.844507e-01 -8.114292e-01  0.000000e+00
   outer loop
     vertex  1.369712e+00 -1.847671e+00  1.620000e+01
     vertex  1.318508e+00 -1.884552e+00  1.620000e+01
     vertex  1.318508e+00 -1.884552e+00  1.250000e+01
   endloop
 endfacet
 facet normal  6.064915e-01 -7.950900e-01  0.000000e+00
   outer loop
     vertex  1.419886e+00 -1.809399e+00  1.620000e+01
     vertex  1.369712e+00 -1.847671e+00  1.250000e+01
     vertex  1.419886e+00 -1.809399e+00  1.250000e+01
   endloop
 endfacet
 facet normal  6.064915e-01 -7.950900e-01  0.000000e+00
   outer loop
     vertex  1.419886e+00 -1.809399e+00  1.620000e+01
     vertex  1.369712e+00 -1.847671e+00  1.620000e+01
     vertex  1.369712e+00 -1.847671e+00  1.250000e+01
   endloop
 endfacet
 facet normal  6.280757e-01 -7.781522e-01  0.000000e+00
   outer loop
     vertex  1.468991e+00 -1.769765e+00  1.620000e+01
     vertex  1.419886e+00 -1.809399e+00  1.250000e+01
     vertex  1.468991e+00 -1.769765e+00  1.250000e+01
   endloop
 endfacet
 facet normal  6.280757e-01 -7.781522e-01  0.000000e+00
   outer loop
     vertex  1.468991e+00 -1.769765e+00  1.620000e+01
     vertex  1.419886e+00 -1.809399e+00  1.620000e+01
     vertex  1.419886e+00 -1.809399e+00  1.250000e+01
   endloop
 endfacet
 facet normal  6.491872e-01 -7.606287e-01  0.000000e+00
   outer loop
     vertex  1.516990e+00 -1.728798e+00  1.620000e+01
     vertex  1.468991e+00 -1.769765e+00  1.250000e+01
     vertex  1.516990e+00 -1.728798e+00  1.250000e+01
   endloop
 endfacet
 facet normal  6.491872e-01 -7.606287e-01  0.000000e+00
   outer loop
     vertex  1.516990e+00 -1.728798e+00  1.620000e+01
     vertex  1.468991e+00 -1.769765e+00  1.620000e+01
     vertex  1.468991e+00 -1.769765e+00  1.250000e+01
   endloop
 endfacet
 facet normal  6.698100e-01 -7.425325e-01  0.000000e+00
   outer loop
     vertex  1.563846e+00 -1.686530e+00  1.620000e+01
     vertex  1.516990e+00 -1.728798e+00  1.250000e+01
     vertex  1.563846e+00 -1.686530e+00  1.250000e+01
   endloop
 endfacet
 facet normal  6.899286e-01 -7.238775e-01  0.000000e+00
   outer loop
     vertex  1.563846e+00 -1.686530e+00  1.620000e+01
     vertex  1.563846e+00 -1.686530e+00  1.250000e+01
     vertex  1.609526e+00 -1.642993e+00  1.250000e+01
   endloop
 endfacet
 facet normal  6.698100e-01 -7.425325e-01  0.000000e+00
   outer loop
     vertex  1.563846e+00 -1.686530e+00  1.620000e+01
     vertex  1.516990e+00 -1.728798e+00  1.620000e+01
     vertex  1.516990e+00 -1.728798e+00  1.250000e+01
   endloop
 endfacet
 facet normal  6.899286e-01 -7.238775e-01  0.000000e+00
   outer loop
     vertex  1.609526e+00 -1.642993e+00  1.620000e+01
     vertex  1.563846e+00 -1.686530e+00  1.620000e+01
     vertex  1.609526e+00 -1.642993e+00  1.250000e+01
   endloop
 endfacet
 facet normal  7.095278e-01 -7.046775e-01  0.000000e+00
   outer loop
     vertex  1.653994e+00 -1.598219e+00  1.620000e+01
     vertex  1.609526e+00 -1.642993e+00  1.250000e+01
     vertex  1.653994e+00 -1.598219e+00  1.250000e+01
   endloop
 endfacet
 facet normal  7.095278e-01 -7.046775e-01  0.000000e+00
   outer loop
     vertex  1.653994e+00 -1.598219e+00  1.620000e+01
     vertex  1.609526e+00 -1.642993e+00  1.620000e+01
     vertex  1.609526e+00 -1.642993e+00  1.250000e+01
   endloop
 endfacet
 facet normal  7.285929e-01 -6.849470e-01  0.000000e+00
   outer loop
     vertex  1.697217e+00 -1.552241e+00  1.620000e+01
     vertex  1.653994e+00 -1.598219e+00  1.250000e+01
     vertex  1.697217e+00 -1.552241e+00  1.250000e+01
   endloop
 endfacet
 facet normal  7.471095e-01 -6.647010e-01  0.000000e+00
   outer loop
     vertex  1.697217e+00 -1.552241e+00  1.620000e+01
     vertex  1.697217e+00 -1.552241e+00  1.250000e+01
     vertex  1.739163e+00 -1.505095e+00  1.250000e+01
   endloop
 endfacet
 facet normal  7.285929e-01 -6.849470e-01  0.000000e+00
   outer loop
     vertex  1.697217e+00 -1.552241e+00  1.620000e+01
     vertex  1.653994e+00 -1.598219e+00  1.620000e+01
     vertex  1.653994e+00 -1.598219e+00  1.250000e+01
   endloop
 endfacet
 facet normal  7.471095e-01 -6.647010e-01  0.000000e+00
   outer loop
     vertex  1.739163e+00 -1.505095e+00  1.620000e+01
     vertex  1.697217e+00 -1.552241e+00  1.620000e+01
     vertex  1.739163e+00 -1.505095e+00  1.250000e+01
   endloop
 endfacet
 facet normal  7.650637e-01 -6.439545e-01  0.000000e+00
   outer loop
     vertex  1.779799e+00 -1.456817e+00  1.620000e+01
     vertex  1.739163e+00 -1.505095e+00  1.250000e+01
     vertex  1.779799e+00 -1.456817e+00  1.250000e+01
   endloop
 endfacet
 facet normal  7.650637e-01 -6.439545e-01  0.000000e+00
   outer loop
     vertex  1.779799e+00 -1.456817e+00  1.620000e+01
     vertex  1.739163e+00 -1.505095e+00  1.620000e+01
     vertex  1.739163e+00 -1.505095e+00  1.250000e+01
   endloop
 endfacet
 facet normal  7.824421e-01 -6.227234e-01  0.000000e+00
   outer loop
     vertex  1.819096e+00 -1.407441e+00  1.620000e+01
     vertex  1.779799e+00 -1.456817e+00  1.250000e+01
     vertex  1.819096e+00 -1.407441e+00  1.250000e+01
   endloop
 endfacet
 facet normal  7.824421e-01 -6.227234e-01  0.000000e+00
   outer loop
     vertex  1.819096e+00 -1.407441e+00  1.620000e+01
     vertex  1.779799e+00 -1.456817e+00  1.620000e+01
     vertex  1.779799e+00 -1.456817e+00  1.250000e+01
   endloop
 endfacet
 facet normal  7.992314e-01 -6.010234e-01  0.000000e+00
   outer loop
     vertex  1.857023e+00 -1.357006e+00  1.620000e+01
     vertex  1.819096e+00 -1.407441e+00  1.250000e+01
     vertex  1.857023e+00 -1.357006e+00  1.250000e+01
   endloop
 endfacet
 facet normal  8.154191e-01 -5.788711e-01  0.000000e+00
   outer loop
     vertex  1.857023e+00 -1.357006e+00  1.620000e+01
     vertex  1.857023e+00 -1.357006e+00  1.250000e+01
     vertex  1.893552e+00 -1.305550e+00  1.250000e+01
   endloop
 endfacet
 facet normal  7.992314e-01 -6.010234e-01  0.000000e+00
   outer loop
     vertex  1.857023e+00 -1.357006e+00  1.620000e+01
     vertex  1.819096e+00 -1.407441e+00  1.620000e+01
     vertex  1.819096e+00 -1.407441e+00  1.250000e+01
   endloop
 endfacet
 facet normal  8.154191e-01 -5.788711e-01  0.000000e+00
   outer loop
     vertex  1.893552e+00 -1.305550e+00  1.620000e+01
     vertex  1.857023e+00 -1.357006e+00  1.620000e+01
     vertex  1.893552e+00 -1.305550e+00  1.250000e+01
   endloop
 endfacet
 facet normal  8.309929e-01 -5.562829e-01  0.000000e+00
   outer loop
     vertex  1.928656e+00 -1.253111e+00  1.620000e+01
     vertex  1.893552e+00 -1.305550e+00  1.250000e+01
     vertex  1.928656e+00 -1.253111e+00  1.250000e+01
   endloop
 endfacet
 facet normal  8.309929e-01 -5.562829e-01  0.000000e+00
   outer loop
     vertex  1.928656e+00 -1.253111e+00  1.620000e+01
     vertex  1.893552e+00 -1.305550e+00  1.620000e+01
     vertex  1.893552e+00 -1.305550e+00  1.250000e+01
   endloop
 endfacet
 facet normal  8.459413e-01 -5.332761e-01  0.000000e+00
   outer loop
     vertex  1.962308e+00 -1.199728e+00  1.620000e+01
     vertex  1.928656e+00 -1.253111e+00  1.250000e+01
     vertex  1.962308e+00 -1.199728e+00  1.250000e+01
   endloop
 endfacet
 facet normal  8.459413e-01 -5.332761e-01  0.000000e+00
   outer loop
     vertex  1.962308e+00 -1.199728e+00  1.620000e+01
     vertex  1.928656e+00 -1.253111e+00  1.620000e+01
     vertex  1.928656e+00 -1.253111e+00  1.250000e+01
   endloop
 endfacet
 facet normal  8.602528e-01 -5.098678e-01  0.000000e+00
   outer loop
     vertex  1.994483e+00 -1.145443e+00  1.620000e+01
     vertex  1.962308e+00 -1.199728e+00  1.250000e+01
     vertex  1.994483e+00 -1.145443e+00  1.250000e+01
   endloop
 endfacet
 facet normal  8.602528e-01 -5.098678e-01  0.000000e+00
   outer loop
     vertex  1.994483e+00 -1.145443e+00  1.620000e+01
     vertex  1.962308e+00 -1.199728e+00  1.620000e+01
     vertex  1.962308e+00 -1.199728e+00  1.250000e+01
   endloop
 endfacet
 facet normal  8.739167e-01 -4.860756e-01  0.000000e+00
   outer loop
     vertex  2.025156e+00 -1.090295e+00  1.620000e+01
     vertex  1.994483e+00 -1.145443e+00  1.250000e+01
     vertex  2.025156e+00 -1.090295e+00  1.250000e+01
   endloop
 endfacet
 facet normal  8.739167e-01 -4.860756e-01  0.000000e+00
   outer loop
     vertex  2.025156e+00 -1.090295e+00  1.620000e+01
     vertex  1.994483e+00 -1.145443e+00  1.620000e+01
     vertex  1.994483e+00 -1.145443e+00  1.250000e+01
   endloop
 endfacet
 facet normal  8.869228e-01 -4.619176e-01  0.000000e+00
   outer loop
     vertex  2.054305e+00 -1.034326e+00  1.620000e+01
     vertex  2.025156e+00 -1.090295e+00  1.620000e+01
     vertex  2.025156e+00 -1.090295e+00  1.250000e+01
   endloop
 endfacet
 facet normal  8.869228e-01 -4.619176e-01  0.000000e+00
   outer loop
     vertex  2.054305e+00 -1.034326e+00  1.620000e+01
     vertex  2.025156e+00 -1.090295e+00  1.250000e+01
     vertex  2.054305e+00 -1.034326e+00  1.250000e+01
   endloop
 endfacet
 facet normal  8.992613e-01 -4.374119e-01  0.000000e+00
   outer loop
     vertex  2.081908e+00 -9.775790e-01  1.620000e+01
     vertex  2.054305e+00 -1.034326e+00  1.620000e+01
     vertex  2.054305e+00 -1.034326e+00  1.250000e+01
   endloop
 endfacet
 facet normal  8.992613e-01 -4.374119e-01  0.000000e+00
   outer loop
     vertex  2.081908e+00 -9.775790e-01  1.620000e+01
     vertex  2.054305e+00 -1.034326e+00  1.250000e+01
     vertex  2.081908e+00 -9.775790e-01  1.250000e+01
   endloop
 endfacet
 facet normal  9.109228e-01 -4.125769e-01  0.000000e+00
   outer loop
     vertex  2.107943e+00 -9.200959e-01  1.620000e+01
     vertex  2.081908e+00 -9.775790e-01  1.620000e+01
     vertex  2.081908e+00 -9.775790e-01  1.250000e+01
   endloop
 endfacet
 facet normal  9.109228e-01 -4.125769e-01  0.000000e+00
   outer loop
     vertex  2.107943e+00 -9.200959e-01  1.620000e+01
     vertex  2.081908e+00 -9.775790e-01  1.250000e+01
     vertex  2.107943e+00 -9.200959e-01  1.250000e+01
   endloop
 endfacet
 facet normal  9.218986e-01 -3.874313e-01  0.000000e+00
   outer loop
     vertex  2.132392e+00 -8.619202e-01  1.620000e+01
     vertex  2.107943e+00 -9.200959e-01  1.620000e+01
     vertex  2.107943e+00 -9.200959e-01  1.250000e+01
   endloop
 endfacet
 facet normal  9.218986e-01 -3.874313e-01  0.000000e+00
   outer loop
     vertex  2.132392e+00 -8.619202e-01  1.620000e+01
     vertex  2.107943e+00 -9.200959e-01  1.250000e+01
     vertex  2.132392e+00 -8.619202e-01  1.250000e+01
   endloop
 endfacet
 facet normal  9.321804e-01 -3.619940e-01  0.000000e+00
   outer loop
     vertex  2.132392e+00 -8.619202e-01  1.620000e+01
     vertex  2.132392e+00 -8.619202e-01  1.250000e+01
     vertex  2.155235e+00 -8.030957e-01  1.250000e+01
   endloop
 endfacet
 facet normal  9.321804e-01 -3.619940e-01  0.000000e+00
   outer loop
     vertex  2.155235e+00 -8.030957e-01  1.620000e+01
     vertex  2.132392e+00 -8.619202e-01  1.620000e+01
     vertex  2.155235e+00 -8.030957e-01  1.250000e+01
   endloop
 endfacet
 facet normal  9.417605e-01 -3.362843e-01  0.000000e+00
   outer loop
     vertex  2.176456e+00 -7.436666e-01  1.620000e+01
     vertex  2.155235e+00 -8.030957e-01  1.620000e+01
     vertex  2.155235e+00 -8.030957e-01  1.250000e+01
   endloop
 endfacet
 facet normal  9.417605e-01 -3.362843e-01  0.000000e+00
   outer loop
     vertex  2.176456e+00 -7.436666e-01  1.620000e+01
     vertex  2.155235e+00 -8.030957e-01  1.250000e+01
     vertex  2.176456e+00 -7.436666e-01  1.250000e+01
   endloop
 endfacet
 facet normal  9.506317e-01 -3.103214e-01  0.000000e+00
   outer loop
     vertex  2.176456e+00 -7.436666e-01  1.620000e+01
     vertex  2.176456e+00 -7.436666e-01  1.250000e+01
     vertex  2.196038e+00 -6.836777e-01  1.250000e+01
   endloop
 endfacet
 facet normal  9.506317e-01 -3.103214e-01  0.000000e+00
   outer loop
     vertex  2.196038e+00 -6.836777e-01  1.620000e+01
     vertex  2.176456e+00 -7.436666e-01  1.620000e+01
     vertex  2.196038e+00 -6.836777e-01  1.250000e+01
   endloop
 endfacet
 facet normal  9.587873e-01 -2.841250e-01  0.000000e+00
   outer loop
     vertex  2.213968e+00 -6.231741e-01  1.620000e+01
     vertex  2.196038e+00 -6.836777e-01  1.620000e+01
     vertex  2.196038e+00 -6.836777e-01  1.250000e+01
   endloop
 endfacet
 facet normal  9.587873e-01 -2.841250e-01  0.000000e+00
   outer loop
     vertex  2.213968e+00 -6.231741e-01  1.620000e+01
     vertex  2.196038e+00 -6.836777e-01  1.250000e+01
     vertex  2.213968e+00 -6.231741e-01  1.250000e+01
   endloop
 endfacet
 facet normal  9.662211e-01 -2.577146e-01  0.000000e+00
   outer loop
     vertex  2.230231e+00 -5.622015e-01  1.620000e+01
     vertex  2.213968e+00 -6.231741e-01  1.620000e+01
     vertex  2.213968e+00 -6.231741e-01  1.250000e+01
   endloop
 endfacet
 facet normal  9.662211e-01 -2.577146e-01  0.000000e+00
   outer loop
     vertex  2.230231e+00 -5.622015e-01  1.620000e+01
     vertex  2.213968e+00 -6.231741e-01  1.250000e+01
     vertex  2.230231e+00 -5.622015e-01  1.250000e+01
   endloop
 endfacet
 facet normal  9.729276e-01 -2.311102e-01  0.000000e+00
   outer loop
     vertex  2.244815e+00 -5.008056e-01  1.620000e+01
     vertex  2.230231e+00 -5.622015e-01  1.620000e+01
     vertex  2.230231e+00 -5.622015e-01  1.250000e+01
   endloop
 endfacet
 facet normal  9.729276e-01 -2.311102e-01  0.000000e+00
   outer loop
     vertex  2.244815e+00 -5.008056e-01  1.620000e+01
     vertex  2.230231e+00 -5.622015e-01  1.250000e+01
     vertex  2.244815e+00 -5.008056e-01  1.250000e+01
   endloop
 endfacet
 facet normal  9.789017e-01 -2.043319e-01  0.000000e+00
   outer loop
     vertex  2.257709e+00 -4.390328e-01  1.620000e+01
     vertex  2.244815e+00 -5.008056e-01  1.620000e+01
     vertex  2.244815e+00 -5.008056e-01  1.250000e+01
   endloop
 endfacet
 facet normal  9.789017e-01 -2.043319e-01  0.000000e+00
   outer loop
     vertex  2.257709e+00 -4.390328e-01  1.620000e+01
     vertex  2.244815e+00 -5.008056e-01  1.250000e+01
     vertex  2.257709e+00 -4.390328e-01  1.250000e+01
   endloop
 endfacet
 facet normal  9.841389e-01 -1.773998e-01  0.000000e+00
   outer loop
     vertex  2.268904e+00 -3.769294e-01  1.620000e+01
     vertex  2.257709e+00 -4.390328e-01  1.620000e+01
     vertex  2.257709e+00 -4.390328e-01  1.250000e+01
   endloop
 endfacet
 facet normal  9.841389e-01 -1.773998e-01  0.000000e+00
   outer loop
     vertex  2.268904e+00 -3.769294e-01  1.620000e+01
     vertex  2.257709e+00 -4.390328e-01  1.250000e+01
     vertex  2.268904e+00 -3.769294e-01  1.250000e+01
   endloop
 endfacet
 facet normal  9.886353e-01 -1.503341e-01  0.000000e+00
   outer loop
     vertex  2.268904e+00 -3.769294e-01  1.620000e+01
     vertex  2.268904e+00 -3.769294e-01  1.250000e+01
     vertex  2.278390e+00 -3.145423e-01  1.250000e+01
   endloop
 endfacet
 facet normal  9.886353e-01 -1.503341e-01  0.000000e+00
   outer loop
     vertex  2.278390e+00 -3.145423e-01  1.620000e+01
     vertex  2.268904e+00 -3.769294e-01  1.620000e+01
     vertex  2.278390e+00 -3.145423e-01  1.250000e+01
   endloop
 endfacet
 facet normal  9.923874e-01 -1.231552e-01  0.000000e+00
   outer loop
     vertex  2.286162e+00 -2.519185e-01  1.620000e+01
     vertex  2.278390e+00 -3.145423e-01  1.250000e+01
     vertex  2.286162e+00 -2.519185e-01  1.250000e+01
   endloop
 endfacet
 facet normal  9.923874e-01 -1.231552e-01  0.000000e+00
   outer loop
     vertex  2.286162e+00 -2.519185e-01  1.620000e+01
     vertex  2.278390e+00 -3.145423e-01  1.620000e+01
     vertex  2.278390e+00 -3.145423e-01  1.250000e+01
   endloop
 endfacet
 facet normal  9.953925e-01 -9.588368e-02  0.000000e+00
   outer loop
     vertex  2.292213e+00 -1.891050e-01  1.620000e+01
     vertex  2.286162e+00 -2.519185e-01  1.250000e+01
     vertex  2.292213e+00 -1.891050e-01  1.250000e+01
   endloop
 endfacet
 facet normal  9.953925e-01 -9.588368e-02  0.000000e+00
   outer loop
     vertex  2.292213e+00 -1.891050e-01  1.620000e+01
     vertex  2.286162e+00 -2.519185e-01  1.620000e+01
     vertex  2.286162e+00 -2.519185e-01  1.250000e+01
   endloop
 endfacet
 facet normal  9.976484e-01 -6.853995e-02  0.000000e+00
   outer loop
     vertex  2.296538e+00 -1.261491e-01  1.620000e+01
     vertex  2.292213e+00 -1.891050e-01  1.250000e+01
     vertex  2.296538e+00 -1.261491e-01  1.250000e+01
   endloop
 endfacet
 facet normal  9.991532e-01 -4.114462e-02  0.000000e+00
   outer loop
     vertex  2.296538e+00 -1.261491e-01  1.620000e+01
     vertex  2.296538e+00 -1.261491e-01  1.250000e+01
     vertex  2.299134e+00 -6.309831e-02  1.250000e+01
   endloop
 endfacet
 facet normal  9.976484e-01 -6.853995e-02  0.000000e+00
   outer loop
     vertex  2.296538e+00 -1.261491e-01  1.620000e+01
     vertex  2.292213e+00 -1.891050e-01  1.620000e+01
     vertex  2.292213e+00 -1.891050e-01  1.250000e+01
   endloop
 endfacet
 facet normal  9.991532e-01 -4.114462e-02  0.000000e+00
   outer loop
     vertex  2.299134e+00 -6.309831e-02  1.620000e+01
     vertex  2.296538e+00 -1.261491e-01  1.620000e+01
     vertex  2.299134e+00 -6.309831e-02  1.250000e+01
   endloop
 endfacet
 facet normal  9.999059e-01 -1.371831e-02  0.000000e+00
   outer loop
     vertex  2.300000e+00 -5.633375e-16  1.620000e+01
     vertex  2.299134e+00 -6.309831e-02  1.250000e+01
     vertex  2.300000e+00 -5.633375e-16  1.250000e+01
   endloop
 endfacet
 facet normal  9.999059e-01 -1.371831e-02  0.000000e+00
   outer loop
     vertex  2.300000e+00 -5.633375e-16  1.620000e+01
     vertex  2.299134e+00 -6.309831e-02  1.620000e+01
     vertex  2.299134e+00 -6.309831e-02  1.250000e+01
   endloop
 endfacet
 facet normal  0.000000e+00  0.000000e+00 -1.000000e+00
   outer loop
     vertex -8.279143e-01 -8.686530e-01  1.170000e+01
     vertex -2.069786e+00 -2.171632e+00  1.170000e+01
     vertex -2.128583e+00 -2.114032e+00  1.170000e+01
   endloop
 endfacet
 facet normal -0.000000e+00  0.000000e+00 -1.000000e+00
   outer loop
     vertex -8.279143e-01 -8.686530e-01  1.170000e+01
     vertex -2.128583e+00 -2.114032e+00  1.170000e+01
     vertex -8.514333e-01 -8.456130e-01  1.170000e+01
   endloop
 endfacet
 facet normal  0.000000e+00  0.000000e+00 -1.000000e+00
   outer loop
     vertex -8.743114e-01 -8.219364e-01  1.170000e+01
     vertex -2.128583e+00 -2.114032e+00  1.170000e+01
     vertex -2.185779e+00 -2.054841e+00  1.170000e+01
   endloop
 endfacet
 facet normal  0.000000e+00 -0.000000e+00 -1.000000e+00
   outer loop
     vertex -8.743114e-01 -8.219364e-01  1.170000e+01
     vertex -8.514333e-01 -8.456130e-01  1.170000e+01
     vertex -2.128583e+00 -2.114032e+00  1.170000e+01
   endloop
 endfacet
 facet normal -0.000000e+00  0.000000e+00 -1.000000e+00
   outer loop
     vertex -8.037720e-01 -8.910390e-01  1.170000e+01
     vertex -2.069786e+00 -2.171632e+00  1.170000e+01
     vertex -8.279143e-01 -8.686530e-01  1.170000e+01
   endloop
 endfacet
 facet normal  0.000000e+00  0.000000e+00 -1.000000e+00
   outer loop
     vertex -8.037720e-01 -8.910390e-01  1.170000e+01
     vertex -2.009430e+00 -2.227598e+00  1.170000e+01
     vertex -2.069786e+00 -2.171632e+00  1.170000e+01
   endloop
 endfacet
 facet normal  0.000000e+00 -0.000000e+00 -1.000000e+00
   outer loop
     vertex -8.965314e-01 -7.976412e-01  1.170000e+01
     vertex -8.743114e-01 -8.219364e-01  1.170000e+01
     vertex -2.185779e+00 -2.054841e+00  1.170000e+01
   endloop
 endfacet
 facet normal  0.000000e+00  0.000000e+00 -1.000000e+00
   outer loop
     vertex -8.965314e-01 -7.976412e-01  1.170000e+01
     vertex -2.185779e+00 -2.054841e+00  1.170000e+01
     vertex -2.241329e+00 -1.994103e+00  1.170000e+01
   endloop
 endfacet
 facet normal  0.000000e+00  0.000000e+00 -1.000000e+00
   outer loop
     vertex -7.790247e-01 -9.127544e-01  1.170000e+01
     vertex -1.947562e+00 -2.281886e+00  1.170000e+01
     vertex -2.009430e+00 -2.227598e+00  1.170000e+01
   endloop
 endfacet
 facet normal -0.000000e+00  0.000000e+00 -1.000000e+00
   outer loop
     vertex -7.790247e-01 -9.127544e-01  1.170000e+01
     vertex -2.009430e+00 -2.227598e+00  1.170000e+01
     vertex -8.037720e-01 -8.910390e-01  1.170000e+01
   endloop
 endfacet
 facet normal  0.000000e+00 -0.000000e+00 -1.000000e+00
   outer loop
     vertex -9.180765e-01 -7.727455e-01  1.170000e+01
     vertex -8.965314e-01 -7.976412e-01  1.170000e+01
     vertex -2.241329e+00 -1.994103e+00  1.170000e+01
   endloop
 endfacet
 facet normal  0.000000e+00  0.000000e+00 -1.000000e+00
   outer loop
     vertex -9.180765e-01 -7.727455e-01  1.170000e+01
     vertex -2.241329e+00 -1.994103e+00  1.170000e+01
     vertex -2.295191e+00 -1.931864e+00  1.170000e+01
   endloop
 endfacet
 facet normal -0.000000e+00  0.000000e+00 -1.000000e+00
   outer loop
     vertex -7.536909e-01 -9.337826e-01  1.170000e+01
     vertex -1.947562e+00 -2.281886e+00  1.170000e+01
     vertex -7.790247e-01 -9.127544e-01  1.170000e+01
   endloop
 endfacet
 facet normal  0.000000e+00  0.000000e+00 -1.000000e+00
   outer loop
     vertex -7.536909e-01 -9.337826e-01  1.170000e+01
     vertex -1.884227e+00 -2.334457e+00  1.170000e+01
     vertex -1.947562e+00 -2.281886e+00  1.170000e+01
   endloop
 endfacet
 facet normal  0.000000e+00  0.000000e+00 -1.000000e+00
   outer loop
     vertex -9.389305e-01 -7.472681e-01  1.170000e+01
     vertex -2.295191e+00 -1.931864e+00  1.170000e+01
     vertex -2.347326e+00 -1.868170e+00  1.170000e+01
   endloop
 endfacet
 facet normal  0.000000e+00 -0.000000e+00 -1.000000e+00
   outer loop
     vertex -9.389305e-01 -7.472681e-01  1.170000e+01
     vertex -9.180765e-01 -7.727455e-01  1.170000e+01
     vertex -2.295191e+00 -1.931864e+00  1.170000e+01
   endloop
 endfacet
 facet normal -0.000000e+00  0.000000e+00 -1.000000e+00
   outer loop
     vertex -7.277898e-01 -9.541080e-01  1.170000e+01
     vertex -1.884227e+00 -2.334457e+00  1.170000e+01
     vertex -7.536909e-01 -9.337826e-01  1.170000e+01
   endloop
 endfacet
 facet normal  0.000000e+00  0.000000e+00 -1.000000e+00
   outer loop
     vertex -7.277898e-01 -9.541080e-01  1.170000e+01
     vertex -1.819474e+00 -2.385270e+00  1.170000e+01
     vertex -1.884227e+00 -2.334457e+00  1.170000e+01
   endloop
 endfacet
 facet normal  0.000000e+00  0.000000e+00 -1.000000e+00
   outer loop
     vertex -9.590777e-01 -7.212281e-01  1.170000e+01
     vertex -2.347326e+00 -1.868170e+00  1.170000e+01
     vertex -2.397694e+00 -1.803070e+00  1.170000e+01
   endloop
 endfacet
 facet normal  0.000000e+00 -0.000000e+00 -1.000000e+00
   outer loop
     vertex -9.590777e-01 -7.212281e-01  1.170000e+01
     vertex -9.389305e-01 -7.472681e-01  1.170000e+01
     vertex -2.347326e+00 -1.868170e+00  1.170000e+01
   endloop
 endfacet
 facet normal  0.000000e+00  0.000000e+00 -1.000000e+00
   outer loop
     vertex -7.013408e-01 -9.737151e-01  1.170000e+01
     vertex -1.753352e+00 -2.434288e+00  1.170000e+01
     vertex -1.819474e+00 -2.385270e+00  1.170000e+01
   endloop
 endfacet
 facet normal -0.000000e+00  0.000000e+00 -1.000000e+00
   outer loop
     vertex -7.013408e-01 -9.737151e-01  1.170000e+01
     vertex -1.819474e+00 -2.385270e+00  1.170000e+01
     vertex -7.277898e-01 -9.541080e-01  1.170000e+01
   endloop
 endfacet
 facet normal  0.000000e+00  0.000000e+00 -1.000000e+00
   outer loop
     vertex -9.785029e-01 -6.946453e-01  1.170000e+01
     vertex -2.397694e+00 -1.803070e+00  1.170000e+01
     vertex -2.446257e+00 -1.736613e+00  1.170000e+01
   endloop
 endfacet
 facet normal  0.000000e+00 -0.000000e+00 -1.000000e+00
   outer loop
     vertex -9.785029e-01 -6.946453e-01  1.170000e+01
     vertex -9.590777e-01 -7.212281e-01  1.170000e+01
     vertex -2.397694e+00 -1.803070e+00  1.170000e+01
   endloop
 endfacet
 facet normal -0.000000e+00  0.000000e+00 -1.000000e+00
   outer loop
     vertex -6.743639e-01 -9.925892e-01  1.170000e+01
     vertex -1.753352e+00 -2.434288e+00  1.170000e+01
     vertex -7.013408e-01 -9.737151e-01  1.170000e+01
   endloop
 endfacet
 facet normal  0.000000e+00  0.000000e+00 -1.000000e+00
   outer loop
     vertex -6.743639e-01 -9.925892e-01  1.170000e+01
     vertex -1.685910e+00 -2.481473e+00  1.170000e+01
     vertex -1.753352e+00 -2.434288e+00  1.170000e+01
   endloop
 endfacet
 facet normal  0.000000e+00  0.000000e+00 -1.000000e+00
   outer loop
     vertex -9.971915e-01 -6.675395e-01  1.170000e+01
     vertex -2.446257e+00 -1.736613e+00  1.170000e+01
     vertex -2.492979e+00 -1.668849e+00  1.170000e+01
   endloop
 endfacet
 facet normal  0.000000e+00 -0.000000e+00 -1.000000e+00
   outer loop
     vertex -9.971915e-01 -6.675395e-01  1.170000e+01
     vertex -9.785029e-01 -6.946453e-01  1.170000e+01
     vertex -2.446257e+00 -1.736613e+00  1.170000e+01
   endloop
 endfacet
 facet normal  0.000000e+00  0.000000e+00 -1.000000e+00
   outer loop
     vertex -6.468793e-01 -1.010716e+00  1.170000e+01
     vertex -1.617198e+00 -2.526790e+00  1.170000e+01
     vertex -1.685910e+00 -2.481473e+00  1.170000e+01
   endloop
 endfacet
 facet normal -0.000000e+00  0.000000e+00 -1.000000e+00
   outer loop
     vertex -6.468793e-01 -1.010716e+00  1.170000e+01
     vertex -1.685910e+00 -2.481473e+00  1.170000e+01
     vertex -6.743639e-01 -9.925892e-01  1.170000e+01
   endloop
 endfacet
 facet normal  0.000000e+00  0.000000e+00 -1.000000e+00
   outer loop
     vertex -1.015130e+00 -6.399313e-01  1.170000e+01
     vertex -2.492979e+00 -1.668849e+00  1.170000e+01
     vertex -2.537824e+00 -1.599828e+00  1.170000e+01
   endloop
 endfacet
 facet normal  0.000000e+00 -0.000000e+00 -1.000000e+00
   outer loop
     vertex -1.015130e+00 -6.399313e-01  1.170000e+01
     vertex -9.971915e-01 -6.675395e-01  1.170000e+01
     vertex -2.492979e+00 -1.668849e+00  1.170000e+01
   endloop
 endfacet
 facet normal  0.000000e+00  0.000000e+00 -1.000000e+00
   outer loop
     vertex -6.189078e-01 -1.028082e+00  1.170000e+01
     vertex -1.547270e+00 -2.570206e+00  1.170000e+01
     vertex -1.617198e+00 -2.526790e+00  1.170000e+01
   endloop
 endfacet
 facet normal -0.000000e+00  0.000000e+00 -1.000000e+00
   outer loop
     vertex -6.189078e-01 -1.028082e+00  1.170000e+01
     vertex -1.617198e+00 -2.526790e+00  1.170000e+01
     vertex -6.468793e-01 -1.010716e+00  1.170000e+01
   endloop
 endfacet
 facet normal  0.000000e+00  0.000000e+00 -1.000000e+00
   outer loop
     vertex -1.032303e+00 -6.118413e-01  1.170000e+01
     vertex -2.537824e+00 -1.599828e+00  1.170000e+01
     vertex -2.580758e+00 -1.529603e+00  1.170000e+01
   endloop
 endfacet
 facet normal  0.000000e+00 -0.000000e+00 -1.000000e+00
   outer loop
     vertex -1.032303e+00 -6.118413e-01  1.170000e+01
     vertex -1.015130e+00 -6.399313e-01  1.170000e+01
     vertex -2.537824e+00 -1.599828e+00  1.170000e+01
   endloop
 endfacet
 facet normal  0.000000e+00  0.000000e+00 -1.000000e+00
   outer loop
     vertex -5.904704e-01 -1.044674e+00  1.170000e+01
     vertex -1.476176e+00 -2.611686e+00  1.170000e+01
     vertex -1.547270e+00 -2.570206e+00  1.170000e+01
   endloop
 endfacet
 facet normal -0.000000e+00  0.000000e+00 -1.000000e+00
   outer loop
     vertex -5.904704e-01 -1.044674e+00  1.170000e+01
     vertex -1.547270e+00 -2.570206e+00  1.170000e+01
     vertex -6.189078e-01 -1.028082e+00  1.170000e+01
   endloop
 endfacet
 facet normal  0.000000e+00  0.000000e+00 -1.000000e+00
   outer loop
     vertex -1.048700e+00 -5.832908e-01  1.170000e+01
     vertex -2.580758e+00 -1.529603e+00  1.170000e+01
     vertex -2.621750e+00 -1.458227e+00  1.170000e+01
   endloop
 endfacet
 facet normal  0.000000e+00 -0.000000e+00 -1.000000e+00
   outer loop
     vertex -1.048700e+00 -5.832908e-01  1.170000e+01
     vertex -1.032303e+00 -6.118413e-01  1.170000e+01
     vertex -2.580758e+00 -1.529603e+00  1.170000e+01
   endloop
 endfacet
 facet normal  0.000000e+00  0.000000e+00 -1.000000e+00
   outer loop
     vertex -5.615885e-01 -1.060480e+00  1.170000e+01
     vertex -1.403971e+00 -2.651201e+00  1.170000e+01
     vertex -1.476176e+00 -2.611686e+00  1.170000e+01
   endloop
 endfacet
 facet normal -0.000000e+00  0.000000e+00 -1.000000e+00
   outer loop
     vertex -5.615885e-01 -1.060480e+00  1.170000e+01
     vertex -1.476176e+00 -2.611686e+00  1.170000e+01
     vertex -5.904704e-01 -1.044674e+00  1.170000e+01
   endloop
 endfacet
 facet normal  0.000000e+00 -0.000000e+00 -1.000000e+00
   outer loop
     vertex -1.064307e+00 -5.543011e-01  1.170000e+01
     vertex -1.048700e+00 -5.832908e-01  1.170000e+01
     vertex -2.621750e+00 -1.458227e+00  1.170000e+01
   endloop
 endfacet
 facet normal  0.000000e+00  0.000000e+00 -1.000000e+00
   outer loop
     vertex -1.064307e+00 -5.543011e-01  1.170000e+01
     vertex -2.621750e+00 -1.458227e+00  1.170000e+01
     vertex -2.660769e+00 -1.385753e+00  1.170000e+01
   endloop
 endfacet
 facet normal  0.000000e+00  0.000000e+00 -1.000000e+00
   outer loop
     vertex -5.322839e-01 -1.075488e+00  1.170000e+01
     vertex -1.330710e+00 -2.688719e+00  1.170000e+01
     vertex -1.403971e+00 -2.651201e+00  1.170000e+01
   endloop
 endfacet
 facet normal -0.000000e+00  0.000000e+00 -1.000000e+00
   outer loop
     vertex -5.322839e-01 -1.075488e+00  1.170000e+01
     vertex -1.403971e+00 -2.651201e+00  1.170000e+01
     vertex -5.615885e-01 -1.060480e+00  1.170000e+01
   endloop
 endfacet
 facet normal  0.000000e+00 -0.000000e+00 -1.000000e+00
   outer loop
     vertex -1.079114e+00 -5.248942e-01  1.170000e+01
     vertex -1.064307e+00 -5.543011e-01  1.170000e+01
     vertex -2.660769e+00 -1.385753e+00  1.170000e+01
   endloop
 endfacet
 facet normal  0.000000e+00  0.000000e+00 -1.000000e+00
   outer loop
     vertex -1.079114e+00 -5.248942e-01  1.170000e+01
     vertex -2.660769e+00 -1.385753e+00  1.170000e+01
     vertex -2.697784e+00 -1.312236e+00  1.170000e+01
   endloop
 endfacet
 facet normal -0.000000e+00  0.000000e+00 -1.000000e+00
   outer loop
     vertex -5.025786e-01 -1.089686e+00  1.170000e+01
     vertex -1.330710e+00 -2.688719e+00  1.170000e+01
     vertex -5.322839e-01 -1.075488e+00  1.170000e+01
   endloop
 endfacet
 facet normal  0.000000e+00  0.000000e+00 -1.000000e+00
   outer loop
     vertex -5.025786e-01 -1.089686e+00  1.170000e+01
     vertex -1.256446e+00 -2.724214e+00  1.170000e+01
     vertex -1.330710e+00 -2.688719e+00  1.170000e+01
   endloop
 endfacet
 facet normal  0.000000e+00 -0.000000e+00 -1.000000e+00
   outer loop
     vertex -1.093107e+00 -4.950922e-01  1.170000e+01
     vertex -1.079114e+00 -5.248942e-01  1.170000e+01
     vertex -2.697784e+00 -1.312236e+00  1.170000e+01
   endloop
 endfacet
 facet normal  0.000000e+00  0.000000e+00 -1.000000e+00
   outer loop
     vertex -1.093107e+00 -4.950922e-01  1.170000e+01
     vertex -2.697784e+00 -1.312236e+00  1.170000e+01
     vertex -2.732768e+00 -1.237731e+00  1.170000e+01
   endloop
 endfacet
 facet normal  0.000000e+00  0.000000e+00 -1.000000e+00
   outer loop
     vertex -4.724949e-01 -1.103063e+00  1.170000e+01
     vertex -1.181237e+00 -2.757658e+00  1.170000e+01
     vertex -1.256446e+00 -2.724214e+00  1.170000e+01
   endloop
 endfacet
 facet normal -0.000000e+00  0.000000e+00 -1.000000e+00
   outer loop
     vertex -4.724949e-01 -1.103063e+00  1.170000e+01
     vertex -1.256446e+00 -2.724214e+00  1.170000e+01
     vertex -5.025786e-01 -1.089686e+00  1.170000e+01
   endloop
 endfacet
 facet normal  0.000000e+00  0.000000e+00 -1.000000e+00
   outer loop
     vertex -1.106278e+00 -4.649175e-01  1.170000e+01
     vertex -2.732768e+00 -1.237731e+00  1.170000e+01
     vertex -2.765696e+00 -1.162294e+00  1.170000e+01
   endloop
 endfacet
 facet normal  0.000000e+00 -0.000000e+00 -1.000000e+00
   outer loop
     vertex -1.106278e+00 -4.649175e-01  1.170000e+01
     vertex -1.093107e+00 -4.950922e-01  1.170000e+01
     vertex -2.732768e+00 -1.237731e+00  1.170000e+01
   endloop
 endfacet
 facet normal -0.000000e+00  0.000000e+00 -1.000000e+00
   outer loop
     vertex -4.420556e-01 -1.115611e+00  1.170000e+01
     vertex -1.181237e+00 -2.757658e+00  1.170000e+01
     vertex -4.724949e-01 -1.103063e+00  1.170000e+01
   endloop
 endfacet
 facet normal  0.000000e+00  0.000000e+00 -1.000000e+00
   outer loop
     vertex -4.420556e-01 -1.115611e+00  1.170000e+01
     vertex -1.105139e+00 -2.789026e+00  1.170000e+01
     vertex -1.181237e+00 -2.757658e+00  1.170000e+01
   endloop
 endfacet
 facet normal  0.000000e+00  0.000000e+00 -1.000000e+00
   outer loop
     vertex -1.118616e+00 -4.343928e-01  1.170000e+01
     vertex -2.765696e+00 -1.162294e+00  1.170000e+01
     vertex -2.796541e+00 -1.085982e+00  1.170000e+01
   endloop
 endfacet
 facet normal  0.000000e+00 -0.000000e+00 -1.000000e+00
   outer loop
     vertex -1.118616e+00 -4.343928e-01  1.170000e+01
     vertex -1.106278e+00 -4.649175e-01  1.170000e+01
     vertex -2.765696e+00 -1.162294e+00  1.170000e+01
   endloop
 endfacet
 facet normal -0.000000e+00  0.000000e+00 -1.000000e+00
   outer loop
     vertex -4.112835e-01 -1.127318e+00  1.170000e+01
     vertex -1.105139e+00 -2.789026e+00  1.170000e+01
     vertex -4.420556e-01 -1.115611e+00  1.170000e+01
   endloop
 endfacet
 facet normal  0.000000e+00  0.000000e+00 -1.000000e+00
   outer loop
     vertex -4.112835e-01 -1.127318e+00  1.170000e+01
     vertex -1.028209e+00 -2.818295e+00  1.170000e+01
     vertex -1.105139e+00 -2.789026e+00  1.170000e+01
   endloop
 endfacet
 facet normal  0.000000e+00 -0.000000e+00 -1.000000e+00
   outer loop
     vertex -1.130113e+00 -4.035412e-01  1.170000e+01
     vertex -1.118616e+00 -4.343928e-01  1.170000e+01
     vertex -2.796541e+00 -1.085982e+00  1.170000e+01
   endloop
 endfacet
 facet normal  0.000000e+00  0.000000e+00 -1.000000e+00
   outer loop
     vertex -1.130113e+00 -4.035412e-01  1.170000e+01
     vertex -2.796541e+00 -1.085982e+00  1.170000e+01
     vertex -2.825282e+00 -1.008853e+00  1.170000e+01
   endloop
 endfacet
 facet normal -0.000000e+00  0.000000e+00 -1.000000e+00
   outer loop
     vertex -3.802018e-01 -1.138177e+00  1.170000e+01
     vertex -1.028209e+00 -2.818295e+00  1.170000e+01
     vertex -4.112835e-01 -1.127318e+00  1.170000e+01
   endloop
 endfacet
 facet normal  0.000000e+00  0.000000e+00 -1.000000e+00
   outer loop
     vertex -3.802018e-01 -1.138177e+00  1.170000e+01
     vertex -9.505045e-01 -2.845442e+00  1.170000e+01
     vertex -1.028209e+00 -2.818295e+00  1.170000e+01
   endloop
 endfacet
 facet normal  0.000000e+00 -0.000000e+00 -1.000000e+00
   outer loop
     vertex -1.140758e+00 -3.723857e-01  1.170000e+01
     vertex -1.130113e+00 -4.035412e-01  1.170000e+01
     vertex -2.825282e+00 -1.008853e+00  1.170000e+01
   endloop
 endfacet
 facet normal  0.000000e+00  0.000000e+00 -1.000000e+00
   outer loop
     vertex -1.140758e+00 -3.723857e-01  1.170000e+01
     vertex -2.825282e+00 -1.008853e+00  1.170000e+01
     vertex -2.851895e+00 -9.309643e-01  1.170000e+01
   endloop
 endfacet
 facet normal  0.000000e+00  0.000000e+00 -1.000000e+00
   outer loop
     vertex -3.488339e-01 -1.148179e+00  1.170000e+01
     vertex -8.720847e-01 -2.870447e+00  1.170000e+01
     vertex -9.505045e-01 -2.845442e+00  1.170000e+01
   endloop
 endfacet
 facet normal -0.000000e+00  0.000000e+00 -1.000000e+00
   outer loop
     vertex -3.488339e-01 -1.148179e+00  1.170000e+01
     vertex -9.505045e-01 -2.845442e+00  1.170000e+01
     vertex -3.802018e-01 -1.138177e+00  1.170000e+01
   endloop
 endfacet
 facet normal  0.000000e+00 -0.000000e+00 -1.000000e+00
   outer loop
     vertex -1.150545e+00 -3.409499e-01  1.170000e+01
     vertex -1.140758e+00 -3.723857e-01  1.170000e+01
     vertex -2.851895e+00 -9.309643e-01  1.170000e+01
   endloop
 endfacet
 facet normal  0.000000e+00  0.000000e+00 -1.000000e+00
   outer loop
     vertex -1.150545e+00 -3.409499e-01  1.170000e+01
     vertex -2.851895e+00 -9.309643e-01  1.170000e+01
     vertex -2.876362e+00 -8.523749e-01  1.170000e+01
   endloop
 endfacet
 facet normal  0.000000e+00  0.000000e+00 -1.000000e+00
   outer loop
     vertex -3.172034e-01 -1.157317e+00  1.170000e+01
     vertex -7.930085e-01 -2.893292e+00  1.170000e+01
     vertex -8.720847e-01 -2.870447e+00  1.170000e+01
   endloop
 endfacet
 facet normal -0.000000e+00  0.000000e+00 -1.000000e+00
   outer loop
     vertex -3.172034e-01 -1.157317e+00  1.170000e+01
     vertex -8.720847e-01 -2.870447e+00  1.170000e+01
     vertex -3.488339e-01 -1.148179e+00  1.170000e+01
   endloop
 endfacet
 facet normal  0.000000e+00  0.000000e+00 -1.000000e+00
   outer loop
     vertex -1.159465e+00 -3.092575e-01  1.170000e+01
     vertex -2.876362e+00 -8.523749e-01  1.170000e+01
     vertex -2.898663e+00 -7.731438e-01  1.170000e+01
   endloop
 endfacet
 facet normal  0.000000e+00 -0.000000e+00 -1.000000e+00
   outer loop
     vertex -1.159465e+00 -3.092575e-01  1.170000e+01
     vertex -1.150545e+00 -3.409499e-01  1.170000e+01
     vertex -2.876362e+00 -8.523749e-01  1.170000e+01
   endloop
 endfacet
 facet normal -0.000000e+00  0.000000e+00 -1.000000e+00
   outer loop
     vertex -2.853341e-01 -1.165583e+00  1.170000e+01
     vertex -7.930085e-01 -2.893292e+00  1.170000e+01
     vertex -3.172034e-01 -1.157317e+00  1.170000e+01
   endloop
 endfacet
 facet normal  0.000000e+00  0.000000e+00 -1.000000e+00
   outer loop
     vertex -2.853341e-01 -1.165583e+00  1.170000e+01
     vertex -7.133353e-01 -2.913958e+00  1.170000e+01
     vertex -7.930085e-01 -2.893292e+00  1.170000e+01
   endloop
 endfacet
 facet normal  0.000000e+00  0.000000e+00 -1.000000e+00
   outer loop
     vertex -1.167513e+00 -2.773323e-01  1.170000e+01
     vertex -2.898663e+00 -7.731438e-01  1.170000e+01
     vertex -2.918783e+00 -6.933307e-01  1.170000e+01
   endloop
 endfacet
 facet normal  0.000000e+00 -0.000000e+00 -1.000000e+00
   outer loop
     vertex -1.167513e+00 -2.773323e-01  1.170000e+01
     vertex -1.159465e+00 -3.092575e-01  1.170000e+01
     vertex -2.898663e+00 -7.731438e-01  1.170000e+01
   endloop
 endfacet
 facet normal -0.000000e+00  0.000000e+00 -1.000000e+00
   outer loop
     vertex -2.532501e-01 -1.172972e+00  1.170000e+01
     vertex -7.133353e-01 -2.913958e+00  1.170000e+01
     vertex -2.853341e-01 -1.165583e+00  1.170000e+01
   endloop
 endfacet
 facet normal  0.000000e+00  0.000000e+00 -1.000000e+00
   outer loop
     vertex -2.532501e-01 -1.172972e+00  1.170000e+01
     vertex -6.331251e-01 -2.932431e+00  1.170000e+01
     vertex -7.133353e-01 -2.913958e+00  1.170000e+01
   endloop
 endfacet
 facet normal  0.000000e+00 -0.000000e+00 -1.000000e+00
   outer loop
     vertex -1.174682e+00 -2.451983e-01  1.170000e+01
     vertex -1.167513e+00 -2.773323e-01  1.170000e+01
     vertex -2.918783e+00 -6.933307e-01  1.170000e+01
   endloop
 endfacet
 facet normal  0.000000e+00  0.000000e+00 -1.000000e+00
   outer loop
     vertex -1.174682e+00 -2.451983e-01  1.170000e+01
     vertex -2.918783e+00 -6.933307e-01  1.170000e+01
     vertex -2.936705e+00 -6.129958e-01  1.170000e+01
   endloop
 endfacet
 facet normal -0.000000e+00  0.000000e+00 -1.000000e+00
   outer loop
     vertex -2.209754e-01 -1.179479e+00  1.170000e+01
     vertex -6.331251e-01 -2.932431e+00  1.170000e+01
     vertex -2.532501e-01 -1.172972e+00  1.170000e+01
   endloop
 endfacet
 facet normal  0.000000e+00  0.000000e+00 -1.000000e+00
   outer loop
     vertex -2.209754e-01 -1.179479e+00  1.170000e+01
     vertex -5.524384e-01 -2.948697e+00  1.170000e+01
     vertex -6.331251e-01 -2.932431e+00  1.170000e+01
   endloop
 endfacet
 facet normal  0.000000e+00  0.000000e+00 -1.000000e+00
   outer loop
     vertex -1.180967e+00 -2.128797e-01  1.170000e+01
     vertex -2.936705e+00 -6.129958e-01  1.170000e+01
     vertex -2.952417e+00 -5.321993e-01  1.170000e+01
   endloop
 endfacet
 facet normal  0.000000e+00 -0.000000e+00 -1.000000e+00
   outer loop
     vertex -1.180967e+00 -2.128797e-01  1.170000e+01
     vertex -1.174682e+00 -2.451983e-01  1.170000e+01
     vertex -2.936705e+00 -6.129958e-01  1.170000e+01
   endloop
 endfacet
 facet normal -0.000000e+00  0.000000e+00 -1.000000e+00
   outer loop
     vertex -1.885343e-01 -1.185097e+00  1.170000e+01
     vertex -5.524384e-01 -2.948697e+00  1.170000e+01
     vertex -2.209754e-01 -1.179479e+00  1.170000e+01
   endloop
 endfacet
 facet normal  0.000000e+00  0.000000e+00 -1.000000e+00
   outer loop
     vertex -1.885343e-01 -1.185097e+00  1.170000e+01
     vertex -4.713358e-01 -2.962742e+00  1.170000e+01
     vertex -5.524384e-01 -2.948697e+00  1.170000e+01
   endloop
 endfacet
 facet normal  0.000000e+00  0.000000e+00 -1.000000e+00
   outer loop
     vertex -1.885343e-01 -1.185097e+00  1.170000e+01
     vertex -3.898783e-01 -2.974558e+00  1.170000e+01
     vertex -4.713358e-01 -2.962742e+00  1.170000e+01
   endloop
 endfacet
 facet normal  0.000000e+00  0.000000e+00 -1.000000e+00
   outer loop
     vertex -1.186362e+00 -1.804009e-01  1.170000e+01
     vertex -2.952417e+00 -5.321993e-01  1.170000e+01
     vertex -2.965906e+00 -4.510023e-01  1.170000e+01
   endloop
 endfacet
 facet normal  0.000000e+00 -0.000000e+00 -1.000000e+00
   outer loop
     vertex -1.186362e+00 -1.804009e-01  1.170000e+01
     vertex -1.180967e+00 -2.128797e-01  1.170000e+01
     vertex -2.952417e+00 -5.321993e-01  1.170000e+01
   endloop
 endfacet
 facet normal -0.000000e+00  0.000000e+00 -1.000000e+00
   outer loop
     vertex -1.559513e-01 -1.189823e+00  1.170000e+01
     vertex -3.898783e-01 -2.974558e+00  1.170000e+01
     vertex -1.885343e-01 -1.185097e+00  1.170000e+01
   endloop
 endfacet
 facet normal  0.000000e+00  0.000000e+00 -1.000000e+00
   outer loop
     vertex -1.190865e+00 -1.477863e-01  1.170000e+01
     vertex -2.965906e+00 -4.510023e-01  1.170000e+01
     vertex -2.977162e+00 -3.694657e-01  1.170000e+01
   endloop
 endfacet
 facet normal  0.000000e+00 -0.000000e+00 -1.000000e+00
   outer loop
     vertex -1.190865e+00 -1.477863e-01  1.170000e+01
     vertex -1.186362e+00 -1.804009e-01  1.170000e+01
     vertex -2.965906e+00 -4.510023e-01  1.170000e+01
   endloop
 endfacet
 facet normal -0.000000e+00  0.000000e+00 -1.000000e+00
   outer loop
     vertex -1.232510e-01 -1.193654e+00  1.170000e+01
     vertex -3.898783e-01 -2.974558e+00  1.170000e+01
     vertex -1.559513e-01 -1.189823e+00  1.170000e+01
   endloop
 endfacet
 facet normal  0.000000e+00  0.000000e+00 -1.000000e+00
   outer loop
     vertex -1.232510e-01 -1.193654e+00  1.170000e+01
     vertex -3.081274e-01 -2.984134e+00  1.170000e+01
     vertex -3.898783e-01 -2.974558e+00  1.170000e+01
   endloop
 endfacet
 facet normal  0.000000e+00  0.000000e+00 -1.000000e+00
   outer loop
     vertex -1.194471e+00 -1.150604e-01  1.170000e+01
     vertex -2.977162e+00 -3.694657e-01  1.170000e+01
     vertex -2.986178e+00 -2.876511e-01  1.170000e+01
   endloop
 endfacet
 facet normal  0.000000e+00 -0.000000e+00 -1.000000e+00
   outer loop
     vertex -1.194471e+00 -1.150604e-01  1.170000e+01
     vertex -1.190865e+00 -1.477863e-01  1.170000e+01
     vertex -2.977162e+00 -3.694657e-01  1.170000e+01
   endloop
 endfacet
 facet normal -0.000000e+00  0.000000e+00 -1.000000e+00
   outer loop
     vertex -9.045783e-02 -1.196586e+00  1.170000e+01
     vertex -3.081274e-01 -2.984134e+00  1.170000e+01
     vertex -1.232510e-01 -1.193654e+00  1.170000e+01
   endloop
 endfacet
 facet normal  0.000000e+00  0.000000e+00 -1.000000e+00
   outer loop
     vertex -9.045783e-02 -1.196586e+00  1.170000e+01
     vertex -2.261446e-01 -2.991464e+00  1.170000e+01
     vertex -3.081274e-01 -2.984134e+00  1.170000e+01
   endloop
 endfacet
 facet normal  0.000000e+00 -0.000000e+00 -1.000000e+00
   outer loop
     vertex -1.197178e+00 -8.224794e-02  1.170000e+01
     vertex -1.194471e+00 -1.150604e-01  1.170000e+01
     vertex -2.986178e+00 -2.876511e-01  1.170000e+01
   endloop
 endfacet
 facet normal  0.000000e+00  0.000000e+00 -1.000000e+00
   outer loop
     vertex -1.197178e+00 -8.224794e-02  1.170000e+01
     vertex -2.986178e+00 -2.876511e-01  1.170000e+01
     vertex -2.992945e+00 -2.056198e-01  1.170000e+01
   endloop
 endfacet
 facet normal -0.000000e+00  0.000000e+00 -1.000000e+00
   outer loop
     vertex -5.759659e-02 -1.198617e+00  1.170000e+01
     vertex -2.261446e-01 -2.991464e+00  1.170000e+01
     vertex -9.045783e-02 -1.196586e+00  1.170000e+01
   endloop
 endfacet
 facet normal  0.000000e+00  0.000000e+00 -1.000000e+00
   outer loop
     vertex -5.759659e-02 -1.198617e+00  1.170000e+01
     vertex -1.439915e-01 -2.996542e+00  1.170000e+01
     vertex -2.261446e-01 -2.991464e+00  1.170000e+01
   endloop
 endfacet
 facet normal  0.000000e+00  0.000000e+00 -1.000000e+00
   outer loop
     vertex -1.198984e+00 -4.937354e-02  1.170000e+01
     vertex -2.992945e+00 -2.056198e-01  1.170000e+01
     vertex -2.997460e+00 -1.234339e-01  1.170000e+01
   endloop
 endfacet
 facet normal  0.000000e+00 -0.000000e+00 -1.000000e+00
   outer loop
     vertex -1.198984e+00 -4.937354e-02  1.170000e+01
     vertex -1.197178e+00 -8.224794e-02  1.170000e+01
     vertex -2.992945e+00 -2.056198e-01  1.170000e+01
   endloop
 endfacet
 facet normal -0.000000e+00  0.000000e+00 -1.000000e+00
   outer loop
     vertex -2.469200e-02 -1.199746e+00  1.170000e+01
     vertex -1.439915e-01 -2.996542e+00  1.170000e+01
     vertex -5.759659e-02 -1.198617e+00  1.170000e+01
   endloop
 endfacet
 facet normal  0.000000e+00  0.000000e+00 -1.000000e+00
   outer loop
     vertex -2.469200e-02 -1.199746e+00  1.170000e+01
     vertex -6.173000e-02 -2.999365e+00  1.170000e+01
     vertex -1.439915e-01 -2.996542e+00  1.170000e+01
   endloop
 endfacet
 facet normal  0.000000e+00 -0.000000e+00 -1.000000e+00
   outer loop
     vertex -1.199887e+00 -1.646198e-02  1.170000e+01
     vertex -1.198984e+00 -4.937354e-02  1.170000e+01
     vertex -2.997460e+00 -1.234339e-01  1.170000e+01
   endloop
 endfacet
 facet normal  0.000000e+00  0.000000e+00 -1.000000e+00
   outer loop
     vertex -1.199887e+00 -1.646198e-02  1.170000e+01
     vertex -2.997460e+00 -1.234339e-01  1.170000e+01
     vertex -2.999718e+00 -4.115494e-02  1.170000e+01
   endloop
 endfacet
 facet normal -0.000000e+00  0.000000e+00 -1.000000e+00
   outer loop
     vertex  8.231183e-03 -1.199972e+00  1.170000e+01
     vertex -6.173000e-02 -2.999365e+00  1.170000e+01
     vertex -2.469200e-02 -1.199746e+00  1.170000e+01
   endloop
 endfacet
 facet normal  0.000000e+00 -0.000000e+00 -1.000000e+00
   outer loop
     vertex  8.231183e-03 -1.199972e+00  1.170000e+01
     vertex  2.057796e-02 -2.999929e+00  1.170000e+01
     vertex -6.173000e-02 -2.999365e+00  1.170000e+01
   endloop
 endfacet
 facet normal -0.000000e+00  0.000000e+00 -1.000000e+00
   outer loop
     vertex -1.199887e+00  1.646198e-02  1.170000e+01
     vertex -2.999718e+00 -4.115494e-02  1.170000e+01
     vertex -2.999718e+00  4.115494e-02  1.170000e+01
   endloop
 endfacet
 facet normal  0.000000e+00 -0.000000e+00 -1.000000e+00
   outer loop
     vertex -1.199887e+00  1.646198e-02  1.170000e+01
     vertex -1.199887e+00 -1.646198e-02  1.170000e+01
     vertex -2.999718e+00 -4.115494e-02  1.170000e+01
   endloop
 endfacet
 facet normal  0.000000e+00  0.000000e+00 -1.000000e+00
   outer loop
     vertex  4.114817e-02 -1.199294e+00  1.170000e+01
     vertex  2.057796e-02 -2.999929e+00  1.170000e+01
     vertex  8.231183e-03 -1.199972e+00  1.170000e+01
   endloop
 endfacet
 facet normal  0.000000e+00 -0.000000e+00 -1.000000e+00
   outer loop
     vertex  4.114817e-02 -1.199294e+00  1.170000e+01
     vertex  1.028704e-01 -2.998236e+00  1.170000e+01
     vertex  2.057796e-02 -2.999929e+00  1.170000e+01
   endloop
 endfacet
 facet normal -0.000000e+00  0.000000e+00 -1.000000e+00
   outer loop
     vertex -1.198984e+00  4.937354e-02  1.170000e+01
     vertex -2.999718e+00  4.115494e-02  1.170000e+01
     vertex -2.997460e+00  1.234339e-01  1.170000e+01
   endloop
 endfacet
 facet normal  0.000000e+00  0.000000e+00 -1.000000e+00
   outer loop
     vertex -1.198984e+00  4.937354e-02  1.170000e+01
     vertex -1.199887e+00  1.646198e-02  1.170000e+01
     vertex -2.999718e+00  4.115494e-02  1.170000e+01
   endloop
 endfacet
 facet normal  0.000000e+00 -0.000000e+00 -1.000000e+00
   outer loop
     vertex  7.403418e-02 -1.197714e+00  1.170000e+01
     vertex  1.028704e-01 -2.998236e+00  1.170000e+01
     vertex  4.114817e-02 -1.199294e+00  1.170000e+01
   endloop
 endfacet
 facet normal  0.000000e+00  0.000000e+00 -1.000000e+00
   outer loop
     vertex  7.403418e-02 -1.197714e+00  1.170000e+01
     vertex  1.850854e-01 -2.994285e+00  1.170000e+01
     vertex  1.028704e-01 -2.998236e+00  1.170000e+01
   endloop
 endfacet
 facet normal  0.000000e+00  0.000000e+00 -1.000000e+00
   outer loop
     vertex -1.197178e+00  8.224794e-02  1.170000e+01
     vertex -2.997460e+00  1.234339e-01  1.170000e+01
     vertex -2.992945e+00  2.056198e-01  1.170000e+01
   endloop
 endfacet
 facet normal -0.000000e+00  0.000000e+00 -1.000000e+00
   outer loop
     vertex -1.197178e+00  8.224794e-02  1.170000e+01
     vertex -1.198984e+00  4.937354e-02  1.170000e+01
     vertex -2.997460e+00  1.234339e-01  1.170000e+01
   endloop
 endfacet
 facet normal  0.000000e+00 -0.000000e+00 -1.000000e+00
   outer loop
     vertex  1.068645e-01 -1.195232e+00  1.170000e+01
     vertex  1.850854e-01 -2.994285e+00  1.170000e+01
     vertex  7.403418e-02 -1.197714e+00  1.170000e+01
   endloop
 endfacet
 facet normal  0.000000e+00  0.000000e+00 -1.000000e+00
   outer loop
     vertex  1.068645e-01 -1.195232e+00  1.170000e+01
     vertex  2.671611e-01 -2.988080e+00  1.170000e+01
     vertex  1.850854e-01 -2.994285e+00  1.170000e+01
   endloop
 endfacet
 facet normal  0.000000e+00  0.000000e+00 -1.000000e+00
   outer loop
     vertex -1.194471e+00  1.150604e-01  1.170000e+01
     vertex -2.992945e+00  2.056198e-01  1.170000e+01
     vertex -2.986178e+00  2.876511e-01  1.170000e+01
   endloop
 endfacet
 facet normal -0.000000e+00  0.000000e+00 -1.000000e+00
   outer loop
     vertex -1.194471e+00  1.150604e-01  1.170000e+01
     vertex -1.197178e+00  8.224794e-02  1.170000e+01
     vertex -2.992945e+00  2.056198e-01  1.170000e+01
   endloop
 endfacet
 facet normal  0.000000e+00 -0.000000e+00 -1.000000e+00
   outer loop
     vertex  1.396143e-01 -1.191851e+00  1.170000e+01
     vertex  2.671611e-01 -2.988080e+00  1.170000e+01
     vertex  1.068645e-01 -1.195232e+00  1.170000e+01
   endloop
 endfacet
 facet normal  0.000000e+00  0.000000e+00 -1.000000e+00
   outer loop
     vertex  1.396143e-01 -1.191851e+00  1.170000e+01
     vertex  3.490357e-01 -2.979626e+00  1.170000e+01
     vertex  2.671611e-01 -2.988080e+00  1.170000e+01
   endloop
 endfacet
 facet normal  0.000000e+00  0.000000e+00 -1.000000e+00
   outer loop
     vertex -1.190865e+00  1.477863e-01  1.170000e+01
     vertex -2.986178e+00  2.876511e-01  1.170000e+01
     vertex -2.977162e+00  3.694657e-01  1.170000e+01
   endloop
 endfacet
 facet normal -0.000000e+00  0.000000e+00 -1.000000e+00
   outer loop
     vertex -1.190865e+00  1.477863e-01  1.170000e+01
     vertex -1.194471e+00  1.150604e-01  1.170000e+01
     vertex -2.986178e+00  2.876511e-01  1.170000e+01
   endloop
 endfacet
 facet normal  0.000000e+00  0.000000e+00 -1.000000e+00
   outer loop
     vertex  1.722590e-01 -1.187572e+00  1.170000e+01
     vertex  4.306476e-01 -2.968930e+00  1.170000e+01
     vertex  3.490357e-01 -2.979626e+00  1.170000e+01
   endloop
 endfacet
 facet normal  0.000000e+00 -0.000000e+00 -1.000000e+00
   outer loop
     vertex  1.722590e-01 -1.187572e+00  1.170000e+01
     vertex  3.490357e-01 -2.979626e+00  1.170000e+01
     vertex  1.396143e-01 -1.191851e+00  1.170000e+01
   endloop
 endfacet
 facet normal  0.000000e+00  0.000000e+00 -1.000000e+00
   outer loop
     vertex -1.186362e+00  1.804009e-01  1.170000e+01
     vertex -2.977162e+00  3.694657e-01  1.170000e+01
     vertex -2.965906e+00  4.510023e-01  1.170000e+01
   endloop
 endfacet
 facet normal -0.000000e+00  0.000000e+00 -1.000000e+00
   outer loop
     vertex -1.186362e+00  1.804009e-01  1.170000e+01
     vertex -1.190865e+00  1.477863e-01  1.170000e+01
     vertex -2.977162e+00  3.694657e-01  1.170000e+01
   endloop
 endfacet
 facet normal  0.000000e+00 -0.000000e+00 -1.000000e+00
   outer loop
     vertex  2.047741e-01 -1.182399e+00  1.170000e+01
     vertex  4.306476e-01 -2.968930e+00  1.170000e+01
     vertex  1.722590e-01 -1.187572e+00  1.170000e+01
   endloop
 endfacet
 facet normal  0.000000e+00  0.000000e+00 -1.000000e+00
   outer loop
     vertex  2.047741e-01 -1.182399e+00  1.170000e+01
     vertex  5.119352e-01 -2.955998e+00  1.170000e+01
     vertex  4.306476e-01 -2.968930e+00  1.170000e+01
   endloop
 endfacet
 facet normal  0.000000e+00  0.000000e+00 -1.000000e+00
   outer loop
     vertex -1.180967e+00  2.128797e-01  1.170000e+01
     vertex -2.965906e+00  4.510023e-01  1.170000e+01
     vertex -2.952417e+00  5.321993e-01  1.170000e+01
   endloop
 endfacet
 facet normal -0.000000e+00  0.000000e+00 -1.000000e+00
   outer loop
     vertex -1.180967e+00  2.128797e-01  1.170000e+01
     vertex -1.186362e+00  1.804009e-01  1.170000e+01
     vertex -2.965906e+00  4.510023e-01  1.170000e+01
   endloop
 endfacet
 facet normal  0.000000e+00 -0.000000e+00 -1.000000e+00
   outer loop
     vertex  2.371350e-01 -1.176336e+00  1.170000e+01
     vertex  5.119352e-01 -2.955998e+00  1.170000e+01
     vertex  2.047741e-01 -1.182399e+00  1.170000e+01
   endloop
 endfacet
 facet normal  0.000000e+00  0.000000e+00 -1.000000e+00
   outer loop
     vertex  2.371350e-01 -1.176336e+00  1.170000e+01
     vertex  5.928375e-01 -2.940841e+00  1.170000e+01
     vertex  5.119352e-01 -2.955998e+00  1.170000e+01
   endloop
 endfacet
 facet normal  0.000000e+00  0.000000e+00 -1.000000e+00
   outer loop
     vertex -1.174682e+00  2.451983e-01  1.170000e+01
     vertex -2.952417e+00  5.321993e-01  1.170000e+01
     vertex -2.936705e+00  6.129958e-01  1.170000e+01
   endloop
 endfacet
 facet normal -0.000000e+00  0.000000e+00 -1.000000e+00
   outer loop
     vertex -1.174682e+00  2.451983e-01  1.170000e+01
     vertex -1.180967e+00  2.128797e-01  1.170000e+01
     vertex -2.952417e+00  5.321993e-01  1.170000e+01
   endloop
 endfacet
 facet normal  0.000000e+00 -0.000000e+00 -1.000000e+00
   outer loop
     vertex  2.693174e-01 -1.169388e+00  1.170000e+01
     vertex  5.928375e-01 -2.940841e+00  1.170000e+01
     vertex  2.371350e-01 -1.176336e+00  1.170000e+01
   endloop
 endfacet
 facet normal  0.000000e+00  0.000000e+00 -1.000000e+00
   outer loop
     vertex  2.693174e-01 -1.169388e+00  1.170000e+01
     vertex  6.732936e-01 -2.923470e+00  1.170000e+01
     vertex  5.928375e-01 -2.940841e+00  1.170000e+01
   endloop
 endfacet
 facet normal  0.000000e+00  0.000000e+00 -1.000000e+00
   outer loop
     vertex -1.167513e+00  2.773323e-01  1.170000e+01
     vertex -2.936705e+00  6.129958e-01  1.170000e+01
     vertex -2.918783e+00  6.933307e-01  1.170000e+01
   endloop
 endfacet
 facet normal -0.000000e+00  0.000000e+00 -1.000000e+00
   outer loop
     vertex -1.167513e+00  2.773323e-01  1.170000e+01
     vertex -1.174682e+00  2.451983e-01  1.170000e+01
     vertex -2.936705e+00  6.129958e-01  1.170000e+01
   endloop
 endfacet
 facet normal  0.000000e+00  0.000000e+00 -1.000000e+00
   outer loop
     vertex  3.012971e-01 -1.161559e+00  1.170000e+01
     vertex  7.532428e-01 -2.903898e+00  1.170000e+01
     vertex  6.732936e-01 -2.923470e+00  1.170000e+01
   endloop
 endfacet
 facet normal  0.000000e+00 -0.000000e+00 -1.000000e+00
   outer loop
     vertex  3.012971e-01 -1.161559e+00  1.170000e+01
     vertex  6.732936e-01 -2.923470e+00  1.170000e+01
     vertex  2.693174e-01 -1.169388e+00  1.170000e+01
   endloop
 endfacet
 facet normal  0.000000e+00  0.000000e+00 -1.000000e+00
   outer loop
     vertex -1.159465e+00  3.092575e-01  1.170000e+01
     vertex -2.918783e+00  6.933307e-01  1.170000e+01
     vertex -2.898663e+00  7.731438e-01  1.170000e+01
   endloop
 endfacet
 facet normal -0.000000e+00  0.000000e+00 -1.000000e+00
   outer loop
     vertex -1.159465e+00  3.092575e-01  1.170000e+01
     vertex -1.167513e+00  2.773323e-01  1.170000e+01
     vertex -2.918783e+00  6.933307e-01  1.170000e+01
   endloop
 endfacet
 facet normal  0.000000e+00  0.000000e+00 -1.000000e+00
   outer loop
     vertex  3.330500e-01 -1.152856e+00  1.170000e+01
     vertex  8.326249e-01 -2.882141e+00  1.170000e+01
     vertex  7.532428e-01 -2.903898e+00  1.170000e+01
   endloop
 endfacet
 facet normal  0.000000e+00 -0.000000e+00 -1.000000e+00
   outer loop
     vertex  3.330500e-01 -1.152856e+00  1.170000e+01
     vertex  7.532428e-01 -2.903898e+00  1.170000e+01
     vertex  3.012971e-01 -1.161559e+00  1.170000e+01
   endloop
 endfacet
 facet normal -0.000000e+00  0.000000e+00 -1.000000e+00
   outer loop
     vertex -1.150545e+00  3.409499e-01  1.170000e+01
     vertex -1.159465e+00  3.092575e-01  1.170000e+01
     vertex -2.898663e+00  7.731438e-01  1.170000e+01
   endloop
 endfacet
 facet normal  0.000000e+00  0.000000e+00 -1.000000e+00
   outer loop
     vertex -1.150545e+00  3.409499e-01  1.170000e+01
     vertex -2.898663e+00  7.731438e-01  1.170000e+01
     vertex -2.876362e+00  8.523749e-01  1.170000e+01
   endloop
 endfacet
 facet normal  0.000000e+00  0.000000e+00 -1.000000e+00
   outer loop
     vertex  3.645521e-01 -1.143286e+00  1.170000e+01
     vertex  9.113803e-01 -2.858214e+00  1.170000e+01
     vertex  8.326249e-01 -2.882141e+00  1.170000e+01
   endloop
 endfacet
 facet normal  0.000000e+00 -0.000000e+00 -1.000000e+00
   outer loop
     vertex  3.645521e-01 -1.143286e+00  1.170000e+01
     vertex  8.326249e-01 -2.882141e+00  1.170000e+01
     vertex  3.330500e-01 -1.152856e+00  1.170000e+01
   endloop
 endfacet
 facet normal -0.000000e+00  0.000000e+00 -1.000000e+00
   outer loop
     vertex -1.140758e+00  3.723857e-01  1.170000e+01
     vertex -1.150545e+00  3.409499e-01  1.170000e+01
     vertex -2.876362e+00  8.523749e-01  1.170000e+01
   endloop
 endfacet
 facet normal  0.000000e+00  0.000000e+00 -1.000000e+00
   outer loop
     vertex -1.140758e+00  3.723857e-01  1.170000e+01
     vertex -2.876362e+00  8.523749e-01  1.170000e+01
     vertex -2.851895e+00  9.309643e-01  1.170000e+01
   endloop
 endfacet
 facet normal  0.000000e+00 -0.000000e+00 -1.000000e+00
   outer loop
     vertex  3.957799e-01 -1.132854e+00  1.170000e+01
     vertex  9.113803e-01 -2.858214e+00  1.170000e+01
     vertex  3.645521e-01 -1.143286e+00  1.170000e+01
   endloop
 endfacet
 facet normal  0.000000e+00  0.000000e+00 -1.000000e+00
   outer loop
     vertex  3.957799e-01 -1.132854e+00  1.170000e+01
     vertex  9.894497e-01 -2.832135e+00  1.170000e+01
     vertex  9.113803e-01 -2.858214e+00  1.170000e+01
   endloop
 endfacet
 facet normal  0.000000e+00  0.000000e+00 -1.000000e+00
   outer loop
     vertex -1.130113e+00  4.035412e-01  1.170000e+01
     vertex -2.851895e+00  9.309643e-01  1.170000e+01
     vertex -2.825282e+00  1.008853e+00  1.170000e+01
   endloop
 endfacet
 facet normal -0.000000e+00  0.000000e+00 -1.000000e+00
   outer loop
     vertex -1.130113e+00  4.035412e-01  1.170000e+01
     vertex -1.140758e+00  3.723857e-01  1.170000e+01
     vertex -2.851895e+00  9.309643e-01  1.170000e+01
   endloop
 endfacet
 facet normal  0.000000e+00  0.000000e+00 -1.000000e+00
   outer loop
     vertex  4.267097e-01 -1.121570e+00  1.170000e+01
     vertex  1.066774e+00 -2.803925e+00  1.170000e+01
     vertex  9.894497e-01 -2.832135e+00  1.170000e+01
   endloop
 endfacet
 facet normal  0.000000e+00 -0.000000e+00 -1.000000e+00
   outer loop
     vertex  4.267097e-01 -1.121570e+00  1.170000e+01
     vertex  9.894497e-01 -2.832135e+00  1.170000e+01
     vertex  3.957799e-01 -1.132854e+00  1.170000e+01
   endloop
 endfacet
 facet normal  0.000000e+00  0.000000e+00 -1.000000e+00
   outer loop
     vertex -1.118616e+00  4.343928e-01  1.170000e+01
     vertex -2.825282e+00  1.008853e+00  1.170000e+01
     vertex -2.796541e+00  1.085982e+00  1.170000e+01
   endloop
 endfacet
 facet normal -0.000000e+00  0.000000e+00 -1.000000e+00
   outer loop
     vertex -1.118616e+00  4.343928e-01  1.170000e+01
     vertex -1.130113e+00  4.035412e-01  1.170000e+01
     vertex -2.825282e+00  1.008853e+00  1.170000e+01
   endloop
 endfacet
 facet normal  0.000000e+00  0.000000e+00 -1.000000e+00
   outer loop
     vertex  4.573183e-01 -1.109441e+00  1.170000e+01
     vertex  1.143296e+00 -2.773603e+00  1.170000e+01
     vertex  1.066774e+00 -2.803925e+00  1.170000e+01
   endloop
 endfacet
 facet normal  0.000000e+00 -0.000000e+00 -1.000000e+00
   outer loop
     vertex  4.573183e-01 -1.109441e+00  1.170000e+01
     vertex  1.066774e+00 -2.803925e+00  1.170000e+01
     vertex  4.267097e-01 -1.121570e+00  1.170000e+01
   endloop
 endfacet
 facet normal  0.000000e+00  0.000000e+00 -1.000000e+00
   outer loop
     vertex -1.106278e+00  4.649175e-01  1.170000e+01
     vertex -2.796541e+00  1.085982e+00  1.170000e+01
     vertex -2.765696e+00  1.162294e+00  1.170000e+01
   endloop
 endfacet
 facet normal -0.000000e+00  0.000000e+00 -1.000000e+00
   outer loop
     vertex -1.106278e+00  4.649175e-01  1.170000e+01
     vertex -1.118616e+00  4.343928e-01  1.170000e+01
     vertex -2.796541e+00  1.085982e+00  1.170000e+01
   endloop
 endfacet
 facet normal  0.000000e+00 -0.000000e+00 -1.000000e+00
   outer loop
     vertex  4.875826e-01 -1.096478e+00  1.170000e+01
     vertex  1.143296e+00 -2.773603e+00  1.170000e+01
     vertex  4.573183e-01 -1.109441e+00  1.170000e+01
   endloop
 endfacet
 facet normal  0.000000e+00  0.000000e+00 -1.000000e+00
   outer loop
     vertex  4.875826e-01 -1.096478e+00  1.170000e+01
     vertex  1.218957e+00 -2.741194e+00  1.170000e+01
     vertex  1.143296e+00 -2.773603e+00  1.170000e+01
   endloop
 endfacet
 facet normal -0.000000e+00  0.000000e+00 -1.000000e+00
   outer loop
     vertex -1.093107e+00  4.950922e-01  1.170000e+01
     vertex -1.106278e+00  4.649175e-01  1.170000e+01
     vertex -2.765696e+00  1.162294e+00  1.170000e+01
   endloop
 endfacet
 facet normal  0.000000e+00  0.000000e+00 -1.000000e+00
   outer loop
     vertex -1.093107e+00  4.950922e-01  1.170000e+01
     vertex -2.765696e+00  1.162294e+00  1.170000e+01
     vertex -2.732768e+00  1.237731e+00  1.170000e+01
   endloop
 endfacet
 facet normal  0.000000e+00  0.000000e+00 -1.000000e+00
   outer loop
     vertex  5.174799e-01 -1.082689e+00  1.170000e+01
     vertex  1.293700e+00 -2.706721e+00  1.170000e+01
     vertex  1.218957e+00 -2.741194e+00  1.170000e+01
   endloop
 endfacet
 facet normal  0.000000e+00 -0.000000e+00 -1.000000e+00
   outer loop
     vertex  5.174799e-01 -1.082689e+00  1.170000e+01
     vertex  1.218957e+00 -2.741194e+00  1.170000e+01
     vertex  4.875826e-01 -1.096478e+00  1.170000e+01
   endloop
 endfacet
 facet normal -0.000000e+00  0.000000e+00 -1.000000e+00
   outer loop
     vertex -1.079114e+00  5.248942e-01  1.170000e+01
     vertex -1.093107e+00  4.950922e-01  1.170000e+01
     vertex -2.732768e+00  1.237731e+00  1.170000e+01
   endloop
 endfacet
 facet normal  0.000000e+00  0.000000e+00 -1.000000e+00
   outer loop
     vertex -1.079114e+00  5.248942e-01  1.170000e+01
     vertex -2.732768e+00  1.237731e+00  1.170000e+01
     vertex -2.697784e+00  1.312236e+00  1.170000e+01
   endloop
 endfacet
 facet normal  0.000000e+00  0.000000e+00 -1.000000e+00
   outer loop
     vertex  5.469877e-01 -1.068084e+00  1.170000e+01
     vertex  1.367469e+00 -2.670211e+00  1.170000e+01
     vertex  1.293700e+00 -2.706721e+00  1.170000e+01
   endloop
 endfacet
 facet normal  0.000000e+00 -0.000000e+00 -1.000000e+00
   outer loop
     vertex  5.469877e-01 -1.068084e+00  1.170000e+01
     vertex  1.293700e+00 -2.706721e+00  1.170000e+01
     vertex  5.174799e-01 -1.082689e+00  1.170000e+01
   endloop
 endfacet
 facet normal -0.000000e+00  0.000000e+00 -1.000000e+00
   outer loop
     vertex -1.064307e+00  5.543011e-01  1.170000e+01
     vertex -1.079114e+00  5.248942e-01  1.170000e+01
     vertex -2.697784e+00  1.312236e+00  1.170000e+01
   endloop
 endfacet
 facet normal  0.000000e+00  0.000000e+00 -1.000000e+00
   outer loop
     vertex -1.064307e+00  5.543011e-01  1.170000e+01
     vertex -2.697784e+00  1.312236e+00  1.170000e+01
     vertex -2.660769e+00  1.385753e+00  1.170000e+01
   endloop
 endfacet
 facet normal  0.000000e+00 -0.000000e+00 -1.000000e+00
   outer loop
     vertex  5.760837e-01 -1.052676e+00  1.170000e+01
     vertex  1.367469e+00 -2.670211e+00  1.170000e+01
     vertex  5.469877e-01 -1.068084e+00  1.170000e+01
   endloop
 endfacet
 facet normal  0.000000e+00  0.000000e+00 -1.000000e+00
   outer loop
     vertex  5.760837e-01 -1.052676e+00  1.170000e+01
     vertex  1.440209e+00 -2.631691e+00  1.170000e+01
     vertex  1.367469e+00 -2.670211e+00  1.170000e+01
   endloop
 endfacet
 facet normal -0.000000e+00  0.000000e+00 -1.000000e+00
   outer loop
     vertex -1.048700e+00  5.832908e-01  1.170000e+01
     vertex -1.064307e+00  5.543011e-01  1.170000e+01
     vertex -2.660769e+00  1.385753e+00  1.170000e+01
   endloop
 endfacet
 facet normal  0.000000e+00  0.000000e+00 -1.000000e+00
   outer loop
     vertex -1.048700e+00  5.832908e-01  1.170000e+01
     vertex -2.660769e+00  1.385753e+00  1.170000e+01
     vertex -2.621750e+00  1.458227e+00  1.170000e+01
   endloop
 endfacet
 facet normal  0.000000e+00 -0.000000e+00 -1.000000e+00
   outer loop
     vertex  6.047460e-01 -1.036476e+00  1.170000e+01
     vertex  1.440209e+00 -2.631691e+00  1.170000e+01
     vertex  5.760837e-01 -1.052676e+00  1.170000e+01
   endloop
 endfacet
 facet normal  0.000000e+00  0.000000e+00 -1.000000e+00
   outer loop
     vertex  6.047460e-01 -1.036476e+00  1.170000e+01
     vertex  1.511865e+00 -2.591190e+00  1.170000e+01
     vertex  1.440209e+00 -2.631691e+00  1.170000e+01
   endloop
 endfacet
 facet normal -0.000000e+00  0.000000e+00 -1.000000e+00
   outer loop
     vertex -1.032303e+00  6.118413e-01  1.170000e+01
     vertex -1.048700e+00  5.832908e-01  1.170000e+01
     vertex -2.621750e+00  1.458227e+00  1.170000e+01
   endloop
 endfacet
 facet normal  0.000000e+00  0.000000e+00 -1.000000e+00
   outer loop
     vertex -1.032303e+00  6.118413e-01  1.170000e+01
     vertex -2.621750e+00  1.458227e+00  1.170000e+01
     vertex -2.580758e+00  1.529603e+00  1.170000e+01
   endloop
 endfacet
 facet normal  0.000000e+00 -0.000000e+00 -1.000000e+00
   outer loop
     vertex  6.329531e-01 -1.019495e+00  1.170000e+01
     vertex  1.511865e+00 -2.591190e+00  1.170000e+01
     vertex  6.047460e-01 -1.036476e+00  1.170000e+01
   endloop
 endfacet
 facet normal  0.000000e+00  0.000000e+00 -1.000000e+00
   outer loop
     vertex  6.329531e-01 -1.019495e+00  1.170000e+01
     vertex  1.582383e+00 -2.548738e+00  1.170000e+01
     vertex  1.511865e+00 -2.591190e+00  1.170000e+01
   endloop
 endfacet
 facet normal -0.000000e+00  0.000000e+00 -1.000000e+00
   outer loop
     vertex -1.015130e+00  6.399313e-01  1.170000e+01
     vertex -1.032303e+00  6.118413e-01  1.170000e+01
     vertex -2.580758e+00  1.529603e+00  1.170000e+01
   endloop
 endfacet
 facet normal  0.000000e+00  0.000000e+00 -1.000000e+00
   outer loop
     vertex -1.015130e+00  6.399313e-01  1.170000e+01
     vertex -2.580758e+00  1.529603e+00  1.170000e+01
     vertex -2.537824e+00  1.599828e+00  1.170000e+01
   endloop
 endfacet
 facet normal  0.000000e+00 -0.000000e+00 -1.000000e+00
   outer loop
     vertex  6.606838e-01 -1.001747e+00  1.170000e+01
     vertex  1.582383e+00 -2.548738e+00  1.170000e+01
     vertex  6.329531e-01 -1.019495e+00  1.170000e+01
   endloop
 endfacet
 facet normal  0.000000e+00  0.000000e+00 -1.000000e+00
   outer loop
     vertex  6.606838e-01 -1.001747e+00  1.170000e+01
     vertex  1.651709e+00 -2.504367e+00  1.170000e+01
     vertex  1.582383e+00 -2.548738e+00  1.170000e+01
   endloop
 endfacet
 facet normal  0.000000e+00  0.000000e+00 -1.000000e+00
   outer loop
     vertex  6.606838e-01 -1.001747e+00  1.170000e+01
     vertex  1.719793e+00 -2.458112e+00  1.170000e+01
     vertex  1.651709e+00 -2.504367e+00  1.170000e+01
   endloop
 endfacet
 facet normal -0.000000e+00  0.000000e+00 -1.000000e+00
   outer loop
     vertex -9.971915e-01  6.675395e-01  1.170000e+01
     vertex -1.015130e+00  6.399313e-01  1.170000e+01
     vertex -2.537824e+00  1.599828e+00  1.170000e+01
   endloop
 endfacet
 facet normal  0.000000e+00  0.000000e+00 -1.000000e+00
   outer loop
     vertex -9.971915e-01  6.675395e-01  1.170000e+01
     vertex -2.537824e+00  1.599828e+00  1.170000e+01
     vertex -2.492979e+00  1.668849e+00  1.170000e+01
   endloop
 endfacet
 facet normal  0.000000e+00 -0.000000e+00 -1.000000e+00
   outer loop
     vertex  6.879171e-01 -9.832447e-01  1.170000e+01
     vertex  1.719793e+00 -2.458112e+00  1.170000e+01
     vertex  6.606838e-01 -1.001747e+00  1.170000e+01
   endloop
 endfacet
 facet normal -0.000000e+00  0.000000e+00 -1.000000e+00
   outer loop
     vertex -9.785029e-01  6.946453e-01  1.170000e+01
     vertex -9.971915e-01  6.675395e-01  1.170000e+01
     vertex -2.492979e+00  1.668849e+00  1.170000e+01
   endloop
 endfacet
 facet normal  0.000000e+00  0.000000e+00 -1.000000e+00
   outer loop
     vertex -9.785029e-01  6.946453e-01  1.170000e+01
     vertex -2.492979e+00  1.668849e+00  1.170000e+01
     vertex -2.446257e+00  1.736613e+00  1.170000e+01
   endloop
 endfacet
 facet normal  0.000000e+00 -0.000000e+00 -1.000000e+00
   outer loop
     vertex  7.146325e-01 -9.640022e-01  1.170000e+01
     vertex  1.719793e+00 -2.458112e+00  1.170000e+01
     vertex  6.879171e-01 -9.832447e-01  1.170000e+01
   endloop
 endfacet
 facet normal  0.000000e+00  0.000000e+00 -1.000000e+00
   outer loop
     vertex  7.146325e-01 -9.640022e-01  1.170000e+01
     vertex  1.786581e+00 -2.410006e+00  1.170000e+01
     vertex  1.719793e+00 -2.458112e+00  1.170000e+01
   endloop
 endfacet
 facet normal -0.000000e+00  0.000000e+00 -1.000000e+00
   outer loop
     vertex -9.590777e-01  7.212281e-01  1.170000e+01
     vertex -9.785029e-01  6.946453e-01  1.170000e+01
     vertex -2.446257e+00  1.736613e+00  1.170000e+01
   endloop
 endfacet
 facet normal  0.000000e+00  0.000000e+00 -1.000000e+00
   outer loop
     vertex -9.590777e-01  7.212281e-01  1.170000e+01
     vertex -2.446257e+00  1.736613e+00  1.170000e+01
     vertex -2.397694e+00  1.803070e+00  1.170000e+01
   endloop
 endfacet
 facet normal  0.000000e+00 -0.000000e+00 -1.000000e+00
   outer loop
     vertex  7.408101e-01 -9.440341e-01  1.170000e+01
     vertex  1.786581e+00 -2.410006e+00  1.170000e+01
     vertex  7.146325e-01 -9.640022e-01  1.170000e+01
   endloop
 endfacet
 facet normal  0.000000e+00  0.000000e+00 -1.000000e+00
   outer loop
     vertex  7.408101e-01 -9.440341e-01  1.170000e+01
     vertex  1.852025e+00 -2.360085e+00  1.170000e+01
     vertex  1.786581e+00 -2.410006e+00  1.170000e+01
   endloop
 endfacet
 facet normal -0.000000e+00  0.000000e+00 -1.000000e+00
   outer loop
     vertex -9.389305e-01  7.472681e-01  1.170000e+01
     vertex -9.590777e-01  7.212281e-01  1.170000e+01
     vertex -2.397694e+00  1.803070e+00  1.170000e+01
   endloop
 endfacet
 facet normal  0.000000e+00  0.000000e+00 -1.000000e+00
   outer loop
     vertex -9.389305e-01  7.472681e-01  1.170000e+01
     vertex -2.397694e+00  1.803070e+00  1.170000e+01
     vertex -2.347326e+00  1.868170e+00  1.170000e+01
   endloop
 endfacet
 facet normal  0.000000e+00 -0.000000e+00 -1.000000e+00
   outer loop
     vertex  7.664299e-01 -9.233554e-01  1.170000e+01
     vertex  1.852025e+00 -2.360085e+00  1.170000e+01
     vertex  7.408101e-01 -9.440341e-01  1.170000e+01
   endloop
 endfacet
 facet normal  0.000000e+00  0.000000e+00 -1.000000e+00
   outer loop
     vertex  7.664299e-01 -9.233554e-01  1.170000e+01
     vertex  1.916075e+00 -2.308389e+00  1.170000e+01
     vertex  1.852025e+00 -2.360085e+00  1.170000e+01
   endloop
 endfacet
 facet normal  0.000000e+00  0.000000e+00 -1.000000e+00
   outer loop
     vertex -9.180765e-01  7.727455e-01  1.170000e+01
     vertex -2.347326e+00  1.868170e+00  1.170000e+01
     vertex -2.295191e+00  1.931864e+00  1.170000e+01
   endloop
 endfacet
 facet normal -0.000000e+00  0.000000e+00 -1.000000e+00
   outer loop
     vertex -9.180765e-01  7.727455e-01  1.170000e+01
     vertex -9.389305e-01  7.472681e-01  1.170000e+01
     vertex -2.347326e+00  1.868170e+00  1.170000e+01
   endloop
 endfacet
 facet normal  0.000000e+00 -0.000000e+00 -1.000000e+00
   outer loop
     vertex  7.914728e-01 -9.019816e-01  1.170000e+01
     vertex  1.916075e+00 -2.308389e+00  1.170000e+01
     vertex  7.664299e-01 -9.233554e-01  1.170000e+01
   endloop
 endfacet
 facet normal  0.000000e+00  0.000000e+00 -1.000000e+00
   outer loop
     vertex  7.914728e-01 -9.019816e-01  1.170000e+01
     vertex  1.978682e+00 -2.254954e+00  1.170000e+01
     vertex  1.916075e+00 -2.308389e+00  1.170000e+01
   endloop
 endfacet
 facet normal -0.000000e+00  0.000000e+00 -1.000000e+00
   outer loop
     vertex -8.965314e-01  7.976412e-01  1.170000e+01
     vertex -9.180765e-01  7.727455e-01  1.170000e+01
     vertex -2.295191e+00  1.931864e+00  1.170000e+01
   endloop
 endfacet
 facet normal  0.000000e+00  0.000000e+00 -1.000000e+00
   outer loop
     vertex -8.965314e-01  7.976412e-01  1.170000e+01
     vertex -2.295191e+00  1.931864e+00  1.170000e+01
     vertex -2.241329e+00  1.994103e+00  1.170000e+01
   endloop
 endfacet
 facet normal  0.000000e+00 -0.000000e+00 -1.000000e+00
   outer loop
     vertex  8.159199e-01 -8.799288e-01  1.170000e+01
     vertex  1.978682e+00 -2.254954e+00  1.170000e+01
     vertex  7.914728e-01 -9.019816e-01  1.170000e+01
   endloop
 endfacet
 facet normal  0.000000e+00  0.000000e+00 -1.000000e+00
   outer loop
     vertex  8.159199e-01 -8.799288e-01  1.170000e+01
     vertex  2.039800e+00 -2.199822e+00  1.170000e+01
     vertex  1.978682e+00 -2.254954e+00  1.170000e+01
   endloop
 endfacet
 facet normal -0.000000e+00  0.000000e+00 -1.000000e+00
   outer loop
     vertex -8.743114e-01  8.219364e-01  1.170000e+01
     vertex -8.965314e-01  7.976412e-01  1.170000e+01
     vertex -2.241329e+00  1.994103e+00  1.170000e+01
   endloop
 endfacet
 facet normal  0.000000e+00  0.000000e+00 -1.000000e+00
   outer loop
     vertex -8.743114e-01  8.219364e-01  1.170000e+01
     vertex -2.241329e+00  1.994103e+00  1.170000e+01
     vertex -2.185779e+00  2.054841e+00  1.170000e+01
   endloop
 endfacet
 facet normal  0.000000e+00 -0.000000e+00 -1.000000e+00
   outer loop
     vertex  8.397528e-01 -8.572136e-01  1.170000e+01
     vertex  2.039800e+00 -2.199822e+00  1.170000e+01
     vertex  8.159199e-01 -8.799288e-01  1.170000e+01
   endloop
 endfacet
 facet normal  0.000000e+00  0.000000e+00 -1.000000e+00
   outer loop
     vertex  8.397528e-01 -8.572136e-01  1.170000e+01
     vertex  2.099382e+00 -2.143034e+00  1.170000e+01
     vertex  2.039800e+00 -2.199822e+00  1.170000e+01
   endloop
 endfacet
 facet normal -0.000000e+00  0.000000e+00 -1.000000e+00
   outer loop
     vertex -8.514333e-01  8.456130e-01  1.170000e+01
     vertex -8.743114e-01  8.219364e-01  1.170000e+01
     vertex -2.185779e+00  2.054841e+00  1.170000e+01
   endloop
 endfacet
 facet normal  0.000000e+00  0.000000e+00 -1.000000e+00
   outer loop
     vertex -8.514333e-01  8.456130e-01  1.170000e+01
     vertex -2.185779e+00  2.054841e+00  1.170000e+01
     vertex -2.128583e+00  2.114032e+00  1.170000e+01
   endloop
 endfacet
 facet normal -0.000000e+00  0.000000e+00 -1.000000e+00
   outer loop
     vertex -8.279143e-01  8.686530e-01  1.170000e+01
     vertex -8.514333e-01  8.456130e-01  1.170000e+01
     vertex -2.128583e+00  2.114032e+00  1.170000e+01
   endloop
 endfacet
 facet normal -0.000000e+00  0.000000e+00 -1.000000e+00
   outer loop
     vertex  2.157384e+00 -2.084633e+00  1.170000e+01
     vertex  2.099382e+00 -2.143034e+00  1.170000e+01
     vertex  8.397528e-01 -8.572136e-01  1.170000e+01
   endloop
 endfacet
 facet normal  0.000000e+00  0.000000e+00 -1.000000e+00
   outer loop
     vertex  2.157384e+00 -2.084633e+00  1.170000e+01
     vertex  8.397528e-01 -8.572136e-01  1.170000e+01
     vertex  8.629536e-01 -8.338532e-01  1.170000e+01
   endloop
 endfacet
 facet normal  0.000000e+00  0.000000e+00 -1.000000e+00
   outer loop
     vertex -2.069786e+00  2.171632e+00  1.170000e+01
     vertex -8.037720e-01  8.910390e-01  1.170000e+01
     vertex -8.279143e-01  8.686530e-01  1.170000e+01
   endloop
 endfacet
 facet normal  0.000000e+00 -0.000000e+00 -1.000000e+00
   outer loop
     vertex -2.069786e+00  2.171632e+00  1.170000e+01
     vertex -8.279143e-01  8.686530e-01  1.170000e+01
     vertex -2.128583e+00  2.114032e+00  1.170000e+01
   endloop
 endfacet
 facet normal -0.000000e+00  0.000000e+00 -1.000000e+00
   outer loop
     vertex  2.213762e+00 -2.024663e+00  1.170000e+01
     vertex  2.157384e+00 -2.084633e+00  1.170000e+01
     vertex  8.629536e-01 -8.338532e-01  1.170000e+01
   endloop
 endfacet
 facet normal  0.000000e+00  0.000000e+00 -1.000000e+00
   outer loop
     vertex  2.213762e+00 -2.024663e+00  1.170000e+01
     vertex  8.629536e-01 -8.338532e-01  1.170000e+01
     vertex  8.855048e-01 -8.098650e-01  1.170000e+01
   endloop
 endfacet
 facet normal  0.000000e+00  0.000000e+00 -1.000000e+00
   outer loop
     vertex  2.213762e+00 -2.024663e+00  1.170000e+01
     vertex  8.855048e-01 -8.098650e-01  1.170000e+01
     vertex  9.073893e-01 -7.852672e-01  1.170000e+01
   endloop
 endfacet
 facet normal  0.000000e+00 -0.000000e+00 -1.000000e+00
   outer loop
     vertex -2.009430e+00  2.227598e+00  1.170000e+01
     vertex -8.037720e-01  8.910390e-01  1.170000e+01
     vertex -2.069786e+00  2.171632e+00  1.170000e+01
   endloop
 endfacet
 facet normal -0.000000e+00  0.000000e+00 -1.000000e+00
   outer loop
     vertex  2.268473e+00 -1.963168e+00  1.170000e+01
     vertex  2.213762e+00 -2.024663e+00  1.170000e+01
     vertex  9.073893e-01 -7.852672e-01  1.170000e+01
   endloop
 endfacet
 facet normal  0.000000e+00  0.000000e+00 -1.000000e+00
   outer loop
     vertex -1.947562e+00  2.281886e+00  1.170000e+01
     vertex -7.790247e-01  9.127544e-01  1.170000e+01
     vertex -8.037720e-01  8.910390e-01  1.170000e+01
   endloop
 endfacet
 facet normal  0.000000e+00 -0.000000e+00 -1.000000e+00
   outer loop
     vertex -1.947562e+00  2.281886e+00  1.170000e+01
     vertex -8.037720e-01  8.910390e-01  1.170000e+01
     vertex -2.009430e+00  2.227598e+00  1.170000e+01
   endloop
 endfacet
 facet normal -0.000000e+00  0.000000e+00 -1.000000e+00
   outer loop
     vertex  2.321477e+00 -1.900196e+00  1.170000e+01
     vertex  2.268473e+00 -1.963168e+00  1.170000e+01
     vertex  9.073893e-01 -7.852672e-01  1.170000e+01
   endloop
 endfacet
 facet normal  0.000000e+00  0.000000e+00 -1.000000e+00
   outer loop
     vertex  2.321477e+00 -1.900196e+00  1.170000e+01
     vertex  9.073893e-01 -7.852672e-01  1.170000e+01
     vertex  9.285909e-01 -7.600783e-01  1.170000e+01
   endloop
 endfacet
 facet normal  0.000000e+00  0.000000e+00 -1.000000e+00
   outer loop
     vertex -1.884227e+00  2.334457e+00  1.170000e+01
     vertex -7.277898e-01  9.541080e-01  1.170000e+01
     vertex -7.536909e-01  9.337826e-01  1.170000e+01
   endloop
 endfacet
 facet normal  0.000000e+00  0.000000e+00 -1.000000e+00
   outer loop
     vertex -1.884227e+00  2.334457e+00  1.170000e+01
     vertex -7.536909e-01  9.337826e-01  1.170000e+01
     vertex -7.790247e-01  9.127544e-01  1.170000e+01
   endloop
 endfacet
 facet normal  0.000000e+00 -0.000000e+00 -1.000000e+00
   outer loop
     vertex -1.884227e+00  2.334457e+00  1.170000e+01
     vertex -7.790247e-01  9.127544e-01  1.170000e+01
     vertex -1.947562e+00  2.281886e+00  1.170000e+01
   endloop
 endfacet
 facet normal  0.000000e+00  0.000000e+00 -1.000000e+00
   outer loop
     vertex  2.372733e+00 -1.835793e+00  1.170000e+01
     vertex  9.285909e-01 -7.600783e-01  1.170000e+01
     vertex  9.490934e-01 -7.343172e-01  1.170000e+01
   endloop
 endfacet
 facet normal -0.000000e+00  0.000000e+00 -1.000000e+00
   outer loop
     vertex  2.372733e+00 -1.835793e+00  1.170000e+01
     vertex  2.321477e+00 -1.900196e+00  1.170000e+01
     vertex  9.285909e-01 -7.600783e-01  1.170000e+01
   endloop
 endfacet
 facet normal  0.000000e+00 -0.000000e+00 -1.000000e+00
   outer loop
     vertex -1.819474e+00  2.385270e+00  1.170000e+01
     vertex -7.277898e-01  9.541080e-01  1.170000e+01
     vertex -1.884227e+00  2.334457e+00  1.170000e+01
   endloop
 endfacet
 facet normal  0.000000e+00  0.000000e+00 -1.000000e+00
   outer loop
     vertex  2.422204e+00 -1.770008e+00  1.170000e+01
     vertex  9.490934e-01 -7.343172e-01  1.170000e+01
     vertex  9.688815e-01 -7.080033e-01  1.170000e+01
   endloop
 endfacet
 facet normal -0.000000e+00  0.000000e+00 -1.000000e+00
   outer loop
     vertex  2.422204e+00 -1.770008e+00  1.170000e+01
     vertex  2.372733e+00 -1.835793e+00  1.170000e+01
     vertex  9.490934e-01 -7.343172e-01  1.170000e+01
   endloop
 endfacet
 facet normal  0.000000e+00  0.000000e+00 -1.000000e+00
   outer loop
     vertex -1.753352e+00  2.434288e+00  1.170000e+01
     vertex -7.013408e-01  9.737151e-01  1.170000e+01
     vertex -7.277898e-01  9.541080e-01  1.170000e+01
   endloop
 endfacet
 facet normal  0.000000e+00 -0.000000e+00 -1.000000e+00
   outer loop
     vertex -1.753352e+00  2.434288e+00  1.170000e+01
     vertex -7.277898e-01  9.541080e-01  1.170000e+01
     vertex -1.819474e+00  2.385270e+00  1.170000e+01
   endloop
 endfacet
 facet normal  0.000000e+00  0.000000e+00 -1.000000e+00
   outer loop
     vertex  2.469850e+00 -1.702891e+00  1.170000e+01
     vertex  9.688815e-01 -7.080033e-01  1.170000e+01
     vertex  9.879402e-01 -6.811565e-01  1.170000e+01
   endloop
 endfacet
 facet normal -0.000000e+00  0.000000e+00 -1.000000e+00
   outer loop
     vertex  2.469850e+00 -1.702891e+00  1.170000e+01
     vertex  2.422204e+00 -1.770008e+00  1.170000e+01
     vertex  9.688815e-01 -7.080033e-01  1.170000e+01
   endloop
 endfacet
 facet normal  0.000000e+00  0.000000e+00 -1.000000e+00
   outer loop
     vertex -1.685910e+00  2.481473e+00  1.170000e+01
     vertex -6.743639e-01  9.925892e-01  1.170000e+01
     vertex -7.013408e-01  9.737151e-01  1.170000e+01
   endloop
 endfacet
 facet normal  0.000000e+00 -0.000000e+00 -1.000000e+00
   outer loop
     vertex -1.685910e+00  2.481473e+00  1.170000e+01
     vertex -7.013408e-01  9.737151e-01  1.170000e+01
     vertex -1.753352e+00  2.434288e+00  1.170000e+01
   endloop
 endfacet
 facet normal  0.000000e+00  0.000000e+00 -1.000000e+00
   outer loop
     vertex  2.515638e+00 -1.634492e+00  1.170000e+01
     vertex  9.879402e-01 -6.811565e-01  1.170000e+01
     vertex  1.006255e+00 -6.537969e-01  1.170000e+01
   endloop
 endfacet
 facet normal -0.000000e+00  0.000000e+00 -1.000000e+00
   outer loop
     vertex  2.515638e+00 -1.634492e+00  1.170000e+01
     vertex  2.469850e+00 -1.702891e+00  1.170000e+01
     vertex  9.879402e-01 -6.811565e-01  1.170000e+01
   endloop
 endfacet
 facet normal  0.000000e+00  0.000000e+00 -1.000000e+00
   outer loop
     vertex -1.617198e+00  2.526790e+00  1.170000e+01
     vertex -6.189078e-01  1.028082e+00  1.170000e+01
     vertex -6.468793e-01  1.010716e+00  1.170000e+01
   endloop
 endfacet
 facet normal  0.000000e+00  0.000000e+00 -1.000000e+00
   outer loop
     vertex -1.617198e+00  2.526790e+00  1.170000e+01
     vertex -6.468793e-01  1.010716e+00  1.170000e+01
     vertex -6.743639e-01  9.925892e-01  1.170000e+01
   endloop
 endfacet
 facet normal  0.000000e+00 -0.000000e+00 -1.000000e+00
   outer loop
     vertex -1.617198e+00  2.526790e+00  1.170000e+01
     vertex -6.743639e-01  9.925892e-01  1.170000e+01
     vertex -1.685910e+00  2.481473e+00  1.170000e+01
   endloop
 endfacet
 facet normal  0.000000e+00  0.000000e+00 -1.000000e+00
   outer loop
     vertex  2.559532e+00 -1.564863e+00  1.170000e+01
     vertex  1.006255e+00 -6.537969e-01  1.170000e+01
     vertex  1.023813e+00 -6.259452e-01  1.170000e+01
   endloop
 endfacet
 facet normal -0.000000e+00  0.000000e+00 -1.000000e+00
   outer loop
     vertex  2.559532e+00 -1.564863e+00  1.170000e+01
     vertex  2.515638e+00 -1.634492e+00  1.170000e+01
     vertex  1.006255e+00 -6.537969e-01  1.170000e+01
   endloop
 endfacet
 facet normal  0.000000e+00 -0.000000e+00 -1.000000e+00
   outer loop
     vertex -1.547270e+00  2.570206e+00  1.170000e+01
     vertex -6.189078e-01  1.028082e+00  1.170000e+01
     vertex -1.617198e+00  2.526790e+00  1.170000e+01
   endloop
 endfacet
 facet normal  0.000000e+00  0.000000e+00 -1.000000e+00
   outer loop
     vertex  2.601499e+00 -1.494056e+00  1.170000e+01
     vertex  1.023813e+00 -6.259452e-01  1.170000e+01
     vertex  1.040600e+00 -5.976223e-01  1.170000e+01
   endloop
 endfacet
 facet normal -0.000000e+00  0.000000e+00 -1.000000e+00
   outer loop
     vertex  2.601499e+00 -1.494056e+00  1.170000e+01
     vertex  2.559532e+00 -1.564863e+00  1.170000e+01
     vertex  1.023813e+00 -6.259452e-01  1.170000e+01
   endloop
 endfacet
 facet normal  0.000000e+00  0.000000e+00 -1.000000e+00
   outer loop
     vertex -1.476176e+00  2.611686e+00  1.170000e+01
     vertex -5.904704e-01  1.044674e+00  1.170000e+01
     vertex -6.189078e-01  1.028082e+00  1.170000e+01
   endloop
 endfacet
 facet normal  0.000000e+00 -0.000000e+00 -1.000000e+00
   outer loop
     vertex -1.476176e+00  2.611686e+00  1.170000e+01
     vertex -6.189078e-01  1.028082e+00  1.170000e+01
     vertex -1.547270e+00  2.570206e+00  1.170000e+01
   endloop
 endfacet
 facet normal  0.000000e+00  0.000000e+00 -1.000000e+00
   outer loop
     vertex  2.641508e+00 -1.422124e+00  1.170000e+01
     vertex  1.040600e+00 -5.976223e-01  1.170000e+01
     vertex  1.056603e+00 -5.688495e-01  1.170000e+01
   endloop
 endfacet
 facet normal  0.000000e+00  0.000000e+00 -1.000000e+00
   outer loop
     vertex  2.641508e+00 -1.422124e+00  1.170000e+01
     vertex  1.056603e+00 -5.688495e-01  1.170000e+01
     vertex  1.071811e+00 -5.396485e-01  1.170000e+01
   endloop
 endfacet
 facet normal -0.000000e+00  0.000000e+00 -1.000000e+00
   outer loop
     vertex  2.641508e+00 -1.422124e+00  1.170000e+01
     vertex  2.601499e+00 -1.494056e+00  1.170000e+01
     vertex  1.040600e+00 -5.976223e-01  1.170000e+01
   endloop
 endfacet
 facet normal  0.000000e+00  0.000000e+00 -1.000000e+00
   outer loop
     vertex -1.403971e+00  2.651201e+00  1.170000e+01
     vertex -5.615885e-01  1.060480e+00  1.170000e+01
     vertex -5.904704e-01  1.044674e+00  1.170000e+01
   endloop
 endfacet
 facet normal  0.000000e+00 -0.000000e+00 -1.000000e+00
   outer loop
     vertex -1.403971e+00  2.651201e+00  1.170000e+01
     vertex -5.904704e-01  1.044674e+00  1.170000e+01
     vertex -1.476176e+00  2.611686e+00  1.170000e+01
   endloop
 endfacet
 facet normal -0.000000e+00  0.000000e+00 -1.000000e+00
   outer loop
     vertex  2.679528e+00 -1.349121e+00  1.170000e+01
     vertex  2.641508e+00 -1.422124e+00  1.170000e+01
     vertex  1.071811e+00 -5.396485e-01  1.170000e+01
   endloop
 endfacet
 facet normal  0.000000e+00  0.000000e+00 -1.000000e+00
   outer loop
     vertex -1.330710e+00  2.688719e+00  1.170000e+01
     vertex -5.322839e-01  1.075488e+00  1.170000e+01
     vertex -5.615885e-01  1.060480e+00  1.170000e+01
   endloop
 endfacet
 facet normal  0.000000e+00 -0.000000e+00 -1.000000e+00
   outer loop
     vertex -1.330710e+00  2.688719e+00  1.170000e+01
     vertex -5.615885e-01  1.060480e+00  1.170000e+01
     vertex -1.403971e+00  2.651201e+00  1.170000e+01
   endloop
 endfacet
 facet normal  0.000000e+00  0.000000e+00 -1.000000e+00
   outer loop
     vertex  2.715532e+00 -1.275103e+00  1.170000e+01
     vertex  1.071811e+00 -5.396485e-01  1.170000e+01
     vertex  1.086213e+00 -5.100412e-01  1.170000e+01
   endloop
 endfacet
 facet normal  0.000000e+00  0.000000e+00 -1.000000e+00
   outer loop
     vertex  2.715532e+00 -1.275103e+00  1.170000e+01
     vertex  1.086213e+00 -5.100412e-01  1.170000e+01
     vertex  1.099796e+00 -4.800501e-01  1.170000e+01
   endloop
 endfacet
 facet normal -0.000000e+00  0.000000e+00 -1.000000e+00
   outer loop
     vertex  2.715532e+00 -1.275103e+00  1.170000e+01
     vertex  2.679528e+00 -1.349121e+00  1.170000e+01
     vertex  1.071811e+00 -5.396485e-01  1.170000e+01
   endloop
 endfacet
 facet normal  0.000000e+00  0.000000e+00 -1.000000e+00
   outer loop
     vertex -1.256446e+00  2.724214e+00  1.170000e+01
     vertex -5.025786e-01  1.089686e+00  1.170000e+01
     vertex -5.322839e-01  1.075488e+00  1.170000e+01
   endloop
 endfacet
 facet normal  0.000000e+00 -0.000000e+00 -1.000000e+00
   outer loop
     vertex -1.256446e+00  2.724214e+00  1.170000e+01
     vertex -5.322839e-01  1.075488e+00  1.170000e+01
     vertex -1.330710e+00  2.688719e+00  1.170000e+01
   endloop
 endfacet
 facet normal  0.000000e+00  0.000000e+00 -1.000000e+00
   outer loop
     vertex -1.256446e+00  2.724214e+00  1.170000e+01
     vertex -4.724949e-01  1.103063e+00  1.170000e+01
     vertex -5.025786e-01  1.089686e+00  1.170000e+01
   endloop
 endfacet
 facet normal  0.000000e+00  0.000000e+00 -1.000000e+00
   outer loop
     vertex  2.749491e+00 -1.200125e+00  1.170000e+01
     vertex  1.099796e+00 -4.800501e-01  1.170000e+01
     vertex  1.112552e+00 -4.496975e-01  1.170000e+01
   endloop
 endfacet
 facet normal -0.000000e+00  0.000000e+00 -1.000000e+00
   outer loop
     vertex  2.749491e+00 -1.200125e+00  1.170000e+01
     vertex  2.715532e+00 -1.275103e+00  1.170000e+01
     vertex  1.099796e+00 -4.800501e-01  1.170000e+01
   endloop
 endfacet
 facet normal  0.000000e+00 -0.000000e+00 -1.000000e+00
   outer loop
     vertex -1.181237e+00  2.757658e+00  1.170000e+01
     vertex -4.724949e-01  1.103063e+00  1.170000e+01
     vertex -1.256446e+00  2.724214e+00  1.170000e+01
   endloop
 endfacet
 facet normal  0.000000e+00  0.000000e+00 -1.000000e+00
   outer loop
     vertex  2.781380e+00 -1.124244e+00  1.170000e+01
     vertex  1.112552e+00 -4.496975e-01  1.170000e+01
     vertex  1.124470e+00 -4.190064e-01  1.170000e+01
   endloop
 endfacet
 facet normal -0.000000e+00  0.000000e+00 -1.000000e+00
   outer loop
     vertex  2.781380e+00 -1.124244e+00  1.170000e+01
     vertex  2.749491e+00 -1.200125e+00  1.170000e+01
     vertex  1.112552e+00 -4.496975e-01  1.170000e+01
   endloop
 endfacet
 facet normal  0.000000e+00 -0.000000e+00 -1.000000e+00
   outer loop
     vertex -1.105139e+00  2.789026e+00  1.170000e+01
     vertex -4.724949e-01  1.103063e+00  1.170000e+01
     vertex -1.181237e+00  2.757658e+00  1.170000e+01
   endloop
 endfacet
 facet normal  0.000000e+00  0.000000e+00 -1.000000e+00
   outer loop
     vertex -1.105139e+00  2.789026e+00  1.170000e+01
     vertex -4.420556e-01  1.115611e+00  1.170000e+01
     vertex -4.724949e-01  1.103063e+00  1.170000e+01
   endloop
 endfacet
 facet normal -0.000000e+00  0.000000e+00 -1.000000e+00
   outer loop
     vertex  2.811176e+00 -1.047516e+00  1.170000e+01
     vertex  2.781380e+00 -1.124244e+00  1.170000e+01
     vertex  1.124470e+00 -4.190064e-01  1.170000e+01
   endloop
 endfacet
 facet normal  0.000000e+00  0.000000e+00 -1.000000e+00
   outer loop
     vertex  2.811176e+00 -1.047516e+00  1.170000e+01
     vertex  1.124470e+00 -4.190064e-01  1.170000e+01
     vertex  1.135542e+00 -3.880000e-01  1.170000e+01
   endloop
 endfacet
 facet normal  0.000000e+00 -0.000000e+00 -1.000000e+00
   outer loop
     vertex -1.028209e+00  2.818295e+00  1.170000e+01
     vertex -4.420556e-01  1.115611e+00  1.170000e+01
     vertex -1.105139e+00  2.789026e+00  1.170000e+01
   endloop
 endfacet
 facet normal  0.000000e+00  0.000000e+00 -1.000000e+00
   outer loop
     vertex -1.028209e+00  2.818295e+00  1.170000e+01
     vertex -4.112835e-01  1.127318e+00  1.170000e+01
     vertex -4.420556e-01  1.115611e+00  1.170000e+01
   endloop
 endfacet
 facet normal -0.000000e+00  0.000000e+00 -1.000000e+00
   outer loop
     vertex  2.838855e+00 -9.699999e-01  1.170000e+01
     vertex  2.811176e+00 -1.047516e+00  1.170000e+01
     vertex  1.135542e+00 -3.880000e-01  1.170000e+01
   endloop
 endfacet
 facet normal  0.000000e+00 -0.000000e+00 -1.000000e+00
   outer loop
     vertex -9.505045e-01  2.845442e+00  1.170000e+01
     vertex -4.112835e-01  1.127318e+00  1.170000e+01
     vertex -1.028209e+00  2.818295e+00  1.170000e+01
   endloop
 endfacet
 facet normal  0.000000e+00  0.000000e+00 -1.000000e+00
   outer loop
     vertex -9.505045e-01  2.845442e+00  1.170000e+01
     vertex -3.802018e-01  1.138177e+00  1.170000e+01
     vertex -4.112835e-01  1.127318e+00  1.170000e+01
   endloop
 endfacet
 facet normal -0.000000e+00  0.000000e+00 -1.000000e+00
   outer loop
     vertex  2.864398e+00 -8.917535e-01  1.170000e+01
     vertex  2.838855e+00 -9.699999e-01  1.170000e+01
     vertex  1.135542e+00 -3.880000e-01  1.170000e+01
   endloop
 endfacet
 facet normal  0.000000e+00  0.000000e+00 -1.000000e+00
   outer loop
     vertex  2.864398e+00 -8.917535e-01  1.170000e+01
     vertex  1.135542e+00 -3.880000e-01  1.170000e+01
     vertex  1.145759e+00 -3.567014e-01  1.170000e+01
   endloop
 endfacet
 facet normal  0.000000e+00 -0.000000e+00 -1.000000e+00
   outer loop
     vertex -8.720847e-01  2.870447e+00  1.170000e+01
     vertex -3.802018e-01  1.138177e+00  1.170000e+01
     vertex -9.505045e-01  2.845442e+00  1.170000e+01
   endloop
 endfacet
 facet normal  0.000000e+00  0.000000e+00 -1.000000e+00
   outer loop
     vertex -8.720847e-01  2.870447e+00  1.170000e+01
     vertex -3.172034e-01  1.157317e+00  1.170000e+01
     vertex -3.488339e-01  1.148179e+00  1.170000e+01
   endloop
 endfacet
 facet normal  0.000000e+00  0.000000e+00 -1.000000e+00
   outer loop
     vertex -8.720847e-01  2.870447e+00  1.170000e+01
     vertex -3.488339e-01  1.148179e+00  1.170000e+01
     vertex -3.802018e-01  1.138177e+00  1.170000e+01
   endloop
 endfacet
 facet normal -0.000000e+00  0.000000e+00 -1.000000e+00
   outer loop
     vertex  2.887784e+00 -8.128358e-01  1.170000e+01
     vertex  2.864398e+00 -8.917535e-01  1.170000e+01
     vertex  1.145759e+00 -3.567014e-01  1.170000e+01
   endloop
 endfacet
 facet normal  0.000000e+00  0.000000e+00 -1.000000e+00
   outer loop
     vertex  2.887784e+00 -8.128358e-01  1.170000e+01
     vertex  1.145759e+00 -3.567014e-01  1.170000e+01
     vertex  1.155114e+00 -3.251343e-01  1.170000e+01
   endloop
 endfacet
 facet normal  0.000000e+00 -0.000000e+00 -1.000000e+00
   outer loop
     vertex -7.930085e-01  2.893292e+00  1.170000e+01
     vertex -3.172034e-01  1.157317e+00  1.170000e+01
     vertex -8.720847e-01  2.870447e+00  1.170000e+01
   endloop
 endfacet
 facet normal  0.000000e+00  0.000000e+00 -1.000000e+00
   outer loop
     vertex -7.930085e-01  2.893292e+00  1.170000e+01
     vertex -2.853341e-01  1.165583e+00  1.170000e+01
     vertex -3.172034e-01  1.157317e+00  1.170000e+01
   endloop
 endfacet
 facet normal -0.000000e+00  0.000000e+00 -1.000000e+00
   outer loop
     vertex  2.908997e+00 -7.333063e-01  1.170000e+01
     vertex  2.887784e+00 -8.128358e-01  1.170000e+01
     vertex  1.155114e+00 -3.251343e-01  1.170000e+01
   endloop
 endfacet
 facet normal  0.000000e+00  0.000000e+00 -1.000000e+00
   outer loop
     vertex  2.908997e+00 -7.333063e-01  1.170000e+01
     vertex  1.155114e+00 -3.251343e-01  1.170000e+01
     vertex  1.163599e+00 -2.933225e-01  1.170000e+01
   endloop
 endfacet
 facet normal  0.000000e+00 -0.000000e+00 -1.000000e+00
   outer loop
     vertex -7.133353e-01  2.913958e+00  1.170000e+01
     vertex -2.853341e-01  1.165583e+00  1.170000e+01
     vertex -7.930085e-01  2.893292e+00  1.170000e+01
   endloop
 endfacet
 facet normal  0.000000e+00  0.000000e+00 -1.000000e+00
   outer loop
     vertex  2.928019e+00 -6.532247e-01  1.170000e+01
     vertex  1.163599e+00 -2.933225e-01  1.170000e+01
     vertex  1.171208e+00 -2.612899e-01  1.170000e+01
   endloop
 endfacet
 facet normal -0.000000e+00  0.000000e+00 -1.000000e+00
   outer loop
     vertex  2.928019e+00 -6.532247e-01  1.170000e+01
     vertex  2.908997e+00 -7.333063e-01  1.170000e+01
     vertex  1.163599e+00 -2.933225e-01  1.170000e+01
   endloop
 endfacet
 facet normal  0.000000e+00  0.000000e+00 -1.000000e+00
   outer loop
     vertex -6.331251e-01  2.932431e+00  1.170000e+01
     vertex -2.532501e-01  1.172972e+00  1.170000e+01
     vertex -2.853341e-01  1.165583e+00  1.170000e+01
   endloop
 endfacet
 facet normal  0.000000e+00 -0.000000e+00 -1.000000e+00
   outer loop
     vertex -6.331251e-01  2.932431e+00  1.170000e+01
     vertex -2.853341e-01  1.165583e+00  1.170000e+01
     vertex -7.133353e-01  2.913958e+00  1.170000e+01
   endloop
 endfacet
 facet normal  0.000000e+00  0.000000e+00 -1.000000e+00
   outer loop
     vertex  2.944838e+00 -5.726514e-01  1.170000e+01
     vertex  1.171208e+00 -2.612899e-01  1.170000e+01
     vertex  1.177935e+00 -2.290606e-01  1.170000e+01
   endloop
 endfacet
 facet normal -0.000000e+00  0.000000e+00 -1.000000e+00
   outer loop
     vertex  2.944838e+00 -5.726514e-01  1.170000e+01
     vertex  2.928019e+00 -6.532247e-01  1.170000e+01
     vertex  1.171208e+00 -2.612899e-01  1.170000e+01
   endloop
 endfacet
 facet normal  0.000000e+00 -0.000000e+00 -1.000000e+00
   outer loop
     vertex -5.524384e-01  2.948697e+00  1.170000e+01
     vertex -2.532501e-01  1.172972e+00  1.170000e+01
     vertex -6.331251e-01  2.932431e+00  1.170000e+01
   endloop
 endfacet
 facet normal  0.000000e+00  0.000000e+00 -1.000000e+00
   outer loop
     vertex -5.524384e-01  2.948697e+00  1.170000e+01
     vertex -2.209754e-01  1.179479e+00  1.170000e+01
     vertex -2.532501e-01  1.172972e+00  1.170000e+01
   endloop
 endfacet
 facet normal  0.000000e+00  0.000000e+00 -1.000000e+00
   outer loop
     vertex  2.959440e+00 -4.916471e-01  1.170000e+01
     vertex  1.177935e+00 -2.290606e-01  1.170000e+01
     vertex  1.183776e+00 -1.966588e-01  1.170000e+01
   endloop
 endfacet
 facet normal -0.000000e+00  0.000000e+00 -1.000000e+00
   outer loop
     vertex  2.959440e+00 -4.916471e-01  1.170000e+01
     vertex  2.944838e+00 -5.726514e-01  1.170000e+01
     vertex  1.177935e+00 -2.290606e-01  1.170000e+01
   endloop
 endfacet
 facet normal  0.000000e+00 -0.000000e+00 -1.000000e+00
   outer loop
     vertex -4.713358e-01  2.962742e+00  1.170000e+01
     vertex -2.209754e-01  1.179479e+00  1.170000e+01
     vertex -5.524384e-01  2.948697e+00  1.170000e+01
   endloop
 endfacet
 facet normal  0.000000e+00  0.000000e+00 -1.000000e+00
   outer loop
     vertex -4.713358e-01  2.962742e+00  1.170000e+01
     vertex -1.885343e-01  1.185097e+00  1.170000e+01
     vertex -2.209754e-01  1.179479e+00  1.170000e+01
   endloop
 endfacet
 facet normal -0.000000e+00  0.000000e+00 -1.000000e+00
   outer loop
     vertex  2.971814e+00 -4.102726e-01  1.170000e+01
     vertex  2.959440e+00 -4.916471e-01  1.170000e+01
     vertex  1.183776e+00 -1.966588e-01  1.170000e+01
   endloop
 endfacet
 facet normal  0.000000e+00  0.000000e+00 -1.000000e+00
   outer loop
     vertex  2.971814e+00 -4.102726e-01  1.170000e+01
     vertex  1.183776e+00 -1.966588e-01  1.170000e+01
     vertex  1.188725e+00 -1.641090e-01  1.170000e+01
   endloop
 endfacet
 facet normal  0.000000e+00 -0.000000e+00 -1.000000e+00
   outer loop
     vertex -3.898783e-01  2.974558e+00  1.170000e+01
     vertex -1.885343e-01  1.185097e+00  1.170000e+01
     vertex -4.713358e-01  2.962742e+00  1.170000e+01
   endloop
 endfacet
 facet normal  0.000000e+00  0.000000e+00 -1.000000e+00
   outer loop
     vertex -3.898783e-01  2.974558e+00  1.170000e+01
     vertex -1.559513e-01  1.189823e+00  1.170000e+01
     vertex -1.885343e-01  1.185097e+00  1.170000e+01
   endloop
 endfacet
 facet normal -0.000000e+00  0.000000e+00 -1.000000e+00
   outer loop
     vertex  2.981951e+00 -3.285893e-01  1.170000e+01
     vertex  2.971814e+00 -4.102726e-01  1.170000e+01
     vertex  1.188725e+00 -1.641090e-01  1.170000e+01
   endloop
 endfacet
 facet normal  0.000000e+00  0.000000e+00 -1.000000e+00
   outer loop
     vertex  2.981951e+00 -3.285893e-01  1.170000e+01
     vertex  1.188725e+00 -1.641090e-01  1.170000e+01
     vertex  1.192780e+00 -1.314357e-01  1.170000e+01
   endloop
 endfacet
 facet normal  0.000000e+00 -0.000000e+00 -1.000000e+00
   outer loop
     vertex -3.081274e-01  2.984134e+00  1.170000e+01
     vertex -1.559513e-01  1.189823e+00  1.170000e+01
     vertex -3.898783e-01  2.974558e+00  1.170000e+01
   endloop
 endfacet
 facet normal  0.000000e+00  0.000000e+00 -1.000000e+00
   outer loop
     vertex -3.081274e-01  2.984134e+00  1.170000e+01
     vertex -1.232510e-01  1.193654e+00  1.170000e+01
     vertex -1.559513e-01  1.189823e+00  1.170000e+01
   endloop
 endfacet
 facet normal  0.000000e+00  0.000000e+00 -1.000000e+00
   outer loop
     vertex  2.989843e+00 -2.466587e-01  1.170000e+01
     vertex  1.192780e+00 -1.314357e-01  1.170000e+01
     vertex  1.195937e+00 -9.866346e-02  1.170000e+01
   endloop
 endfacet
 facet normal -0.000000e+00  0.000000e+00 -1.000000e+00
   outer loop
     vertex  2.989843e+00 -2.466587e-01  1.170000e+01
     vertex  2.981951e+00 -3.285893e-01  1.170000e+01
     vertex  1.192780e+00 -1.314357e-01  1.170000e+01
   endloop
 endfacet
 facet normal  0.000000e+00 -0.000000e+00 -1.000000e+00
   outer loop
     vertex -2.261446e-01  2.991464e+00  1.170000e+01
     vertex -1.232510e-01  1.193654e+00  1.170000e+01
     vertex -3.081274e-01  2.984134e+00  1.170000e+01
   endloop
 endfacet
 facet normal  0.000000e+00  0.000000e+00 -1.000000e+00
   outer loop
     vertex -2.261446e-01  2.991464e+00  1.170000e+01
     vertex -5.759659e-02  1.198617e+00  1.170000e+01
     vertex -9.045783e-02  1.196586e+00  1.170000e+01
   endloop
 endfacet
 facet normal  0.000000e+00  0.000000e+00 -1.000000e+00
   outer loop
     vertex -2.261446e-01  2.991464e+00  1.170000e+01
     vertex -9.045783e-02  1.196586e+00  1.170000e+01
     vertex -1.232510e-01  1.193654e+00  1.170000e+01
   endloop
 endfacet
 facet normal -0.000000e+00  0.000000e+00 -1.000000e+00
   outer loop
     vertex  2.995484e+00 -1.645423e-01  1.170000e+01
     vertex  2.989843e+00 -2.466587e-01  1.170000e+01
     vertex  1.195937e+00 -9.866346e-02  1.170000e+01
   endloop
 endfacet
 facet normal  0.000000e+00  0.000000e+00 -1.000000e+00
   outer loop
     vertex  2.995484e+00 -1.645423e-01  1.170000e+01
     vertex  1.195937e+00 -9.866346e-02  1.170000e+01
     vertex  1.198194e+00 -6.581693e-02  1.170000e+01
   endloop
 endfacet
 facet normal  0.000000e+00 -0.000000e+00 -1.000000e+00
   outer loop
     vertex -1.439915e-01  2.996542e+00  1.170000e+01
     vertex -5.759659e-02  1.198617e+00  1.170000e+01
     vertex -2.261446e-01  2.991464e+00  1.170000e+01
   endloop
 endfacet
 facet normal  0.000000e+00  0.000000e+00 -1.000000e+00
   outer loop
     vertex  2.998871e+00 -8.230214e-02  1.170000e+01
     vertex  1.198194e+00 -6.581693e-02  1.170000e+01
     vertex  1.199548e+00 -3.292086e-02  1.170000e+01
   endloop
 endfacet
 facet normal -0.000000e+00  0.000000e+00 -1.000000e+00
   outer loop
     vertex  2.998871e+00 -8.230214e-02  1.170000e+01
     vertex  2.995484e+00 -1.645423e-01  1.170000e+01
     vertex  1.198194e+00 -6.581693e-02  1.170000e+01
   endloop
 endfacet
 facet normal  0.000000e+00 -0.000000e+00 -1.000000e+00
   outer loop
     vertex -6.173000e-02  2.999365e+00  1.170000e+01
     vertex -5.759659e-02  1.198617e+00  1.170000e+01
     vertex -1.439915e-01  2.996542e+00  1.170000e+01
   endloop
 endfacet
 facet normal  0.000000e+00  0.000000e+00 -1.000000e+00
   outer loop
     vertex -6.173000e-02  2.999365e+00  1.170000e+01
     vertex  8.231183e-03  1.199972e+00  1.170000e+01
     vertex -2.469200e-02  1.199746e+00  1.170000e+01
   endloop
 endfacet
 facet normal  0.000000e+00  0.000000e+00 -1.000000e+00
   outer loop
     vertex -6.173000e-02  2.999365e+00  1.170000e+01
     vertex -2.469200e-02  1.199746e+00  1.170000e+01
     vertex -5.759659e-02  1.198617e+00  1.170000e+01
   endloop
 endfacet
 facet normal  0.000000e+00  0.000000e+00 -1.000000e+00
   outer loop
     vertex  3.000000e+00 -7.347881e-16  1.170000e+01
     vertex  2.998871e+00 -8.230214e-02  1.170000e+01
     vertex  1.199548e+00 -3.292086e-02  1.170000e+01
   endloop
 endfacet
 facet normal -0.000000e+00  0.000000e+00 -1.000000e+00
   outer loop
     vertex  3.000000e+00 -7.347881e-16  1.170000e+01
     vertex  1.199548e+00 -3.292086e-02  1.170000e+01
     vertex  1.200000e+00 -2.939152e-16  1.170000e+01
   endloop
 endfacet
 facet normal  0.000000e+00  0.000000e+00 -1.000000e+00
   outer loop
     vertex  2.057796e-02  2.999929e+00  1.170000e+01
     vertex  8.231183e-03  1.199972e+00  1.170000e+01
     vertex -6.173000e-02  2.999365e+00  1.170000e+01
   endloop
 endfacet
 facet normal  0.000000e+00  0.000000e+00 -1.000000e+00
   outer loop
     vertex  2.998871e+00  8.230214e-02  1.170000e+01
     vertex  1.200000e+00 -2.939152e-16  1.170000e+01
     vertex  1.199548e+00  3.292086e-02  1.170000e+01
   endloop
 endfacet
 facet normal  0.000000e+00  0.000000e+00 -1.000000e+00
   outer loop
     vertex  2.998871e+00  8.230214e-02  1.170000e+01
     vertex  1.199548e+00  3.292086e-02  1.170000e+01
     vertex  1.198194e+00  6.581693e-02  1.170000e+01
   endloop
 endfacet
 facet normal  0.000000e+00 -0.000000e+00 -1.000000e+00
   outer loop
     vertex  2.998871e+00  8.230214e-02  1.170000e+01
     vertex  3.000000e+00 -7.347881e-16  1.170000e+01
     vertex  1.200000e+00 -2.939152e-16  1.170000e+01
   endloop
 endfacet
 facet normal -0.000000e+00  0.000000e+00 -1.000000e+00
   outer loop
     vertex  1.028704e-01  2.998236e+00  1.170000e+01
     vertex  8.231183e-03  1.199972e+00  1.170000e+01
     vertex  2.057796e-02  2.999929e+00  1.170000e+01
   endloop
 endfacet
 facet normal  0.000000e+00  0.000000e+00 -1.000000e+00
   outer loop
     vertex  1.028704e-01  2.998236e+00  1.170000e+01
     vertex  4.114817e-02  1.199294e+00  1.170000e+01
     vertex  8.231183e-03  1.199972e+00  1.170000e+01
   endloop
 endfacet
 facet normal  0.000000e+00 -0.000000e+00 -1.000000e+00
   outer loop
     vertex  2.995484e+00  1.645423e-01  1.170000e+01
     vertex  2.998871e+00  8.230214e-02  1.170000e+01
     vertex  1.198194e+00  6.581693e-02  1.170000e+01
   endloop
 endfacet
 facet normal -0.000000e+00  0.000000e+00 -1.000000e+00
   outer loop
     vertex  1.850854e-01  2.994285e+00  1.170000e+01
     vertex  4.114817e-02  1.199294e+00  1.170000e+01
     vertex  1.028704e-01  2.998236e+00  1.170000e+01
   endloop
 endfacet
 facet normal  0.000000e+00  0.000000e+00 -1.000000e+00
   outer loop
     vertex  1.850854e-01  2.994285e+00  1.170000e+01
     vertex  7.403418e-02  1.197714e+00  1.170000e+01
     vertex  4.114817e-02  1.199294e+00  1.170000e+01
   endloop
 endfacet
 facet normal  0.000000e+00  0.000000e+00 -1.000000e+00
   outer loop
     vertex  2.989843e+00  2.466587e-01  1.170000e+01
     vertex  1.198194e+00  6.581693e-02  1.170000e+01
     vertex  1.195937e+00  9.866346e-02  1.170000e+01
   endloop
 endfacet
 facet normal  0.000000e+00 -0.000000e+00 -1.000000e+00
   outer loop
     vertex  2.989843e+00  2.466587e-01  1.170000e+01
     vertex  2.995484e+00  1.645423e-01  1.170000e+01
     vertex  1.198194e+00  6.581693e-02  1.170000e+01
   endloop
 endfacet
 facet normal -0.000000e+00  0.000000e+00 -1.000000e+00
   outer loop
     vertex  2.671611e-01  2.988080e+00  1.170000e+01
     vertex  7.403418e-02  1.197714e+00  1.170000e+01
     vertex  1.850854e-01  2.994285e+00  1.170000e+01
   endloop
 endfacet
 facet normal  0.000000e+00  0.000000e+00 -1.000000e+00
   outer loop
     vertex  2.671611e-01  2.988080e+00  1.170000e+01
     vertex  1.396143e-01  1.191851e+00  1.170000e+01
     vertex  1.068645e-01  1.195232e+00  1.170000e+01
   endloop
 endfacet
 facet normal  0.000000e+00  0.000000e+00 -1.000000e+00
   outer loop
     vertex  2.671611e-01  2.988080e+00  1.170000e+01
     vertex  1.068645e-01  1.195232e+00  1.170000e+01
     vertex  7.403418e-02  1.197714e+00  1.170000e+01
   endloop
 endfacet
 facet normal  0.000000e+00  0.000000e+00 -1.000000e+00
   outer loop
     vertex  2.981951e+00  3.285893e-01  1.170000e+01
     vertex  1.195937e+00  9.866346e-02  1.170000e+01
     vertex  1.192780e+00  1.314357e-01  1.170000e+01
   endloop
 endfacet
 facet normal  0.000000e+00  0.000000e+00 -1.000000e+00
   outer loop
     vertex  2.981951e+00  3.285893e-01  1.170000e+01
     vertex  1.192780e+00  1.314357e-01  1.170000e+01
     vertex  1.188725e+00  1.641090e-01  1.170000e+01
   endloop
 endfacet
 facet normal  0.000000e+00 -0.000000e+00 -1.000000e+00
   outer loop
     vertex  2.981951e+00  3.285893e-01  1.170000e+01
     vertex  2.989843e+00  2.466587e-01  1.170000e+01
     vertex  1.195937e+00  9.866346e-02  1.170000e+01
   endloop
 endfacet
 facet normal -0.000000e+00  0.000000e+00 -1.000000e+00
   outer loop
     vertex  3.490357e-01  2.979626e+00  1.170000e+01
     vertex  1.396143e-01  1.191851e+00  1.170000e+01
     vertex  2.671611e-01  2.988080e+00  1.170000e+01
   endloop
 endfacet
 facet normal  0.000000e+00 -0.000000e+00 -1.000000e+00
   outer loop
     vertex  2.971814e+00  4.102726e-01  1.170000e+01
     vertex  2.981951e+00  3.285893e-01  1.170000e+01
     vertex  1.188725e+00  1.641090e-01  1.170000e+01
   endloop
 endfacet
 facet normal  0.000000e+00  0.000000e+00 -1.000000e+00
   outer loop
     vertex  4.306476e-01  2.968930e+00  1.170000e+01
     vertex  2.047741e-01  1.182399e+00  1.170000e+01
     vertex  1.722590e-01  1.187572e+00  1.170000e+01
   endloop
 endfacet
 facet normal  0.000000e+00  0.000000e+00 -1.000000e+00
   outer loop
     vertex  4.306476e-01  2.968930e+00  1.170000e+01
     vertex  1.722590e-01  1.187572e+00  1.170000e+01
     vertex  1.396143e-01  1.191851e+00  1.170000e+01
   endloop
 endfacet
 facet normal -0.000000e+00  0.000000e+00 -1.000000e+00
   outer loop
     vertex  4.306476e-01  2.968930e+00  1.170000e+01
     vertex  1.396143e-01  1.191851e+00  1.170000e+01
     vertex  3.490357e-01  2.979626e+00  1.170000e+01
   endloop
 endfacet
 facet normal  0.000000e+00 -0.000000e+00 -1.000000e+00
   outer loop
     vertex  2.959440e+00  4.916471e-01  1.170000e+01
     vertex  2.971814e+00  4.102726e-01  1.170000e+01
     vertex  1.188725e+00  1.641090e-01  1.170000e+01
   endloop
 endfacet
 facet normal  0.000000e+00  0.000000e+00 -1.000000e+00
   outer loop
     vertex  2.959440e+00  4.916471e-01  1.170000e+01
     vertex  1.188725e+00  1.641090e-01  1.170000e+01
     vertex  1.183776e+00  1.966588e-01  1.170000e+01
   endloop
 endfacet
 facet normal  0.000000e+00  0.000000e+00 -1.000000e+00
   outer loop
     vertex  2.959440e+00  4.916471e-01  1.170000e+01
     vertex  1.183776e+00  1.966588e-01  1.170000e+01
     vertex  1.177935e+00  2.290606e-01  1.170000e+01
   endloop
 endfacet
 facet normal -0.000000e+00  0.000000e+00 -1.000000e+00
   outer loop
     vertex  5.119352e-01  2.955998e+00  1.170000e+01
     vertex  2.047741e-01  1.182399e+00  1.170000e+01
     vertex  4.306476e-01  2.968930e+00  1.170000e+01
   endloop
 endfacet
 facet normal  0.000000e+00  0.000000e+00 -1.000000e+00
   outer loop
     vertex  2.944838e+00  5.726514e-01  1.170000e+01
     vertex  1.177935e+00  2.290606e-01  1.170000e+01
     vertex  1.171208e+00  2.612899e-01  1.170000e+01
   endloop
 endfacet
 facet normal  0.000000e+00 -0.000000e+00 -1.000000e+00
   outer loop
     vertex  2.944838e+00  5.726514e-01  1.170000e+01
     vertex  2.959440e+00  4.916471e-01  1.170000e+01
     vertex  1.177935e+00  2.290606e-01  1.170000e+01
   endloop
 endfacet
 facet normal -0.000000e+00  0.000000e+00 -1.000000e+00
   outer loop
     vertex  5.928375e-01  2.940841e+00  1.170000e+01
     vertex  2.047741e-01  1.182399e+00  1.170000e+01
     vertex  5.119352e-01  2.955998e+00  1.170000e+01
   endloop
 endfacet
 facet normal  0.000000e+00  0.000000e+00 -1.000000e+00
   outer loop
     vertex  5.928375e-01  2.940841e+00  1.170000e+01
     vertex  2.371350e-01  1.176336e+00  1.170000e+01
     vertex  2.047741e-01  1.182399e+00  1.170000e+01
   endloop
 endfacet
 facet normal  0.000000e+00 -0.000000e+00 -1.000000e+00
   outer loop
     vertex  2.928019e+00  6.532247e-01  1.170000e+01
     vertex  2.944838e+00  5.726514e-01  1.170000e+01
     vertex  1.171208e+00  2.612899e-01  1.170000e+01
   endloop
 endfacet
 facet normal  0.000000e+00  0.000000e+00 -1.000000e+00
   outer loop
     vertex  6.732936e-01  2.923470e+00  1.170000e+01
     vertex  2.693174e-01  1.169388e+00  1.170000e+01
     vertex  2.371350e-01  1.176336e+00  1.170000e+01
   endloop
 endfacet
 facet normal -0.000000e+00  0.000000e+00 -1.000000e+00
   outer loop
     vertex  6.732936e-01  2.923470e+00  1.170000e+01
     vertex  2.371350e-01  1.176336e+00  1.170000e+01
     vertex  5.928375e-01  2.940841e+00  1.170000e+01
   endloop
 endfacet
 facet normal  0.000000e+00  0.000000e+00 -1.000000e+00
   outer loop
     vertex  2.908997e+00  7.333063e-01  1.170000e+01
     vertex  1.171208e+00  2.612899e-01  1.170000e+01
     vertex  1.163599e+00  2.933225e-01  1.170000e+01
   endloop
 endfacet
 facet normal  0.000000e+00  0.000000e+00 -1.000000e+00
   outer loop
     vertex  2.908997e+00  7.333063e-01  1.170000e+01
     vertex  1.163599e+00  2.933225e-01  1.170000e+01
     vertex  1.155114e+00  3.251343e-01  1.170000e+01
   endloop
 endfacet
 facet normal  0.000000e+00 -0.000000e+00 -1.000000e+00
   outer loop
     vertex  2.908997e+00  7.333063e-01  1.170000e+01
     vertex  2.928019e+00  6.532247e-01  1.170000e+01
     vertex  1.171208e+00  2.612899e-01  1.170000e+01
   endloop
 endfacet
 facet normal  0.000000e+00  0.000000e+00 -1.000000e+00
   outer loop
     vertex  7.532428e-01  2.903898e+00  1.170000e+01
     vertex  3.330500e-01  1.152856e+00  1.170000e+01
     vertex  3.012971e-01  1.161559e+00  1.170000e+01
   endloop
 endfacet
 facet normal  0.000000e+00  0.000000e+00 -1.000000e+00
   outer loop
     vertex  7.532428e-01  2.903898e+00  1.170000e+01
     vertex  3.012971e-01  1.161559e+00  1.170000e+01
     vertex  2.693174e-01  1.169388e+00  1.170000e+01
   endloop
 endfacet
 facet normal -0.000000e+00  0.000000e+00 -1.000000e+00
   outer loop
     vertex  7.532428e-01  2.903898e+00  1.170000e+01
     vertex  2.693174e-01  1.169388e+00  1.170000e+01
     vertex  6.732936e-01  2.923470e+00  1.170000e+01
   endloop
 endfacet
 facet normal  0.000000e+00 -0.000000e+00 -1.000000e+00
   outer loop
     vertex  2.887784e+00  8.128358e-01  1.170000e+01
     vertex  2.908997e+00  7.333063e-01  1.170000e+01
     vertex  1.155114e+00  3.251343e-01  1.170000e+01
   endloop
 endfacet
 facet normal -0.000000e+00  0.000000e+00 -1.000000e+00
   outer loop
     vertex  8.326249e-01  2.882141e+00  1.170000e+01
     vertex  3.330500e-01  1.152856e+00  1.170000e+01
     vertex  7.532428e-01  2.903898e+00  1.170000e+01
   endloop
 endfacet
 facet normal  0.000000e+00  0.000000e+00 -1.000000e+00
   outer loop
     vertex  2.864398e+00  8.917535e-01  1.170000e+01
     vertex  1.155114e+00  3.251343e-01  1.170000e+01
     vertex  1.145759e+00  3.567014e-01  1.170000e+01
   endloop
 endfacet
 facet normal  0.000000e+00  0.000000e+00 -1.000000e+00
   outer loop
     vertex  2.864398e+00  8.917535e-01  1.170000e+01
     vertex  1.145759e+00  3.567014e-01  1.170000e+01
     vertex  1.135542e+00  3.880000e-01  1.170000e+01
   endloop
 endfacet
 facet normal  0.000000e+00 -0.000000e+00 -1.000000e+00
   outer loop
     vertex  2.864398e+00  8.917535e-01  1.170000e+01
     vertex  2.887784e+00  8.128358e-01  1.170000e+01
     vertex  1.155114e+00  3.251343e-01  1.170000e+01
   endloop
 endfacet
 facet normal -0.000000e+00  0.000000e+00 -1.000000e+00
   outer loop
     vertex  9.113803e-01  2.858214e+00  1.170000e+01
     vertex  3.330500e-01  1.152856e+00  1.170000e+01
     vertex  8.326249e-01  2.882141e+00  1.170000e+01
   endloop
 endfacet
 facet normal  0.000000e+00  0.000000e+00 -1.000000e+00
   outer loop
     vertex  9.113803e-01  2.858214e+00  1.170000e+01
     vertex  3.957799e-01  1.132854e+00  1.170000e+01
     vertex  3.645521e-01  1.143286e+00  1.170000e+01
   endloop
 endfacet
 facet normal  0.000000e+00  0.000000e+00 -1.000000e+00
   outer loop
     vertex  9.113803e-01  2.858214e+00  1.170000e+01
     vertex  3.645521e-01  1.143286e+00  1.170000e+01
     vertex  3.330500e-01  1.152856e+00  1.170000e+01
   endloop
 endfacet
 facet normal  0.000000e+00  0.000000e+00 -1.000000e+00
   outer loop
     vertex  2.838855e+00  9.699999e-01  1.170000e+01
     vertex  1.135542e+00  3.880000e-01  1.170000e+01
     vertex  1.124470e+00  4.190064e-01  1.170000e+01
   endloop
 endfacet
 facet normal  0.000000e+00 -0.000000e+00 -1.000000e+00
   outer loop
     vertex  2.838855e+00  9.699999e-01  1.170000e+01
     vertex  2.864398e+00  8.917535e-01  1.170000e+01
     vertex  1.135542e+00  3.880000e-01  1.170000e+01
   endloop
 endfacet
 facet normal -0.000000e+00  0.000000e+00 -1.000000e+00
   outer loop
     vertex  9.894497e-01  2.832135e+00  1.170000e+01
     vertex  3.957799e-01  1.132854e+00  1.170000e+01
     vertex  9.113803e-01  2.858214e+00  1.170000e+01
   endloop
 endfacet
 facet normal  0.000000e+00 -0.000000e+00 -1.000000e+00
   outer loop
     vertex  2.811176e+00  1.047516e+00  1.170000e+01
     vertex  2.838855e+00  9.699999e-01  1.170000e+01
     vertex  1.124470e+00  4.190064e-01  1.170000e+01
   endloop
 endfacet
 facet normal -0.000000e+00  0.000000e+00 -1.000000e+00
   outer loop
     vertex  1.066774e+00  2.803925e+00  1.170000e+01
     vertex  3.957799e-01  1.132854e+00  1.170000e+01
     vertex  9.894497e-01  2.832135e+00  1.170000e+01
   endloop
 endfacet
 facet normal  0.000000e+00  0.000000e+00 -1.000000e+00
   outer loop
     vertex  1.066774e+00  2.803925e+00  1.170000e+01
     vertex  4.267097e-01  1.121570e+00  1.170000e+01
     vertex  3.957799e-01  1.132854e+00  1.170000e+01
   endloop
 endfacet
 facet normal  0.000000e+00  0.000000e+00 -1.000000e+00
   outer loop
     vertex  2.781380e+00  1.124244e+00  1.170000e+01
     vertex  1.124470e+00  4.190064e-01  1.170000e+01
     vertex  1.112552e+00  4.496975e-01  1.170000e+01
   endloop
 endfacet
 facet normal  0.000000e+00 -0.000000e+00 -1.000000e+00
   outer loop
     vertex  2.781380e+00  1.124244e+00  1.170000e+01
     vertex  2.811176e+00  1.047516e+00  1.170000e+01
     vertex  1.124470e+00  4.190064e-01  1.170000e+01
   endloop
 endfacet
 facet normal -0.000000e+00  0.000000e+00 -1.000000e+00
   outer loop
     vertex  1.143296e+00  2.773603e+00  1.170000e+01
     vertex  4.267097e-01  1.121570e+00  1.170000e+01
     vertex  1.066774e+00  2.803925e+00  1.170000e+01
   endloop
 endfacet
 facet normal  0.000000e+00  0.000000e+00 -1.000000e+00
   outer loop
     vertex  1.143296e+00  2.773603e+00  1.170000e+01
     vertex  4.573183e-01  1.109441e+00  1.170000e+01
     vertex  4.267097e-01  1.121570e+00  1.170000e+01
   endloop
 endfacet
 facet normal  0.000000e+00  0.000000e+00 -1.000000e+00
   outer loop
     vertex  2.749491e+00  1.200125e+00  1.170000e+01
     vertex  1.112552e+00  4.496975e-01  1.170000e+01
     vertex  1.099796e+00  4.800501e-01  1.170000e+01
   endloop
 endfacet
 facet normal  0.000000e+00 -0.000000e+00 -1.000000e+00
   outer loop
     vertex  2.749491e+00  1.200125e+00  1.170000e+01
     vertex  2.781380e+00  1.124244e+00  1.170000e+01
     vertex  1.112552e+00  4.496975e-01  1.170000e+01
   endloop
 endfacet
 facet normal -0.000000e+00  0.000000e+00 -1.000000e+00
   outer loop
     vertex  1.218957e+00  2.741194e+00  1.170000e+01
     vertex  4.573183e-01  1.109441e+00  1.170000e+01
     vertex  1.143296e+00  2.773603e+00  1.170000e+01
   endloop
 endfacet
 facet normal  0.000000e+00  0.000000e+00 -1.000000e+00
   outer loop
     vertex  1.218957e+00  2.741194e+00  1.170000e+01
     vertex  5.174799e-01  1.082689e+00  1.170000e+01
     vertex  4.875826e-01  1.096478e+00  1.170000e+01
   endloop
 endfacet
 facet normal  0.000000e+00  0.000000e+00 -1.000000e+00
   outer loop
     vertex  1.218957e+00  2.741194e+00  1.170000e+01
     vertex  4.875826e-01  1.096478e+00  1.170000e+01
     vertex  4.573183e-01  1.109441e+00  1.170000e+01
   endloop
 endfacet
 facet normal  0.000000e+00 -0.000000e+00 -1.000000e+00
   outer loop
     vertex  2.715532e+00  1.275103e+00  1.170000e+01
     vertex  2.749491e+00  1.200125e+00  1.170000e+01
     vertex  1.099796e+00  4.800501e-01  1.170000e+01
   endloop
 endfacet
 facet normal  0.000000e+00  0.000000e+00 -1.000000e+00
   outer loop
     vertex  2.715532e+00  1.275103e+00  1.170000e+01
     vertex  1.099796e+00  4.800501e-01  1.170000e+01
     vertex  1.086213e+00  5.100412e-01  1.170000e+01
   endloop
 endfacet
 facet normal -0.000000e+00  0.000000e+00 -1.000000e+00
   outer loop
     vertex  1.293700e+00  2.706721e+00  1.170000e+01
     vertex  5.174799e-01  1.082689e+00  1.170000e+01
     vertex  1.218957e+00  2.741194e+00  1.170000e+01
   endloop
 endfacet
 facet normal  0.000000e+00  0.000000e+00 -1.000000e+00
   outer loop
     vertex  1.293700e+00  2.706721e+00  1.170000e+01
     vertex  5.469877e-01  1.068084e+00  1.170000e+01
     vertex  5.174799e-01  1.082689e+00  1.170000e+01
   endloop
 endfacet
 facet normal  0.000000e+00 -0.000000e+00 -1.000000e+00
   outer loop
     vertex  2.679528e+00  1.349121e+00  1.170000e+01
     vertex  2.715532e+00  1.275103e+00  1.170000e+01
     vertex  1.086213e+00  5.100412e-01  1.170000e+01
   endloop
 endfacet
 facet normal  0.000000e+00  0.000000e+00 -1.000000e+00
   outer loop
     vertex  2.679528e+00  1.349121e+00  1.170000e+01
     vertex  1.086213e+00  5.100412e-01  1.170000e+01
     vertex  1.071811e+00  5.396485e-01  1.170000e+01
   endloop
 endfacet
 facet normal -0.000000e+00  0.000000e+00 -1.000000e+00
   outer loop
     vertex  1.367469e+00  2.670211e+00  1.170000e+01
     vertex  5.469877e-01  1.068084e+00  1.170000e+01
     vertex  1.293700e+00  2.706721e+00  1.170000e+01
   endloop
 endfacet
 facet normal  0.000000e+00 -0.000000e+00 -1.000000e+00
   outer loop
     vertex  2.641508e+00  1.422124e+00  1.170000e+01
     vertex  2.679528e+00  1.349121e+00  1.170000e+01
     vertex  1.071811e+00  5.396485e-01  1.170000e+01
   endloop
 endfacet
 facet normal  0.000000e+00  0.000000e+00 -1.000000e+00
   outer loop
     vertex  2.641508e+00  1.422124e+00  1.170000e+01
     vertex  1.071811e+00  5.396485e-01  1.170000e+01
     vertex  1.056603e+00  5.688495e-01  1.170000e+01
   endloop
 endfacet
 facet normal -0.000000e+00  0.000000e+00 -1.000000e+00
   outer loop
     vertex  1.440209e+00  2.631691e+00  1.170000e+01
     vertex  5.469877e-01  1.068084e+00  1.170000e+01
     vertex  1.367469e+00  2.670211e+00  1.170000e+01
   endloop
 endfacet
 facet normal  0.000000e+00  0.000000e+00 -1.000000e+00
   outer loop
     vertex  1.440209e+00  2.631691e+00  1.170000e+01
     vertex  6.047460e-01  1.036476e+00  1.170000e+01
     vertex  5.760837e-01  1.052676e+00  1.170000e+01
   endloop
 endfacet
 facet normal  0.000000e+00  0.000000e+00 -1.000000e+00
   outer loop
     vertex  1.440209e+00  2.631691e+00  1.170000e+01
     vertex  5.760837e-01  1.052676e+00  1.170000e+01
     vertex  5.469877e-01  1.068084e+00  1.170000e+01
   endloop
 endfacet
 facet normal  0.000000e+00 -0.000000e+00 -1.000000e+00
   outer loop
     vertex  2.601499e+00  1.494056e+00  1.170000e+01
     vertex  2.641508e+00  1.422124e+00  1.170000e+01
     vertex  1.056603e+00  5.688495e-01  1.170000e+01
   endloop
 endfacet
 facet normal  0.000000e+00  0.000000e+00 -1.000000e+00
   outer loop
     vertex  2.601499e+00  1.494056e+00  1.170000e+01
     vertex  1.056603e+00  5.688495e-01  1.170000e+01
     vertex  1.040600e+00  5.976223e-01  1.170000e+01
   endloop
 endfacet
 facet normal -0.000000e+00  0.000000e+00 -1.000000e+00
   outer loop
     vertex  1.511865e+00  2.591190e+00  1.170000e+01
     vertex  6.047460e-01  1.036476e+00  1.170000e+01
     vertex  1.440209e+00  2.631691e+00  1.170000e+01
   endloop
 endfacet
 facet normal  0.000000e+00 -0.000000e+00 -1.000000e+00
   outer loop
     vertex  2.559532e+00  1.564863e+00  1.170000e+01
     vertex  2.601499e+00  1.494056e+00  1.170000e+01
     vertex  1.040600e+00  5.976223e-01  1.170000e+01
   endloop
 endfacet
 facet normal  0.000000e+00  0.000000e+00 -1.000000e+00
   outer loop
     vertex  2.559532e+00  1.564863e+00  1.170000e+01
     vertex  1.040600e+00  5.976223e-01  1.170000e+01
     vertex  1.023813e+00  6.259452e-01  1.170000e+01
   endloop
 endfacet
 facet normal  0.000000e+00  0.000000e+00 -1.000000e+00
   outer loop
     vertex  2.559532e+00  1.564863e+00  1.170000e+01
     vertex  1.023813e+00  6.259452e-01  1.170000e+01
     vertex  1.006255e+00  6.537969e-01  1.170000e+01
   endloop
 endfacet
 facet normal -0.000000e+00  0.000000e+00 -1.000000e+00
   outer loop
     vertex  1.582383e+00  2.548738e+00  1.170000e+01
     vertex  6.047460e-01  1.036476e+00  1.170000e+01
     vertex  1.511865e+00  2.591190e+00  1.170000e+01
   endloop
 endfacet
 facet normal  0.000000e+00  0.000000e+00 -1.000000e+00
   outer loop
     vertex  1.582383e+00  2.548738e+00  1.170000e+01
     vertex  6.329531e-01  1.019495e+00  1.170000e+01
     vertex  6.047460e-01  1.036476e+00  1.170000e+01
   endloop
 endfacet
 facet normal  0.000000e+00 -0.000000e+00 -1.000000e+00
   outer loop
     vertex  2.515638e+00  1.634492e+00  1.170000e+01
     vertex  2.559532e+00  1.564863e+00  1.170000e+01
     vertex  1.006255e+00  6.537969e-01  1.170000e+01
   endloop
 endfacet
 facet normal  0.000000e+00  0.000000e+00 -1.000000e+00
   outer loop
     vertex  2.515638e+00  1.634492e+00  1.170000e+01
     vertex  1.006255e+00  6.537969e-01  1.170000e+01
     vertex  9.879402e-01  6.811565e-01  1.170000e+01
   endloop
 endfacet
 facet normal -0.000000e+00  0.000000e+00 -1.000000e+00
   outer loop
     vertex  1.651709e+00  2.504367e+00  1.170000e+01
     vertex  6.329531e-01  1.019495e+00  1.170000e+01
     vertex  1.582383e+00  2.548738e+00  1.170000e+01
   endloop
 endfacet
 facet normal  0.000000e+00  0.000000e+00 -1.000000e+00
   outer loop
     vertex  1.651709e+00  2.504367e+00  1.170000e+01
     vertex  6.606838e-01  1.001747e+00  1.170000e+01
     vertex  6.329531e-01  1.019495e+00  1.170000e+01
   endloop
 endfacet
 facet normal  0.000000e+00 -0.000000e+00 -1.000000e+00
   outer loop
     vertex  2.469850e+00  1.702891e+00  1.170000e+01
     vertex  2.515638e+00  1.634492e+00  1.170000e+01
     vertex  9.879402e-01  6.811565e-01  1.170000e+01
   endloop
 endfacet
 facet normal -0.000000e+00  0.000000e+00 -1.000000e+00
   outer loop
     vertex  1.719793e+00  2.458112e+00  1.170000e+01
     vertex  6.606838e-01  1.001747e+00  1.170000e+01
     vertex  1.651709e+00  2.504367e+00  1.170000e+01
   endloop
 endfacet
 facet normal  0.000000e+00  0.000000e+00 -1.000000e+00
   outer loop
     vertex  1.719793e+00  2.458112e+00  1.170000e+01
     vertex  6.879171e-01  9.832447e-01  1.170000e+01
     vertex  6.606838e-01  1.001747e+00  1.170000e+01
   endloop
 endfacet
 facet normal  0.000000e+00 -0.000000e+00 -1.000000e+00
   outer loop
     vertex  2.422204e+00  1.770008e+00  1.170000e+01
     vertex  2.469850e+00  1.702891e+00  1.170000e+01
     vertex  9.879402e-01  6.811565e-01  1.170000e+01
   endloop
 endfacet
 facet normal  0.000000e+00  0.000000e+00 -1.000000e+00
   outer loop
     vertex  2.422204e+00  1.770008e+00  1.170000e+01
     vertex  9.879402e-01  6.811565e-01  1.170000e+01
     vertex  9.688815e-01  7.080033e-01  1.170000e+01
   endloop
 endfacet
 facet normal  0.000000e+00  0.000000e+00 -1.000000e+00
   outer loop
     vertex  2.422204e+00  1.770008e+00  1.170000e+01
     vertex  9.688815e-01  7.080033e-01  1.170000e+01
     vertex  9.490934e-01  7.343172e-01  1.170000e+01
   endloop
 endfacet
 facet normal -0.000000e+00  0.000000e+00 -1.000000e+00
   outer loop
     vertex  1.786581e+00  2.410006e+00  1.170000e+01
     vertex  6.879171e-01  9.832447e-01  1.170000e+01
     vertex  1.719793e+00  2.458112e+00  1.170000e+01
   endloop
 endfacet
 facet normal  0.000000e+00  0.000000e+00 -1.000000e+00
   outer loop
     vertex  1.786581e+00  2.410006e+00  1.170000e+01
     vertex  7.146325e-01  9.640022e-01  1.170000e+01
     vertex  6.879171e-01  9.832447e-01  1.170000e+01
   endloop
 endfacet
 facet normal  0.000000e+00 -0.000000e+00 -1.000000e+00
   outer loop
     vertex  2.372733e+00  1.835793e+00  1.170000e+01
     vertex  2.422204e+00  1.770008e+00  1.170000e+01
     vertex  9.490934e-01  7.343172e-01  1.170000e+01
   endloop
 endfacet
 facet normal -0.000000e+00  0.000000e+00 -1.000000e+00
   outer loop
     vertex  1.852025e+00  2.360085e+00  1.170000e+01
     vertex  7.146325e-01  9.640022e-01  1.170000e+01
     vertex  1.786581e+00  2.410006e+00  1.170000e+01
   endloop
 endfacet
 facet normal  0.000000e+00  0.000000e+00 -1.000000e+00
   outer loop
     vertex  1.852025e+00  2.360085e+00  1.170000e+01
     vertex  7.408101e-01  9.440341e-01  1.170000e+01
     vertex  7.146325e-01  9.640022e-01  1.170000e+01
   endloop
 endfacet
 facet normal  0.000000e+00 -0.000000e+00 -1.000000e+00
   outer loop
     vertex  2.321477e+00  1.900196e+00  1.170000e+01
     vertex  2.372733e+00  1.835793e+00  1.170000e+01
     vertex  9.490934e-01  7.343172e-01  1.170000e+01
   endloop
 endfacet
 facet normal  0.000000e+00  0.000000e+00 -1.000000e+00
   outer loop
     vertex  2.321477e+00  1.900196e+00  1.170000e+01
     vertex  9.490934e-01  7.343172e-01  1.170000e+01
     vertex  9.285909e-01  7.600783e-01  1.170000e+01
   endloop
 endfacet
 facet normal -0.000000e+00  0.000000e+00 -1.000000e+00
   outer loop
     vertex  1.916075e+00  2.308389e+00  1.170000e+01
     vertex  7.408101e-01  9.440341e-01  1.170000e+01
     vertex  1.852025e+00  2.360085e+00  1.170000e+01
   endloop
 endfacet
 facet normal  0.000000e+00  0.000000e+00 -1.000000e+00
   outer loop
     vertex  1.916075e+00  2.308389e+00  1.170000e+01
     vertex  7.914728e-01  9.019816e-01  1.170000e+01
     vertex  7.664299e-01  9.233554e-01  1.170000e+01
   endloop
 endfacet
 facet normal  0.000000e+00  0.000000e+00 -1.000000e+00
   outer loop
     vertex  1.916075e+00  2.308389e+00  1.170000e+01
     vertex  7.664299e-01  9.233554e-01  1.170000e+01
     vertex  7.408101e-01  9.440341e-01  1.170000e+01
   endloop
 endfacet
 facet normal  0.000000e+00  0.000000e+00 -1.000000e+00
   outer loop
     vertex  2.268473e+00  1.963168e+00  1.170000e+01
     vertex  9.285909e-01  7.600783e-01  1.170000e+01
     vertex  9.073893e-01  7.852672e-01  1.170000e+01
   endloop
 endfacet
 facet normal  0.000000e+00 -0.000000e+00 -1.000000e+00
   outer loop
     vertex  2.268473e+00  1.963168e+00  1.170000e+01
     vertex  2.321477e+00  1.900196e+00  1.170000e+01
     vertex  9.285909e-01  7.600783e-01  1.170000e+01
   endloop
 endfacet
 facet normal -0.000000e+00  0.000000e+00 -1.000000e+00
   outer loop
     vertex  1.978682e+00  2.254954e+00  1.170000e+01
     vertex  7.914728e-01  9.019816e-01  1.170000e+01
     vertex  1.916075e+00  2.308389e+00  1.170000e+01
   endloop
 endfacet
 facet normal  0.000000e+00 -0.000000e+00 -1.000000e+00
   outer loop
     vertex  2.213762e+00  2.024663e+00  1.170000e+01
     vertex  2.268473e+00  1.963168e+00  1.170000e+01
     vertex  9.073893e-01  7.852672e-01  1.170000e+01
   endloop
 endfacet
 facet normal  0.000000e+00  0.000000e+00 -1.000000e+00
   outer loop
     vertex  2.213762e+00  2.024663e+00  1.170000e+01
     vertex  9.073893e-01  7.852672e-01  1.170000e+01
     vertex  8.855048e-01  8.098650e-01  1.170000e+01
   endloop
 endfacet
 facet normal -0.000000e+00  0.000000e+00 -1.000000e+00
   outer loop
     vertex  2.039800e+00  2.199822e+00  1.170000e+01
     vertex  7.914728e-01  9.019816e-01  1.170000e+01
     vertex  1.978682e+00  2.254954e+00  1.170000e+01
   endloop
 endfacet
 facet normal  0.000000e+00  0.000000e+00 -1.000000e+00
   outer loop
     vertex  2.039800e+00  2.199822e+00  1.170000e+01
     vertex  8.159199e-01  8.799288e-01  1.170000e+01
     vertex  7.914728e-01  9.019816e-01  1.170000e+01
   endloop
 endfacet
 facet normal  0.000000e+00  0.000000e+00 -1.000000e+00
   outer loop
     vertex  2.157384e+00  2.084633e+00  1.170000e+01
     vertex  8.855048e-01  8.098650e-01  1.170000e+01
     vertex  8.629536e-01  8.338532e-01  1.170000e+01
   endloop
 endfacet
 facet normal  0.000000e+00 -0.000000e+00 -1.000000e+00
   outer loop
     vertex  2.157384e+00  2.084633e+00  1.170000e+01
     vertex  2.213762e+00  2.024663e+00  1.170000e+01
     vertex  8.855048e-01  8.098650e-01  1.170000e+01
   endloop
 endfacet
 facet normal  0.000000e+00  0.000000e+00 -1.000000e+00
   outer loop
     vertex  2.099382e+00  2.143034e+00  1.170000e+01
     vertex  8.629536e-01  8.338532e-01  1.170000e+01
     vertex  8.397528e-01  8.572136e-01  1.170000e+01
   endloop
 endfacet
 facet normal  0.000000e+00  0.000000e+00 -1.000000e+00
   outer loop
     vertex  2.099382e+00  2.143034e+00  1.170000e+01
     vertex  8.397528e-01  8.572136e-01  1.170000e+01
     vertex  8.159199e-01  8.799288e-01  1.170000e+01
   endloop
 endfacet
 facet normal  0.000000e+00 -0.000000e+00 -1.000000e+00
   outer loop
     vertex  2.099382e+00  2.143034e+00  1.170000e+01
     vertex  2.157384e+00  2.084633e+00  1.170000e+01
     vertex  8.629536e-01  8.338532e-01  1.170000e+01
   endloop
 endfacet
 facet normal -0.000000e+00  0.000000e+00 -1.000000e+00
   outer loop
     vertex  2.099382e+00  2.143034e+00  1.170000e+01
     vertex  8.159199e-01  8.799288e-01  1.170000e+01
     vertex  2.039800e+00  2.199822e+00  1.170000e+01
   endloop
 endfacet
 facet normal  0.000000e+00  0.000000e+00  1.000000e+00
   outer loop
     vertex -1.344237e+00 -1.866287e+00  1.620000e+01
     vertex -1.444574e+00 -1.789750e+00  1.620000e+01
     vertex -1.394930e+00 -1.828707e+00  1.620000e+01
   endloop
 endfacet
 facet normal  0.000000e+00  0.000000e+00  1.000000e+00
   outer loop
     vertex -1.875464e+00 -1.331403e+00  1.620000e+01
     vertex -1.838232e+00 -1.382354e+00  1.620000e+01
     vertex -1.799617e+00 -1.432264e+00  1.620000e+01
   endloop
 endfacet
 facet normal  0.000000e+00  0.000000e+00  1.000000e+00
   outer loop
     vertex -1.875464e+00 -1.331403e+00  1.620000e+01
     vertex -1.799617e+00 -1.432264e+00  1.620000e+01
     vertex -1.759647e+00 -1.481095e+00  1.620000e+01
   endloop
 endfacet
 facet normal  0.000000e+00  0.000000e+00  1.000000e+00
   outer loop
     vertex -1.875464e+00 -1.331403e+00  1.620000e+01
     vertex -1.759647e+00 -1.481095e+00  1.620000e+01
     vertex -1.718352e+00 -1.528812e+00  1.620000e+01
   endloop
 endfacet
 facet normal  0.000000e+00  0.000000e+00  1.000000e+00
   outer loop
     vertex -1.875464e+00 -1.331403e+00  1.620000e+01
     vertex -1.718352e+00 -1.528812e+00  1.620000e+01
     vertex -1.675764e+00 -1.575378e+00  1.620000e+01
   endloop
 endfacet
 facet normal  0.000000e+00  0.000000e+00  1.000000e+00
   outer loop
     vertex -1.875464e+00 -1.331403e+00  1.620000e+01
     vertex -1.675764e+00 -1.575378e+00  1.620000e+01
     vertex -1.631914e+00 -1.620758e+00  1.620000e+01
   endloop
 endfacet
 facet normal  0.000000e+00  0.000000e+00  1.000000e+00
   outer loop
     vertex -1.875464e+00 -1.331403e+00  1.620000e+01
     vertex -1.631914e+00 -1.620758e+00  1.620000e+01
     vertex -1.586836e+00 -1.664918e+00  1.620000e+01
   endloop
 endfacet
 facet normal  0.000000e+00  0.000000e+00  1.000000e+00
   outer loop
     vertex -1.875464e+00 -1.331403e+00  1.620000e+01
     vertex -1.586836e+00 -1.664918e+00  1.620000e+01
     vertex -1.540563e+00 -1.707825e+00  1.620000e+01
   endloop
 endfacet
 facet normal  0.000000e+00  0.000000e+00  1.000000e+00
   outer loop
     vertex -1.978581e+00 -1.172696e+00  1.620000e+01
     vertex -1.945665e+00 -1.226535e+00  1.620000e+01
     vertex -1.911284e+00 -1.279451e+00  1.620000e+01
   endloop
 endfacet
 facet normal  0.000000e+00  0.000000e+00  1.000000e+00
   outer loop
     vertex -1.131735e+00 -2.002293e+00  1.620000e+01
     vertex -1.344237e+00 -1.866287e+00  1.620000e+01
     vertex -1.292531e+00 -1.902463e+00  1.620000e+01
   endloop
 endfacet
 facet normal  0.000000e+00  0.000000e+00  1.000000e+00
   outer loop
     vertex -1.131735e+00 -2.002293e+00  1.620000e+01
     vertex -1.292531e+00 -1.902463e+00  1.620000e+01
     vertex -1.239852e+00 -1.937206e+00  1.620000e+01
   endloop
 endfacet
 facet normal  0.000000e+00  0.000000e+00  1.000000e+00
   outer loop
     vertex -1.131735e+00 -2.002293e+00  1.620000e+01
     vertex -1.239852e+00 -1.937206e+00  1.620000e+01
     vertex -1.186240e+00 -1.970491e+00  1.620000e+01
   endloop
 endfacet
 facet normal  0.000000e+00  0.000000e+00  1.000000e+00
   outer loop
     vertex -1.131735e+00 -2.002293e+00  1.620000e+01
     vertex -1.444574e+00 -1.789750e+00  1.620000e+01
     vertex -1.344237e+00 -1.866287e+00  1.620000e+01
   endloop
 endfacet
 facet normal  0.000000e+00  0.000000e+00  1.000000e+00
   outer loop
     vertex -2.039923e+00 -1.062411e+00  1.620000e+01
     vertex -2.010009e+00 -1.117974e+00  1.620000e+01
     vertex -1.978581e+00 -1.172696e+00  1.620000e+01
   endloop
 endfacet
 facet normal  0.000000e+00  0.000000e+00  1.000000e+00
   outer loop
     vertex -2.095122e+00 -9.489268e-01  1.620000e+01
     vertex -2.068301e+00 -1.006047e+00  1.620000e+01
     vertex -2.039923e+00 -1.062411e+00  1.620000e+01
   endloop
 endfacet
 facet normal  0.000000e+00  0.000000e+00  1.000000e+00
   outer loop
     vertex -9.056152e-01 -2.114205e+00  1.620000e+01
     vertex -1.131735e+00 -2.002293e+00  1.620000e+01
     vertex -1.076378e+00 -2.032587e+00  1.620000e+01
   endloop
 endfacet
 facet normal  0.000000e+00  0.000000e+00  1.000000e+00
   outer loop
     vertex -9.056152e-01 -2.114205e+00  1.620000e+01
     vertex -1.076378e+00 -2.032587e+00  1.620000e+01
     vertex -1.020211e+00 -2.061351e+00  1.620000e+01
   endloop
 endfacet
 facet normal  0.000000e+00  0.000000e+00  1.000000e+00
   outer loop
     vertex -9.056152e-01 -2.114205e+00  1.620000e+01
     vertex -1.020211e+00 -2.061351e+00  1.620000e+01
     vertex -9.632756e-01 -2.088564e+00  1.620000e+01
   endloop
 endfacet
 facet normal  0.000000e+00  0.000000e+00  1.000000e+00
   outer loop
     vertex -2.144015e+00 -8.325863e-01  1.620000e+01
     vertex -2.120367e+00 -8.910919e-01  1.620000e+01
     vertex -2.095122e+00 -9.489268e-01  1.620000e+01
   endloop
 endfacet
 facet normal  0.000000e+00  0.000000e+00  1.000000e+00
   outer loop
     vertex -2.144015e+00 -8.325863e-01  1.620000e+01
     vertex -2.039923e+00 -1.062411e+00  1.620000e+01
     vertex -1.978581e+00 -1.172696e+00  1.620000e+01
   endloop
 endfacet
 facet normal  0.000000e+00  0.000000e+00  1.000000e+00
   outer loop
     vertex -2.144015e+00 -8.325863e-01  1.620000e+01
     vertex -1.978581e+00 -1.172696e+00  1.620000e+01
     vertex -1.911284e+00 -1.279451e+00  1.620000e+01
   endloop
 endfacet
 facet normal  0.000000e+00  0.000000e+00  1.000000e+00
   outer loop
     vertex -2.144015e+00 -8.325863e-01  1.620000e+01
     vertex -2.095122e+00 -9.489268e-01  1.620000e+01
     vertex -2.039923e+00 -1.062411e+00  1.620000e+01
   endloop
 endfacet
 facet normal  0.000000e+00  0.000000e+00  1.000000e+00
   outer loop
     vertex -7.882933e-01 -2.160693e+00  1.620000e+01
     vertex -9.056152e-01 -2.114205e+00  1.620000e+01
     vertex -8.472732e-01 -2.138254e+00  1.620000e+01
   endloop
 endfacet
 facet normal  0.000000e+00  0.000000e+00  1.000000e+00
   outer loop
     vertex -6.685983e-01 -2.200676e+00  1.620000e+01
     vertex -7.882933e-01 -2.160693e+00  1.620000e+01
     vertex -7.287201e-01 -2.181506e+00  1.620000e+01
   endloop
 endfacet
 facet normal  0.000000e+00  0.000000e+00  1.000000e+00
   outer loop
     vertex -6.079732e-01 -2.218190e+00  1.620000e+01
     vertex -7.882933e-01 -2.160693e+00  1.620000e+01
     vertex -6.685983e-01 -2.200676e+00  1.620000e+01
   endloop
 endfacet
 facet normal  0.000000e+00  0.000000e+00  1.000000e+00
   outer loop
     vertex -5.468904e-01 -2.234035e+00  1.620000e+01
     vertex -7.882933e-01 -2.160693e+00  1.620000e+01
     vertex -6.079732e-01 -2.218190e+00  1.620000e+01
   endloop
 endfacet
 facet normal  0.000000e+00  0.000000e+00  1.000000e+00
   outer loop
     vertex -2.237733e+00 -5.315536e-01  1.620000e+01
     vertex -2.222308e+00 -5.927436e-01  1.620000e+01
     vertex -2.205211e+00 -6.534874e-01  1.620000e+01
   endloop
 endfacet
 facet normal  0.000000e+00  0.000000e+00  1.000000e+00
   outer loop
     vertex -4.853959e-01 -2.248197e+00  1.620000e+01
     vertex -7.882933e-01 -2.160693e+00  1.620000e+01
     vertex -5.468904e-01 -2.234035e+00  1.620000e+01
   endloop
 endfacet
 facet normal  0.000000e+00  0.000000e+00  1.000000e+00
   outer loop
     vertex -4.853959e-01 -2.248197e+00  1.620000e+01
     vertex -9.056152e-01 -2.114205e+00  1.620000e+01
     vertex -7.882933e-01 -2.160693e+00  1.620000e+01
   endloop
 endfacet
 facet normal  0.000000e+00  0.000000e+00  1.000000e+00
   outer loop
     vertex -2.263519e+00 -4.080195e-01  1.620000e+01
     vertex -2.237733e+00 -5.315536e-01  1.620000e+01
     vertex -2.205211e+00 -6.534874e-01  1.620000e+01
   endloop
 endfacet
 facet normal  0.000000e+00  0.000000e+00  1.000000e+00
   outer loop
     vertex -2.263519e+00 -4.080195e-01  1.620000e+01
     vertex -2.251474e+00 -4.699634e-01  1.620000e+01
     vertex -2.237733e+00 -5.315536e-01  1.620000e+01
   endloop
 endfacet
 facet normal  0.000000e+00  0.000000e+00  1.000000e+00
   outer loop
     vertex -3.613574e-01 -2.271436e+00  1.620000e+01
     vertex -4.853959e-01 -2.248197e+00  1.620000e+01
     vertex -4.235361e-01 -2.260667e+00  1.620000e+01
   endloop
 endfacet
 facet normal  0.000000e+00  0.000000e+00  1.000000e+00
   outer loop
     vertex -2.289403e+00 -2.205325e-01  1.620000e+01
     vertex -2.282491e+00 -2.832571e-01  1.620000e+01
     vertex -2.273861e+00 -3.457684e-01  1.620000e+01
   endloop
 endfacet
 facet normal  0.000000e+00  0.000000e+00  1.000000e+00
   outer loop
     vertex -1.733775e-01 -2.293456e+00  1.620000e+01
     vertex -4.853959e-01 -2.248197e+00  1.620000e+01
     vertex -3.613574e-01 -2.271436e+00  1.620000e+01
   endloop
 endfacet
 facet normal  0.000000e+00  0.000000e+00  1.000000e+00
   outer loop
     vertex -1.733775e-01 -2.293456e+00  1.620000e+01
     vertex -3.613574e-01 -2.271436e+00  1.620000e+01
     vertex -2.989067e-01 -2.280494e+00  1.620000e+01
   endloop
 endfacet
 facet normal  0.000000e+00  0.000000e+00  1.000000e+00
   outer loop
     vertex -1.733775e-01 -2.293456e+00  1.620000e+01
     vertex -2.989067e-01 -2.280494e+00  1.620000e+01
     vertex -2.362310e-01 -2.287836e+00  1.620000e+01
   endloop
 endfacet
 facet normal  0.000000e+00  0.000000e+00  1.000000e+00
   outer loop
     vertex -2.298052e+00 -9.463262e-02  1.620000e+01
     vertex -2.294591e+00 -1.576419e-01  1.620000e+01
     vertex -2.289403e+00 -2.205325e-01  1.620000e+01
   endloop
 endfacet
 facet normal  0.000000e+00  0.000000e+00  1.000000e+00
   outer loop
     vertex -4.732633e-02 -2.299513e+00  1.620000e+01
     vertex -1.733775e-01 -2.293456e+00  1.620000e+01
     vertex -1.103935e-01 -2.297349e+00  1.620000e+01
   endloop
 endfacet
 facet normal  0.000000e+00  0.000000e+00  1.000000e+00
   outer loop
     vertex -2.299784e+00  3.155212e-02  1.620000e+01
     vertex -2.299784e+00 -3.155212e-02  1.620000e+01
     vertex -2.298052e+00 -9.463262e-02  1.620000e+01
   endloop
 endfacet
 facet normal  0.000000e+00  0.000000e+00  1.000000e+00
   outer loop
     vertex -2.289403e+00  2.205325e-01  1.620000e+01
     vertex -2.294591e+00  1.576419e-01  1.620000e+01
     vertex -2.298052e+00  9.463262e-02  1.620000e+01
   endloop
 endfacet
 facet normal  0.000000e+00  0.000000e+00  1.000000e+00
   outer loop
     vertex -2.289403e+00  2.205325e-01  1.620000e+01
     vertex -2.298052e+00  9.463262e-02  1.620000e+01
     vertex -2.299784e+00  3.155212e-02  1.620000e+01
   endloop
 endfacet
 facet normal  0.000000e+00  0.000000e+00  1.000000e+00
   outer loop
     vertex  2.675941e-01 -2.284380e+00  1.620000e+01
     vertex  1.577643e-02 -2.299946e+00  1.620000e+01
     vertex  7.886732e-02 -2.298647e+00  1.620000e+01
   endloop
 endfacet
 facet normal  0.000000e+00  0.000000e+00  1.000000e+00
   outer loop
     vertex  2.675941e-01 -2.284380e+00  1.620000e+01
     vertex  7.886732e-02 -2.298647e+00  1.620000e+01
     vertex  1.418988e-01 -2.295619e+00  1.620000e+01
   endloop
 endfacet
 facet normal  0.000000e+00  0.000000e+00  1.000000e+00
   outer loop
     vertex  2.675941e-01 -2.284380e+00  1.620000e+01
     vertex  1.418988e-01 -2.295619e+00  1.620000e+01
     vertex  2.048235e-01 -2.290862e+00  1.620000e+01
   endloop
 endfacet
 facet normal  0.000000e+00  0.000000e+00  1.000000e+00
   outer loop
     vertex -2.273861e+00  3.457684e-01  1.620000e+01
     vertex -2.282491e+00  2.832571e-01  1.620000e+01
     vertex -2.289403e+00  2.205325e-01  1.620000e+01
   endloop
 endfacet
 facet normal  0.000000e+00  0.000000e+00  1.000000e+00
   outer loop
     vertex  3.924837e-01 -2.266265e+00  1.620000e+01
     vertex  2.675941e-01 -2.284380e+00  1.620000e+01
     vertex  3.301631e-01 -2.276179e+00  1.620000e+01
   endloop
 endfacet
 facet normal  0.000000e+00  0.000000e+00  1.000000e+00
   outer loop
     vertex -2.251474e+00  4.699634e-01  1.620000e+01
     vertex -2.263519e+00  4.080195e-01  1.620000e+01
     vertex -2.273861e+00  3.457684e-01  1.620000e+01
   endloop
 endfacet
 facet normal  0.000000e+00  0.000000e+00  1.000000e+00
   outer loop
     vertex -2.251474e+00  4.699634e-01  1.620000e+01
     vertex -2.263519e+00 -4.080195e-01  1.620000e+01
     vertex -2.205211e+00 -6.534874e-01  1.620000e+01
   endloop
 endfacet
 facet normal  0.000000e+00  0.000000e+00  1.000000e+00
   outer loop
     vertex -2.251474e+00  4.699634e-01  1.620000e+01
     vertex -2.273861e+00 -3.457684e-01  1.620000e+01
     vertex -2.263519e+00 -4.080195e-01  1.620000e+01
   endloop
 endfacet
 facet normal  0.000000e+00  0.000000e+00  1.000000e+00
   outer loop
     vertex -2.251474e+00  4.699634e-01  1.620000e+01
     vertex -2.205211e+00 -6.534874e-01  1.620000e+01
     vertex -2.186453e+00 -7.137393e-01  1.620000e+01
   endloop
 endfacet
 facet normal  0.000000e+00  0.000000e+00  1.000000e+00
   outer loop
     vertex -2.251474e+00  4.699634e-01  1.620000e+01
     vertex -2.186453e+00 -7.137393e-01  1.620000e+01
     vertex -2.166049e+00 -7.734539e-01  1.620000e+01
   endloop
 endfacet
 facet normal  0.000000e+00  0.000000e+00  1.000000e+00
   outer loop
     vertex -2.251474e+00  4.699634e-01  1.620000e+01
     vertex -2.289403e+00 -2.205325e-01  1.620000e+01
     vertex -2.273861e+00 -3.457684e-01  1.620000e+01
   endloop
 endfacet
 facet normal  0.000000e+00  0.000000e+00  1.000000e+00
   outer loop
     vertex -2.251474e+00  4.699634e-01  1.620000e+01
     vertex -2.166049e+00 -7.734539e-01  1.620000e+01
     vertex -2.144015e+00 -8.325863e-01  1.620000e+01
   endloop
 endfacet
 facet normal  0.000000e+00  0.000000e+00  1.000000e+00
   outer loop
     vertex -2.251474e+00  4.699634e-01  1.620000e+01
     vertex -2.298052e+00 -9.463262e-02  1.620000e+01
     vertex -2.289403e+00 -2.205325e-01  1.620000e+01
   endloop
 endfacet
 facet normal  0.000000e+00  0.000000e+00  1.000000e+00
   outer loop
     vertex -2.251474e+00  4.699634e-01  1.620000e+01
     vertex -2.273861e+00  3.457684e-01  1.620000e+01
     vertex -2.289403e+00  2.205325e-01  1.620000e+01
   endloop
 endfacet
 facet normal  0.000000e+00  0.000000e+00  1.000000e+00
   outer loop
     vertex -2.251474e+00  4.699634e-01  1.620000e+01
     vertex -2.299784e+00  3.155212e-02  1.620000e+01
     vertex -2.298052e+00 -9.463262e-02  1.620000e+01
   endloop
 endfacet
 facet normal  0.000000e+00  0.000000e+00  1.000000e+00
   outer loop
     vertex -2.251474e+00  4.699634e-01  1.620000e+01
     vertex -2.289403e+00  2.205325e-01  1.620000e+01
     vertex -2.299784e+00  3.155212e-02  1.620000e+01
   endloop
 endfacet
 facet normal  0.000000e+00  0.000000e+00  1.000000e+00
   outer loop
     vertex  5.161917e-01 -2.241327e+00  1.620000e+01
     vertex  2.675941e-01 -2.284380e+00  1.620000e+01
     vertex  3.924837e-01 -2.266265e+00  1.620000e+01
   endloop
 endfacet
 facet normal  0.000000e+00  0.000000e+00  1.000000e+00
   outer loop
     vertex  5.161917e-01 -2.241327e+00  1.620000e+01
     vertex  3.924837e-01 -2.266265e+00  1.620000e+01
     vertex  4.545088e-01 -2.254644e+00  1.620000e+01
   endloop
 endfacet
 facet normal  0.000000e+00  0.000000e+00  1.000000e+00
   outer loop
     vertex  5.774861e-01 -2.226322e+00  1.620000e+01
     vertex  2.675941e-01 -2.284380e+00  1.620000e+01
     vertex  5.161917e-01 -2.241327e+00  1.620000e+01
   endloop
 endfacet
 facet normal  0.000000e+00  0.000000e+00  1.000000e+00
   outer loop
     vertex -2.222308e+00  5.927436e-01  1.620000e+01
     vertex -2.237733e+00  5.315536e-01  1.620000e+01
     vertex -2.251474e+00  4.699634e-01  1.620000e+01
   endloop
 endfacet
 facet normal  0.000000e+00  0.000000e+00  1.000000e+00
   outer loop
     vertex  6.383458e-01 -2.209641e+00  1.620000e+01
     vertex  2.675941e-01 -2.284380e+00  1.620000e+01
     vertex  5.774861e-01 -2.226322e+00  1.620000e+01
   endloop
 endfacet
 facet normal  0.000000e+00  0.000000e+00  1.000000e+00
   outer loop
     vertex -2.205211e+00  6.534874e-01  1.620000e+01
     vertex -2.222308e+00  5.927436e-01  1.620000e+01
     vertex -2.251474e+00  4.699634e-01  1.620000e+01
   endloop
 endfacet
 facet normal  0.000000e+00  0.000000e+00  1.000000e+00
   outer loop
     vertex  7.585781e-01 -2.171304e+00  1.620000e+01
     vertex  1.577643e-02 -2.299946e+00  1.620000e+01
     vertex  2.675941e-01 -2.284380e+00  1.620000e+01
   endloop
 endfacet
 facet normal  0.000000e+00  0.000000e+00  1.000000e+00
   outer loop
     vertex  7.585781e-01 -2.171304e+00  1.620000e+01
     vertex -4.732633e-02 -2.299513e+00  1.620000e+01
     vertex  1.577643e-02 -2.299946e+00  1.620000e+01
   endloop
 endfacet
 facet normal  0.000000e+00  0.000000e+00  1.000000e+00
   outer loop
     vertex  7.585781e-01 -2.171304e+00  1.620000e+01
     vertex  2.675941e-01 -2.284380e+00  1.620000e+01
     vertex  6.383458e-01 -2.209641e+00  1.620000e+01
   endloop
 endfacet
 facet normal  0.000000e+00  0.000000e+00  1.000000e+00
   outer loop
     vertex  7.585781e-01 -2.171304e+00  1.620000e+01
     vertex  6.383458e-01 -2.209641e+00  1.620000e+01
     vertex  6.987249e-01 -2.191297e+00  1.620000e+01
   endloop
 endfacet
 facet normal  0.000000e+00  0.000000e+00  1.000000e+00
   outer loop
     vertex -2.166049e+00  7.734539e-01  1.620000e+01
     vertex -2.186453e+00  7.137393e-01  1.620000e+01
     vertex -2.205211e+00  6.534874e-01  1.620000e+01
   endloop
 endfacet
 facet normal  0.000000e+00  0.000000e+00  1.000000e+00
   outer loop
     vertex  8.178602e-01 -2.149675e+00  1.620000e+01
     vertex -4.732633e-02 -2.299513e+00  1.620000e+01
     vertex  7.585781e-01 -2.171304e+00  1.620000e+01
   endloop
 endfacet
 facet normal  0.000000e+00  0.000000e+00  1.000000e+00
   outer loop
     vertex -2.120367e+00  8.910919e-01  1.620000e+01
     vertex -2.144015e+00  8.325863e-01  1.620000e+01
     vertex -2.166049e+00  7.734539e-01  1.620000e+01
   endloop
 endfacet
 facet normal  0.000000e+00  0.000000e+00  1.000000e+00
   outer loop
     vertex  1.048393e+00 -2.047162e+00  1.620000e+01
     vertex  8.765267e-01 -2.126429e+00  1.620000e+01
     vertex  9.345333e-01 -2.101582e+00  1.620000e+01
   endloop
 endfacet
 facet normal  0.000000e+00  0.000000e+00  1.000000e+00
   outer loop
     vertex  1.048393e+00 -2.047162e+00  1.620000e+01
     vertex  9.345333e-01 -2.101582e+00  1.620000e+01
     vertex  9.918365e-01 -2.075153e+00  1.620000e+01
   endloop
 endfacet
 facet normal  0.000000e+00  0.000000e+00  1.000000e+00
   outer loop
     vertex -2.039923e+00  1.062411e+00  1.620000e+01
     vertex -2.068301e+00  1.006047e+00  1.620000e+01
     vertex -2.095122e+00  9.489268e-01  1.620000e+01
   endloop
 endfacet
 facet normal  0.000000e+00  0.000000e+00  1.000000e+00
   outer loop
     vertex  1.104160e+00 -2.017630e+00  1.620000e+01
     vertex  8.765267e-01 -2.126429e+00  1.620000e+01
     vertex  1.048393e+00 -2.047162e+00  1.620000e+01
   endloop
 endfacet
 facet normal  0.000000e+00  0.000000e+00  1.000000e+00
   outer loop
     vertex -2.010009e+00  1.117974e+00  1.620000e+01
     vertex -2.039923e+00  1.062411e+00  1.620000e+01
     vertex -2.095122e+00  9.489268e-01  1.620000e+01
   endloop
 endfacet
 facet normal  0.000000e+00  0.000000e+00  1.000000e+00
   outer loop
     vertex -2.010009e+00  1.117974e+00  1.620000e+01
     vertex -2.095122e+00  9.489268e-01  1.620000e+01
     vertex -2.120367e+00  8.910919e-01  1.620000e+01
   endloop
 endfacet
 facet normal  0.000000e+00  0.000000e+00  1.000000e+00
   outer loop
     vertex  1.159097e+00 -1.986579e+00  1.620000e+01
     vertex  8.765267e-01 -2.126429e+00  1.620000e+01
     vertex  1.104160e+00 -2.017630e+00  1.620000e+01
   endloop
 endfacet
 facet normal  0.000000e+00  0.000000e+00  1.000000e+00
   outer loop
     vertex -1.978581e+00  1.172696e+00  1.620000e+01
     vertex -2.120367e+00  8.910919e-01  1.620000e+01
     vertex -2.166049e+00  7.734539e-01  1.620000e+01
   endloop
 endfacet
 facet normal  0.000000e+00  0.000000e+00  1.000000e+00
   outer loop
     vertex -1.978581e+00  1.172696e+00  1.620000e+01
     vertex -2.010009e+00  1.117974e+00  1.620000e+01
     vertex -2.120367e+00  8.910919e-01  1.620000e+01
   endloop
 endfacet
 facet normal  0.000000e+00  0.000000e+00  1.000000e+00
   outer loop
     vertex  1.266311e+00 -1.920015e+00  1.620000e+01
     vertex  8.765267e-01 -2.126429e+00  1.620000e+01
     vertex  1.159097e+00 -1.986579e+00  1.620000e+01
   endloop
 endfacet
 facet normal  0.000000e+00  0.000000e+00  1.000000e+00
   outer loop
     vertex  1.266311e+00 -1.920015e+00  1.620000e+01
     vertex  1.159097e+00 -1.986579e+00  1.620000e+01
     vertex  1.213160e+00 -1.954032e+00  1.620000e+01
   endloop
 endfacet
 facet normal  0.000000e+00  0.000000e+00  1.000000e+00
   outer loop
     vertex -1.875464e+00  1.331403e+00  1.620000e+01
     vertex -1.911284e+00  1.279451e+00  1.620000e+01
     vertex -1.945665e+00  1.226535e+00  1.620000e+01
   endloop
 endfacet
 facet normal  0.000000e+00  0.000000e+00  1.000000e+00
   outer loop
     vertex -1.875464e+00  1.331403e+00  1.620000e+01
     vertex -1.945665e+00  1.226535e+00  1.620000e+01
     vertex -1.978581e+00  1.172696e+00  1.620000e+01
   endloop
 endfacet
 facet normal  0.000000e+00  0.000000e+00  1.000000e+00
   outer loop
     vertex  1.419886e+00 -1.809399e+00  1.620000e+01
     vertex  1.266311e+00 -1.920015e+00  1.620000e+01
     vertex  1.318508e+00 -1.884552e+00  1.620000e+01
   endloop
 endfacet
 facet normal  0.000000e+00  0.000000e+00  1.000000e+00
   outer loop
     vertex  1.419886e+00 -1.809399e+00  1.620000e+01
     vertex  1.318508e+00 -1.884552e+00  1.620000e+01
     vertex  1.369712e+00 -1.847671e+00  1.620000e+01
   endloop
 endfacet
 facet normal  0.000000e+00  0.000000e+00  1.000000e+00
   outer loop
     vertex -1.799617e+00  1.432264e+00  1.620000e+01
     vertex -1.875464e+00  1.331403e+00  1.620000e+01
     vertex -1.978581e+00  1.172696e+00  1.620000e+01
   endloop
 endfacet
 facet normal  0.000000e+00  0.000000e+00  1.000000e+00
   outer loop
     vertex -1.799617e+00  1.432264e+00  1.620000e+01
     vertex -2.166049e+00  7.734539e-01  1.620000e+01
     vertex -2.205211e+00  6.534874e-01  1.620000e+01
   endloop
 endfacet
 facet normal  0.000000e+00  0.000000e+00  1.000000e+00
   outer loop
     vertex -1.799617e+00  1.432264e+00  1.620000e+01
     vertex -1.838232e+00  1.382354e+00  1.620000e+01
     vertex -1.875464e+00  1.331403e+00  1.620000e+01
   endloop
 endfacet
 facet normal  0.000000e+00  0.000000e+00  1.000000e+00
   outer loop
     vertex -1.799617e+00  1.432264e+00  1.620000e+01
     vertex -1.978581e+00  1.172696e+00  1.620000e+01
     vertex -2.166049e+00  7.734539e-01  1.620000e+01
   endloop
 endfacet
 facet normal  0.000000e+00  0.000000e+00  1.000000e+00
   outer loop
     vertex  1.468991e+00 -1.769765e+00  1.620000e+01
     vertex  8.765267e-01 -2.126429e+00  1.620000e+01
     vertex  1.266311e+00 -1.920015e+00  1.620000e+01
   endloop
 endfacet
 facet normal  0.000000e+00  0.000000e+00  1.000000e+00
   outer loop
     vertex  1.468991e+00 -1.769765e+00  1.620000e+01
     vertex  1.266311e+00 -1.920015e+00  1.620000e+01
     vertex  1.419886e+00 -1.809399e+00  1.620000e+01
   endloop
 endfacet
 facet normal  0.000000e+00  0.000000e+00  1.000000e+00
   outer loop
     vertex -1.718352e+00  1.528812e+00  1.620000e+01
     vertex -1.759647e+00  1.481095e+00  1.620000e+01
     vertex -1.799617e+00  1.432264e+00  1.620000e+01
   endloop
 endfacet
 facet normal  0.000000e+00  0.000000e+00  1.000000e+00
   outer loop
     vertex  1.563846e+00 -1.686530e+00  1.620000e+01
     vertex  8.765267e-01 -2.126429e+00  1.620000e+01
     vertex  1.468991e+00 -1.769765e+00  1.620000e+01
   endloop
 endfacet
 facet normal  0.000000e+00  0.000000e+00  1.000000e+00
   outer loop
     vertex  1.563846e+00 -1.686530e+00  1.620000e+01
     vertex  8.178602e-01 -2.149675e+00  1.620000e+01
     vertex  8.765267e-01 -2.126429e+00  1.620000e+01
   endloop
 endfacet
 facet normal  0.000000e+00  0.000000e+00  1.000000e+00
   outer loop
     vertex  1.563846e+00 -1.686530e+00  1.620000e+01
     vertex  1.468991e+00 -1.769765e+00  1.620000e+01
     vertex  1.516990e+00 -1.728798e+00  1.620000e+01
   endloop
 endfacet
 facet normal  0.000000e+00  0.000000e+00  1.000000e+00
   outer loop
     vertex  1.609526e+00 -1.642993e+00  1.620000e+01
     vertex -4.853959e-01 -2.248197e+00  1.620000e+01
     vertex -1.733775e-01 -2.293456e+00  1.620000e+01
   endloop
 endfacet
 facet normal  0.000000e+00  0.000000e+00  1.000000e+00
   outer loop
     vertex  1.609526e+00 -1.642993e+00  1.620000e+01
     vertex -9.056152e-01 -2.114205e+00  1.620000e+01
     vertex -4.853959e-01 -2.248197e+00  1.620000e+01
   endloop
 endfacet
 facet normal  0.000000e+00  0.000000e+00  1.000000e+00
   outer loop
     vertex  1.609526e+00 -1.642993e+00  1.620000e+01
     vertex -1.733775e-01 -2.293456e+00  1.620000e+01
     vertex -4.732633e-02 -2.299513e+00  1.620000e+01
   endloop
 endfacet
 facet normal  0.000000e+00  0.000000e+00  1.000000e+00
   outer loop
     vertex  1.609526e+00 -1.642993e+00  1.620000e+01
     vertex -1.540563e+00 -1.707825e+00  1.620000e+01
     vertex -1.493131e+00 -1.749446e+00  1.620000e+01
   endloop
 endfacet
 facet normal  0.000000e+00  0.000000e+00  1.000000e+00
   outer loop
     vertex  1.609526e+00 -1.642993e+00  1.620000e+01
     vertex -1.493131e+00 -1.749446e+00  1.620000e+01
     vertex -1.444574e+00 -1.789750e+00  1.620000e+01
   endloop
 endfacet
 facet normal  0.000000e+00  0.000000e+00  1.000000e+00
   outer loop
     vertex  1.609526e+00 -1.642993e+00  1.620000e+01
     vertex  8.178602e-01 -2.149675e+00  1.620000e+01
     vertex  1.563846e+00 -1.686530e+00  1.620000e+01
   endloop
 endfacet
 facet normal  0.000000e+00  0.000000e+00  1.000000e+00
   outer loop
     vertex  1.609526e+00 -1.642993e+00  1.620000e+01
     vertex -1.444574e+00 -1.789750e+00  1.620000e+01
     vertex -1.131735e+00 -2.002293e+00  1.620000e+01
   endloop
 endfacet
 facet normal  0.000000e+00  0.000000e+00  1.000000e+00
   outer loop
     vertex  1.609526e+00 -1.642993e+00  1.620000e+01
     vertex -1.131735e+00 -2.002293e+00  1.620000e+01
     vertex -9.056152e-01 -2.114205e+00  1.620000e+01
   endloop
 endfacet
 facet normal  0.000000e+00  0.000000e+00  1.000000e+00
   outer loop
     vertex  1.609526e+00 -1.642993e+00  1.620000e+01
     vertex -4.732633e-02 -2.299513e+00  1.620000e+01
     vertex  8.178602e-01 -2.149675e+00  1.620000e+01
   endloop
 endfacet
 facet normal  0.000000e+00  0.000000e+00  1.000000e+00
   outer loop
     vertex -1.631914e+00  1.620758e+00  1.620000e+01
     vertex -1.718352e+00  1.528812e+00  1.620000e+01
     vertex -1.799617e+00  1.432264e+00  1.620000e+01
   endloop
 endfacet
 facet normal  0.000000e+00  0.000000e+00  1.000000e+00
   outer loop
     vertex -1.631914e+00  1.620758e+00  1.620000e+01
     vertex -1.675764e+00  1.575378e+00  1.620000e+01
     vertex -1.718352e+00  1.528812e+00  1.620000e+01
   endloop
 endfacet
 facet normal  0.000000e+00  0.000000e+00  1.000000e+00
   outer loop
     vertex -1.586836e+00  1.664918e+00  1.620000e+01
     vertex -1.631914e+00  1.620758e+00  1.620000e+01
     vertex -1.799617e+00  1.432264e+00  1.620000e+01
   endloop
 endfacet
 facet normal  0.000000e+00  0.000000e+00  1.000000e+00
   outer loop
     vertex  1.697217e+00 -1.552241e+00  1.620000e+01
     vertex  1.609526e+00 -1.642993e+00  1.620000e+01
     vertex  1.653994e+00 -1.598219e+00  1.620000e+01
   endloop
 endfacet
 facet normal  0.000000e+00  0.000000e+00  1.000000e+00
   outer loop
     vertex  1.739163e+00 -1.505095e+00  1.620000e+01
     vertex  1.609526e+00 -1.642993e+00  1.620000e+01
     vertex  1.697217e+00 -1.552241e+00  1.620000e+01
   endloop
 endfacet
 facet normal  0.000000e+00  0.000000e+00  1.000000e+00
   outer loop
     vertex  1.739163e+00 -1.505095e+00  1.620000e+01
     vertex -1.540563e+00 -1.707825e+00  1.620000e+01
     vertex  1.609526e+00 -1.642993e+00  1.620000e+01
   endloop
 endfacet
 facet normal  0.000000e+00  0.000000e+00  1.000000e+00
   outer loop
     vertex -1.493131e+00  1.749446e+00  1.620000e+01
     vertex -1.540563e+00  1.707825e+00  1.620000e+01
     vertex -1.586836e+00  1.664918e+00  1.620000e+01
   endloop
 endfacet
 facet normal  0.000000e+00  0.000000e+00  1.000000e+00
   outer loop
     vertex -1.394930e+00  1.828707e+00  1.620000e+01
     vertex -1.493131e+00  1.749446e+00  1.620000e+01
     vertex -1.586836e+00  1.664918e+00  1.620000e+01
   endloop
 endfacet
 facet normal  0.000000e+00  0.000000e+00  1.000000e+00
   outer loop
     vertex -1.394930e+00  1.828707e+00  1.620000e+01
     vertex -1.444574e+00  1.789750e+00  1.620000e+01
     vertex -1.493131e+00  1.749446e+00  1.620000e+01
   endloop
 endfacet
 facet normal  0.000000e+00  0.000000e+00  1.000000e+00
   outer loop
     vertex  1.857023e+00 -1.357006e+00  1.620000e+01
     vertex  1.739163e+00 -1.505095e+00  1.620000e+01
     vertex  1.779799e+00 -1.456817e+00  1.620000e+01
   endloop
 endfacet
 facet normal  0.000000e+00  0.000000e+00  1.000000e+00
   outer loop
     vertex  1.857023e+00 -1.357006e+00  1.620000e+01
     vertex  1.779799e+00 -1.456817e+00  1.620000e+01
     vertex  1.819096e+00 -1.407441e+00  1.620000e+01
   endloop
 endfacet
 facet normal  0.000000e+00  0.000000e+00  1.000000e+00
   outer loop
     vertex -1.292531e+00  1.902463e+00  1.620000e+01
     vertex -1.799617e+00  1.432264e+00  1.620000e+01
     vertex -2.205211e+00  6.534874e-01  1.620000e+01
   endloop
 endfacet
 facet normal  0.000000e+00  0.000000e+00  1.000000e+00
   outer loop
     vertex -1.292531e+00  1.902463e+00  1.620000e+01
     vertex -1.586836e+00  1.664918e+00  1.620000e+01
     vertex -1.799617e+00  1.432264e+00  1.620000e+01
   endloop
 endfacet
 facet normal  0.000000e+00  0.000000e+00  1.000000e+00
   outer loop
     vertex -1.292531e+00  1.902463e+00  1.620000e+01
     vertex -1.394930e+00  1.828707e+00  1.620000e+01
     vertex -1.586836e+00  1.664918e+00  1.620000e+01
   endloop
 endfacet
 facet normal  0.000000e+00  0.000000e+00  1.000000e+00
   outer loop
     vertex -1.292531e+00  1.902463e+00  1.620000e+01
     vertex -2.205211e+00  6.534874e-01  1.620000e+01
     vertex -2.251474e+00  4.699634e-01  1.620000e+01
   endloop
 endfacet
 facet normal  0.000000e+00  0.000000e+00  1.000000e+00
   outer loop
     vertex -1.292531e+00  1.902463e+00  1.620000e+01
     vertex -1.344237e+00  1.866287e+00  1.620000e+01
     vertex -1.394930e+00  1.828707e+00  1.620000e+01
   endloop
 endfacet
 facet normal  0.000000e+00  0.000000e+00  1.000000e+00
   outer loop
     vertex  1.928656e+00 -1.253111e+00  1.620000e+01
     vertex  1.857023e+00 -1.357006e+00  1.620000e+01
     vertex  1.893552e+00 -1.305550e+00  1.620000e+01
   endloop
 endfacet
 facet normal  0.000000e+00  0.000000e+00  1.000000e+00
   outer loop
     vertex  1.928656e+00 -1.253111e+00  1.620000e+01
     vertex  1.739163e+00 -1.505095e+00  1.620000e+01
     vertex  1.857023e+00 -1.357006e+00  1.620000e+01
   endloop
 endfacet
 facet normal  0.000000e+00  0.000000e+00  1.000000e+00
   outer loop
     vertex -1.186240e+00  1.970491e+00  1.620000e+01
     vertex -1.239852e+00  1.937206e+00  1.620000e+01
     vertex -1.292531e+00  1.902463e+00  1.620000e+01
   endloop
 endfacet
 facet normal  0.000000e+00  0.000000e+00  1.000000e+00
   outer loop
     vertex  1.994483e+00 -1.145443e+00  1.620000e+01
     vertex  1.928656e+00 -1.253111e+00  1.620000e+01
     vertex  1.962308e+00 -1.199728e+00  1.620000e+01
   endloop
 endfacet
 facet normal  0.000000e+00  0.000000e+00  1.000000e+00
   outer loop
     vertex  2.025156e+00 -1.090295e+00  1.620000e+01
     vertex  1.928656e+00 -1.253111e+00  1.620000e+01
     vertex  1.994483e+00 -1.145443e+00  1.620000e+01
   endloop
 endfacet
 facet normal  0.000000e+00  0.000000e+00  1.000000e+00
   outer loop
     vertex  2.054305e+00 -1.034326e+00  1.620000e+01
     vertex  1.928656e+00 -1.253111e+00  1.620000e+01
     vertex  2.025156e+00 -1.090295e+00  1.620000e+01
   endloop
 endfacet
 facet normal  0.000000e+00  0.000000e+00  1.000000e+00
   outer loop
     vertex -1.020211e+00  2.061351e+00  1.620000e+01
     vertex -1.076378e+00  2.032587e+00  1.620000e+01
     vertex -1.131735e+00  2.002293e+00  1.620000e+01
   endloop
 endfacet
 facet normal  0.000000e+00  0.000000e+00  1.000000e+00
   outer loop
     vertex -9.632756e-01  2.088564e+00  1.620000e+01
     vertex -1.020211e+00  2.061351e+00  1.620000e+01
     vertex -1.131735e+00  2.002293e+00  1.620000e+01
   endloop
 endfacet
 facet normal  0.000000e+00  0.000000e+00  1.000000e+00
   outer loop
     vertex -9.632756e-01  2.088564e+00  1.620000e+01
     vertex -1.131735e+00  2.002293e+00  1.620000e+01
     vertex -1.186240e+00  1.970491e+00  1.620000e+01
   endloop
 endfacet
 facet normal  0.000000e+00  0.000000e+00  1.000000e+00
   outer loop
     vertex  2.132392e+00 -8.619202e-01  1.620000e+01
     vertex  1.928656e+00 -1.253111e+00  1.620000e+01
     vertex  2.054305e+00 -1.034326e+00  1.620000e+01
   endloop
 endfacet
 facet normal  0.000000e+00  0.000000e+00  1.000000e+00
   outer loop
     vertex  2.132392e+00 -8.619202e-01  1.620000e+01
     vertex  2.054305e+00 -1.034326e+00  1.620000e+01
     vertex  2.081908e+00 -9.775790e-01  1.620000e+01
   endloop
 endfacet
 facet normal  0.000000e+00  0.000000e+00  1.000000e+00
   outer loop
     vertex  2.132392e+00 -8.619202e-01  1.620000e+01
     vertex  2.081908e+00 -9.775790e-01  1.620000e+01
     vertex  2.107943e+00 -9.200959e-01  1.620000e+01
   endloop
 endfacet
 facet normal  0.000000e+00  0.000000e+00  1.000000e+00
   outer loop
     vertex -8.472732e-01  2.138254e+00  1.620000e+01
     vertex -9.056152e-01  2.114205e+00  1.620000e+01
     vertex -9.632756e-01  2.088564e+00  1.620000e+01
   endloop
 endfacet
 facet normal  0.000000e+00  0.000000e+00  1.000000e+00
   outer loop
     vertex  2.155235e+00 -8.030957e-01  1.620000e+01
     vertex  1.928656e+00 -1.253111e+00  1.620000e+01
     vertex  2.132392e+00 -8.619202e-01  1.620000e+01
   endloop
 endfacet
 facet normal  0.000000e+00  0.000000e+00  1.000000e+00
   outer loop
     vertex  2.176456e+00 -7.436666e-01  1.620000e+01
     vertex  1.928656e+00 -1.253111e+00  1.620000e+01
     vertex  2.155235e+00 -8.030957e-01  1.620000e+01
   endloop
 endfacet
 facet normal  0.000000e+00  0.000000e+00  1.000000e+00
   outer loop
     vertex  2.196038e+00 -6.836777e-01  1.620000e+01
     vertex  1.928656e+00 -1.253111e+00  1.620000e+01
     vertex  2.176456e+00 -7.436666e-01  1.620000e+01
   endloop
 endfacet
 facet normal  0.000000e+00  0.000000e+00  1.000000e+00
   outer loop
     vertex -6.685983e-01  2.200676e+00  1.620000e+01
     vertex -9.632756e-01  2.088564e+00  1.620000e+01
     vertex -1.186240e+00  1.970491e+00  1.620000e+01
   endloop
 endfacet
 facet normal  0.000000e+00  0.000000e+00  1.000000e+00
   outer loop
     vertex -6.685983e-01  2.200676e+00  1.620000e+01
     vertex -8.472732e-01  2.138254e+00  1.620000e+01
     vertex -9.632756e-01  2.088564e+00  1.620000e+01
   endloop
 endfacet
 facet normal  0.000000e+00  0.000000e+00  1.000000e+00
   outer loop
     vertex -6.685983e-01  2.200676e+00  1.620000e+01
     vertex -7.287201e-01  2.181506e+00  1.620000e+01
     vertex -7.882933e-01  2.160693e+00  1.620000e+01
   endloop
 endfacet
 facet normal  0.000000e+00  0.000000e+00  1.000000e+00
   outer loop
     vertex -6.685983e-01  2.200676e+00  1.620000e+01
     vertex -7.882933e-01  2.160693e+00  1.620000e+01
     vertex -8.472732e-01  2.138254e+00  1.620000e+01
   endloop
 endfacet
 facet normal  0.000000e+00  0.000000e+00  1.000000e+00
   outer loop
     vertex -6.685983e-01  2.200676e+00  1.620000e+01
     vertex -1.186240e+00  1.970491e+00  1.620000e+01
     vertex -1.292531e+00  1.902463e+00  1.620000e+01
   endloop
 endfacet
 facet normal  0.000000e+00  0.000000e+00  1.000000e+00
   outer loop
     vertex  2.213968e+00 -6.231741e-01  1.620000e+01
     vertex  1.928656e+00 -1.253111e+00  1.620000e+01
     vertex  2.196038e+00 -6.836777e-01  1.620000e+01
   endloop
 endfacet
 facet normal  0.000000e+00  0.000000e+00  1.000000e+00
   outer loop
     vertex  2.213968e+00 -6.231741e-01  1.620000e+01
     vertex  1.739163e+00 -1.505095e+00  1.620000e+01
     vertex  1.928656e+00 -1.253111e+00  1.620000e+01
   endloop
 endfacet
 facet normal  0.000000e+00  0.000000e+00  1.000000e+00
   outer loop
     vertex -5.468904e-01  2.234035e+00  1.620000e+01
     vertex -6.079732e-01  2.218190e+00  1.620000e+01
     vertex -6.685983e-01  2.200676e+00  1.620000e+01
   endloop
 endfacet
 facet normal  0.000000e+00  0.000000e+00  1.000000e+00
   outer loop
     vertex  2.244815e+00 -5.008056e-01  1.620000e+01
     vertex  2.213968e+00 -6.231741e-01  1.620000e+01
     vertex  2.230231e+00 -5.622015e-01  1.620000e+01
   endloop
 endfacet
 facet normal  0.000000e+00  0.000000e+00  1.000000e+00
   outer loop
     vertex  2.244815e+00 -5.008056e-01  1.620000e+01
     vertex -1.911284e+00 -1.279451e+00  1.620000e+01
     vertex -1.875464e+00 -1.331403e+00  1.620000e+01
   endloop
 endfacet
 facet normal  0.000000e+00  0.000000e+00  1.000000e+00
   outer loop
     vertex  2.244815e+00 -5.008056e-01  1.620000e+01
     vertex -1.540563e+00 -1.707825e+00  1.620000e+01
     vertex  1.739163e+00 -1.505095e+00  1.620000e+01
   endloop
 endfacet
 facet normal  0.000000e+00  0.000000e+00  1.000000e+00
   outer loop
     vertex  2.244815e+00 -5.008056e-01  1.620000e+01
     vertex -1.875464e+00 -1.331403e+00  1.620000e+01
     vertex -1.540563e+00 -1.707825e+00  1.620000e+01
   endloop
 endfacet
 facet normal  0.000000e+00  0.000000e+00  1.000000e+00
   outer loop
     vertex  2.244815e+00 -5.008056e-01  1.620000e+01
     vertex  1.739163e+00 -1.505095e+00  1.620000e+01
     vertex  2.213968e+00 -6.231741e-01  1.620000e+01
   endloop
 endfacet
 facet normal  0.000000e+00  0.000000e+00  1.000000e+00
   outer loop
     vertex -4.853959e-01  2.248197e+00  1.620000e+01
     vertex -5.468904e-01  2.234035e+00  1.620000e+01
     vertex -6.685983e-01  2.200676e+00  1.620000e+01
   endloop
 endfacet
 facet normal  0.000000e+00  0.000000e+00  1.000000e+00
   outer loop
     vertex -3.613574e-01  2.271436e+00  1.620000e+01
     vertex -4.235361e-01  2.260667e+00  1.620000e+01
     vertex -4.853959e-01  2.248197e+00  1.620000e+01
   endloop
 endfacet
 facet normal  0.000000e+00  0.000000e+00  1.000000e+00
   outer loop
     vertex  2.278390e+00 -3.145423e-01  1.620000e+01
     vertex  2.257709e+00 -4.390328e-01  1.620000e+01
     vertex  2.268904e+00 -3.769294e-01  1.620000e+01
   endloop
 endfacet
 facet normal  0.000000e+00  0.000000e+00  1.000000e+00
   outer loop
     vertex  2.286162e+00 -2.519185e-01  1.620000e+01
     vertex  2.244815e+00 -5.008056e-01  1.620000e+01
     vertex  2.257709e+00 -4.390328e-01  1.620000e+01
   endloop
 endfacet
 facet normal  0.000000e+00  0.000000e+00  1.000000e+00
   outer loop
     vertex  2.286162e+00 -2.519185e-01  1.620000e+01
     vertex  2.257709e+00 -4.390328e-01  1.620000e+01
     vertex  2.278390e+00 -3.145423e-01  1.620000e+01
   endloop
 endfacet
 facet normal  0.000000e+00  0.000000e+00  1.000000e+00
   outer loop
     vertex  2.292213e+00 -1.891050e-01  1.620000e+01
     vertex  2.244815e+00 -5.008056e-01  1.620000e+01
     vertex  2.286162e+00 -2.519185e-01  1.620000e+01
   endloop
 endfacet
 facet normal  0.000000e+00  0.000000e+00  1.000000e+00
   outer loop
     vertex -1.733775e-01  2.293456e+00  1.620000e+01
     vertex -4.853959e-01  2.248197e+00  1.620000e+01
     vertex -6.685983e-01  2.200676e+00  1.620000e+01
   endloop
 endfacet
 facet normal  0.000000e+00  0.000000e+00  1.000000e+00
   outer loop
     vertex -1.733775e-01  2.293456e+00  1.620000e+01
     vertex -6.685983e-01  2.200676e+00  1.620000e+01
     vertex -1.292531e+00  1.902463e+00  1.620000e+01
   endloop
 endfacet
 facet normal  0.000000e+00  0.000000e+00  1.000000e+00
   outer loop
     vertex -1.733775e-01  2.293456e+00  1.620000e+01
     vertex -3.613574e-01  2.271436e+00  1.620000e+01
     vertex -4.853959e-01  2.248197e+00  1.620000e+01
   endloop
 endfacet
 facet normal  0.000000e+00  0.000000e+00  1.000000e+00
   outer loop
     vertex -1.733775e-01  2.293456e+00  1.620000e+01
     vertex -2.362310e-01  2.287836e+00  1.620000e+01
     vertex -2.989067e-01  2.280494e+00  1.620000e+01
   endloop
 endfacet
 facet normal  0.000000e+00  0.000000e+00  1.000000e+00
   outer loop
     vertex -1.733775e-01  2.293456e+00  1.620000e+01
     vertex -2.989067e-01  2.280494e+00  1.620000e+01
     vertex -3.613574e-01  2.271436e+00  1.620000e+01
   endloop
 endfacet
 facet normal  0.000000e+00  0.000000e+00  1.000000e+00
   outer loop
     vertex -1.733775e-01  2.293456e+00  1.620000e+01
     vertex -1.292531e+00  1.902463e+00  1.620000e+01
     vertex -2.251474e+00  4.699634e-01  1.620000e+01
   endloop
 endfacet
 facet normal  0.000000e+00  0.000000e+00  1.000000e+00
   outer loop
     vertex  2.296538e+00 -1.261491e-01  1.620000e+01
     vertex  2.244815e+00 -5.008056e-01  1.620000e+01
     vertex  2.292213e+00 -1.891050e-01  1.620000e+01
   endloop
 endfacet
 facet normal  0.000000e+00  0.000000e+00  1.000000e+00
   outer loop
     vertex  2.299134e+00 -6.309831e-02  1.620000e+01
     vertex  2.244815e+00 -5.008056e-01  1.620000e+01
     vertex  2.296538e+00 -1.261491e-01  1.620000e+01
   endloop
 endfacet
 facet normal  0.000000e+00  0.000000e+00  1.000000e+00
   outer loop
     vertex -4.732633e-02  2.299513e+00  1.620000e+01
     vertex -1.103935e-01  2.297349e+00  1.620000e+01
     vertex -1.733775e-01  2.293456e+00  1.620000e+01
   endloop
 endfacet
 facet normal  0.000000e+00  0.000000e+00  1.000000e+00
   outer loop
     vertex  2.296538e+00  1.261491e-01  1.620000e+01
     vertex  2.300000e+00 -5.633375e-16  1.620000e+01
     vertex  2.299134e+00  6.309831e-02  1.620000e+01
   endloop
 endfacet
 facet normal  0.000000e+00  0.000000e+00  1.000000e+00
   outer loop
     vertex  2.296538e+00  1.261491e-01  1.620000e+01
     vertex  2.299134e+00 -6.309831e-02  1.620000e+01
     vertex  2.300000e+00 -5.633375e-16  1.620000e+01
   endloop
 endfacet
 facet normal  0.000000e+00  0.000000e+00  1.000000e+00
   outer loop
     vertex  2.296538e+00  1.261491e-01  1.620000e+01
     vertex  2.244815e+00 -5.008056e-01  1.620000e+01
     vertex  2.299134e+00 -6.309831e-02  1.620000e+01
   endloop
 endfacet
 facet normal  0.000000e+00  0.000000e+00  1.000000e+00
   outer loop
     vertex  1.418988e-01  2.295619e+00  1.620000e+01
     vertex  7.886732e-02  2.298647e+00  1.620000e+01
     vertex  1.577643e-02  2.299946e+00  1.620000e+01
   endloop
 endfacet
 facet normal  0.000000e+00  0.000000e+00  1.000000e+00
   outer loop
     vertex  1.418988e-01  2.295619e+00  1.620000e+01
     vertex  1.577643e-02  2.299946e+00  1.620000e+01
     vertex -4.732633e-02  2.299513e+00  1.620000e+01
   endloop
 endfacet
 facet normal  0.000000e+00  0.000000e+00  1.000000e+00
   outer loop
     vertex  1.418988e-01  2.295619e+00  1.620000e+01
     vertex -4.732633e-02  2.299513e+00  1.620000e+01
     vertex -1.733775e-01  2.293456e+00  1.620000e+01
   endloop
 endfacet
 facet normal  0.000000e+00  0.000000e+00  1.000000e+00
   outer loop
     vertex  2.048235e-01  2.290862e+00  1.620000e+01
     vertex  1.418988e-01  2.295619e+00  1.620000e+01
     vertex -1.733775e-01  2.293456e+00  1.620000e+01
   endloop
 endfacet
 facet normal  0.000000e+00  0.000000e+00  1.000000e+00
   outer loop
     vertex  2.278390e+00  3.145423e-01  1.620000e+01
     vertex  2.296538e+00  1.261491e-01  1.620000e+01
     vertex  2.292213e+00  1.891050e-01  1.620000e+01
   endloop
 endfacet
 facet normal  0.000000e+00  0.000000e+00  1.000000e+00
   outer loop
     vertex  2.278390e+00  3.145423e-01  1.620000e+01
     vertex  2.292213e+00  1.891050e-01  1.620000e+01
     vertex  2.286162e+00  2.519185e-01  1.620000e+01
   endloop
 endfacet
 facet normal  0.000000e+00  0.000000e+00  1.000000e+00
   outer loop
     vertex  3.924837e-01  2.266265e+00  1.620000e+01
     vertex  3.301631e-01  2.276179e+00  1.620000e+01
     vertex  2.675941e-01  2.284380e+00  1.620000e+01
   endloop
 endfacet
 facet normal  0.000000e+00  0.000000e+00  1.000000e+00
   outer loop
     vertex  3.924837e-01  2.266265e+00  1.620000e+01
     vertex  2.675941e-01  2.284380e+00  1.620000e+01
     vertex  2.048235e-01  2.290862e+00  1.620000e+01
   endloop
 endfacet
 facet normal  0.000000e+00  0.000000e+00  1.000000e+00
   outer loop
     vertex  3.924837e-01  2.266265e+00  1.620000e+01
     vertex  2.048235e-01  2.290862e+00  1.620000e+01
     vertex -1.733775e-01  2.293456e+00  1.620000e+01
   endloop
 endfacet
 facet normal  0.000000e+00  0.000000e+00  1.000000e+00
   outer loop
     vertex  2.244815e+00  5.008056e-01  1.620000e+01
     vertex  2.278390e+00  3.145423e-01  1.620000e+01
     vertex  2.268904e+00  3.769294e-01  1.620000e+01
   endloop
 endfacet
 facet normal  0.000000e+00  0.000000e+00  1.000000e+00
   outer loop
     vertex  2.244815e+00  5.008056e-01  1.620000e+01
     vertex  2.268904e+00  3.769294e-01  1.620000e+01
     vertex  2.257709e+00  4.390328e-01  1.620000e+01
   endloop
 endfacet
 facet normal  0.000000e+00  0.000000e+00  1.000000e+00
   outer loop
     vertex  2.230231e+00  5.622015e-01  1.620000e+01
     vertex  2.278390e+00  3.145423e-01  1.620000e+01
     vertex  2.244815e+00  5.008056e-01  1.620000e+01
   endloop
 endfacet
 facet normal  0.000000e+00  0.000000e+00  1.000000e+00
   outer loop
     vertex  6.383458e-01  2.209641e+00  1.620000e+01
     vertex  5.774861e-01  2.226322e+00  1.620000e+01
     vertex  5.161917e-01  2.241327e+00  1.620000e+01
   endloop
 endfacet
 facet normal  0.000000e+00  0.000000e+00  1.000000e+00
   outer loop
     vertex  6.383458e-01  2.209641e+00  1.620000e+01
     vertex  5.161917e-01  2.241327e+00  1.620000e+01
     vertex  4.545088e-01  2.254644e+00  1.620000e+01
   endloop
 endfacet
 facet normal  0.000000e+00  0.000000e+00  1.000000e+00
   outer loop
     vertex  6.987249e-01  2.191297e+00  1.620000e+01
     vertex  6.383458e-01  2.209641e+00  1.620000e+01
     vertex  4.545088e-01  2.254644e+00  1.620000e+01
   endloop
 endfacet
 facet normal  0.000000e+00  0.000000e+00  1.000000e+00
   outer loop
     vertex  6.987249e-01  2.191297e+00  1.620000e+01
     vertex  4.545088e-01  2.254644e+00  1.620000e+01
     vertex  3.924837e-01  2.266265e+00  1.620000e+01
   endloop
 endfacet
 facet normal  0.000000e+00  0.000000e+00  1.000000e+00
   outer loop
     vertex  7.585781e-01  2.171304e+00  1.620000e+01
     vertex  6.987249e-01  2.191297e+00  1.620000e+01
     vertex  3.924837e-01  2.266265e+00  1.620000e+01
   endloop
 endfacet
 facet normal  0.000000e+00  0.000000e+00  1.000000e+00
   outer loop
     vertex  2.155235e+00  8.030957e-01  1.620000e+01
     vertex  2.230231e+00  5.622015e-01  1.620000e+01
     vertex  2.213968e+00  6.231741e-01  1.620000e+01
   endloop
 endfacet
 facet normal  0.000000e+00  0.000000e+00  1.000000e+00
   outer loop
     vertex  2.155235e+00  8.030957e-01  1.620000e+01
     vertex  2.213968e+00  6.231741e-01  1.620000e+01
     vertex  2.196038e+00  6.836777e-01  1.620000e+01
   endloop
 endfacet
 facet normal  0.000000e+00  0.000000e+00  1.000000e+00
   outer loop
     vertex  2.155235e+00  8.030957e-01  1.620000e+01
     vertex  2.196038e+00  6.836777e-01  1.620000e+01
     vertex  2.176456e+00  7.436666e-01  1.620000e+01
   endloop
 endfacet
 facet normal  0.000000e+00  0.000000e+00  1.000000e+00
   outer loop
     vertex  2.107943e+00  9.200959e-01  1.620000e+01
     vertex  2.278390e+00  3.145423e-01  1.620000e+01
     vertex  2.230231e+00  5.622015e-01  1.620000e+01
   endloop
 endfacet
 facet normal  0.000000e+00  0.000000e+00  1.000000e+00
   outer loop
     vertex  2.107943e+00  9.200959e-01  1.620000e+01
     vertex  2.155235e+00  8.030957e-01  1.620000e+01
     vertex  2.132392e+00  8.619202e-01  1.620000e+01
   endloop
 endfacet
 facet normal  0.000000e+00  0.000000e+00  1.000000e+00
   outer loop
     vertex  2.107943e+00  9.200959e-01  1.620000e+01
     vertex  2.230231e+00  5.622015e-01  1.620000e+01
     vertex  2.155235e+00  8.030957e-01  1.620000e+01
   endloop
 endfacet
 facet normal  0.000000e+00  0.000000e+00  1.000000e+00
   outer loop
     vertex  9.345333e-01  2.101582e+00  1.620000e+01
     vertex  8.765267e-01  2.126429e+00  1.620000e+01
     vertex  8.178602e-01  2.149675e+00  1.620000e+01
   endloop
 endfacet
 facet normal  0.000000e+00  0.000000e+00  1.000000e+00
   outer loop
     vertex  9.345333e-01  2.101582e+00  1.620000e+01
     vertex  8.178602e-01  2.149675e+00  1.620000e+01
     vertex  7.585781e-01  2.171304e+00  1.620000e+01
   endloop
 endfacet
 facet normal  0.000000e+00  0.000000e+00  1.000000e+00
   outer loop
     vertex  2.081908e+00  9.775790e-01  1.620000e+01
     vertex  2.278390e+00  3.145423e-01  1.620000e+01
     vertex  2.107943e+00  9.200959e-01  1.620000e+01
   endloop
 endfacet
 facet normal  0.000000e+00  0.000000e+00  1.000000e+00
   outer loop
     vertex  2.081908e+00  9.775790e-01  1.620000e+01
     vertex  2.296538e+00  1.261491e-01  1.620000e+01
     vertex  2.278390e+00  3.145423e-01  1.620000e+01
   endloop
 endfacet
 facet normal  0.000000e+00  0.000000e+00  1.000000e+00
   outer loop
     vertex  9.918365e-01  2.075153e+00  1.620000e+01
     vertex  7.585781e-01  2.171304e+00  1.620000e+01
     vertex  3.924837e-01  2.266265e+00  1.620000e+01
   endloop
 endfacet
 facet normal  0.000000e+00  0.000000e+00  1.000000e+00
   outer loop
     vertex  9.918365e-01  2.075153e+00  1.620000e+01
     vertex  9.345333e-01  2.101582e+00  1.620000e+01
     vertex  7.585781e-01  2.171304e+00  1.620000e+01
   endloop
 endfacet
 facet normal  0.000000e+00  0.000000e+00  1.000000e+00
   outer loop
     vertex  2.025156e+00  1.090295e+00  1.620000e+01
     vertex  2.081908e+00  9.775790e-01  1.620000e+01
     vertex  2.054305e+00  1.034326e+00  1.620000e+01
   endloop
 endfacet
 facet normal  0.000000e+00  0.000000e+00  1.000000e+00
   outer loop
     vertex  2.025156e+00  1.090295e+00  1.620000e+01
     vertex  2.296538e+00  1.261491e-01  1.620000e+01
     vertex  2.081908e+00  9.775790e-01  1.620000e+01
   endloop
 endfacet
 facet normal  0.000000e+00  0.000000e+00  1.000000e+00
   outer loop
     vertex  1.104160e+00  2.017630e+00  1.620000e+01
     vertex  1.048393e+00  2.047162e+00  1.620000e+01
     vertex  9.918365e-01  2.075153e+00  1.620000e+01
   endloop
 endfacet
 facet normal  0.000000e+00  0.000000e+00  1.000000e+00
   outer loop
     vertex  1.159097e+00  1.986579e+00  1.620000e+01
     vertex  1.104160e+00  2.017630e+00  1.620000e+01
     vertex  9.918365e-01  2.075153e+00  1.620000e+01
   endloop
 endfacet
 facet normal  0.000000e+00  0.000000e+00  1.000000e+00
   outer loop
     vertex  1.159097e+00  1.986579e+00  1.620000e+01
     vertex  3.924837e-01  2.266265e+00  1.620000e+01
     vertex -1.733775e-01  2.293456e+00  1.620000e+01
   endloop
 endfacet
 facet normal  0.000000e+00  0.000000e+00  1.000000e+00
   outer loop
     vertex  1.159097e+00  1.986579e+00  1.620000e+01
     vertex  9.918365e-01  2.075153e+00  1.620000e+01
     vertex  3.924837e-01  2.266265e+00  1.620000e+01
   endloop
 endfacet
 facet normal  0.000000e+00  0.000000e+00  1.000000e+00
   outer loop
     vertex  1.213160e+00  1.954032e+00  1.620000e+01
     vertex  1.159097e+00  1.986579e+00  1.620000e+01
     vertex -1.733775e-01  2.293456e+00  1.620000e+01
   endloop
 endfacet
 facet normal  0.000000e+00  0.000000e+00  1.000000e+00
   outer loop
     vertex  1.928656e+00  1.253111e+00  1.620000e+01
     vertex  2.025156e+00  1.090295e+00  1.620000e+01
     vertex  1.994483e+00  1.145443e+00  1.620000e+01
   endloop
 endfacet
 facet normal  0.000000e+00  0.000000e+00  1.000000e+00
   outer loop
     vertex  1.928656e+00  1.253111e+00  1.620000e+01
     vertex  1.994483e+00  1.145443e+00  1.620000e+01
     vertex  1.962308e+00  1.199728e+00  1.620000e+01
   endloop
 endfacet
 facet normal  0.000000e+00  0.000000e+00  1.000000e+00
   outer loop
     vertex  1.266311e+00  1.920015e+00  1.620000e+01
     vertex  1.213160e+00  1.954032e+00  1.620000e+01
     vertex -1.733775e-01  2.293456e+00  1.620000e+01
   endloop
 endfacet
 facet normal  0.000000e+00  0.000000e+00  1.000000e+00
   outer loop
     vertex  1.893552e+00  1.305550e+00  1.620000e+01
     vertex  2.296538e+00  1.261491e-01  1.620000e+01
     vertex  2.025156e+00  1.090295e+00  1.620000e+01
   endloop
 endfacet
 facet normal  0.000000e+00  0.000000e+00  1.000000e+00
   outer loop
     vertex  1.893552e+00  1.305550e+00  1.620000e+01
     vertex -1.911284e+00 -1.279451e+00  1.620000e+01
     vertex  2.244815e+00 -5.008056e-01  1.620000e+01
   endloop
 endfacet
 facet normal  0.000000e+00  0.000000e+00  1.000000e+00
   outer loop
     vertex  1.893552e+00  1.305550e+00  1.620000e+01
     vertex -2.251474e+00  4.699634e-01  1.620000e+01
     vertex -2.144015e+00 -8.325863e-01  1.620000e+01
   endloop
 endfacet
 facet normal  0.000000e+00  0.000000e+00  1.000000e+00
   outer loop
     vertex  1.893552e+00  1.305550e+00  1.620000e+01
     vertex  2.025156e+00  1.090295e+00  1.620000e+01
     vertex  1.928656e+00  1.253111e+00  1.620000e+01
   endloop
 endfacet
 facet normal  0.000000e+00  0.000000e+00  1.000000e+00
   outer loop
     vertex  1.893552e+00  1.305550e+00  1.620000e+01
     vertex -2.144015e+00 -8.325863e-01  1.620000e+01
     vertex -1.911284e+00 -1.279451e+00  1.620000e+01
   endloop
 endfacet
 facet normal  0.000000e+00  0.000000e+00  1.000000e+00
   outer loop
     vertex  1.893552e+00  1.305550e+00  1.620000e+01
     vertex  2.244815e+00 -5.008056e-01  1.620000e+01
     vertex  2.296538e+00  1.261491e-01  1.620000e+01
   endloop
 endfacet
 facet normal  0.000000e+00  0.000000e+00  1.000000e+00
   outer loop
     vertex  1.369712e+00  1.847671e+00  1.620000e+01
     vertex  1.318508e+00  1.884552e+00  1.620000e+01
     vertex  1.266311e+00  1.920015e+00  1.620000e+01
   endloop
 endfacet
 facet normal  0.000000e+00  0.000000e+00  1.000000e+00
   outer loop
     vertex  1.419886e+00  1.809399e+00  1.620000e+01
     vertex  1.893552e+00  1.305550e+00  1.620000e+01
     vertex  1.857023e+00  1.357006e+00  1.620000e+01
   endloop
 endfacet
 facet normal  0.000000e+00  0.000000e+00  1.000000e+00
   outer loop
     vertex  1.419886e+00  1.809399e+00  1.620000e+01
     vertex  1.857023e+00  1.357006e+00  1.620000e+01
     vertex  1.819096e+00  1.407441e+00  1.620000e+01
   endloop
 endfacet
 facet normal  0.000000e+00  0.000000e+00  1.000000e+00
   outer loop
     vertex  1.419886e+00  1.809399e+00  1.620000e+01
     vertex -2.251474e+00  4.699634e-01  1.620000e+01
     vertex  1.893552e+00  1.305550e+00  1.620000e+01
   endloop
 endfacet
 facet normal  0.000000e+00  0.000000e+00  1.000000e+00
   outer loop
     vertex  1.419886e+00  1.809399e+00  1.620000e+01
     vertex  1.266311e+00  1.920015e+00  1.620000e+01
     vertex -1.733775e-01  2.293456e+00  1.620000e+01
   endloop
 endfacet
 facet normal  0.000000e+00  0.000000e+00  1.000000e+00
   outer loop
     vertex  1.419886e+00  1.809399e+00  1.620000e+01
     vertex -1.733775e-01  2.293456e+00  1.620000e+01
     vertex -2.251474e+00  4.699634e-01  1.620000e+01
   endloop
 endfacet
 facet normal  0.000000e+00  0.000000e+00  1.000000e+00
   outer loop
     vertex  1.419886e+00  1.809399e+00  1.620000e+01
     vertex  1.369712e+00  1.847671e+00  1.620000e+01
     vertex  1.266311e+00  1.920015e+00  1.620000e+01
   endloop
 endfacet
 facet normal  0.000000e+00  0.000000e+00  1.000000e+00
   outer loop
     vertex  1.739163e+00  1.505095e+00  1.620000e+01
     vertex  1.819096e+00  1.407441e+00  1.620000e+01
     vertex  1.779799e+00  1.456817e+00  1.620000e+01
   endloop
 endfacet
 facet normal  0.000000e+00  0.000000e+00  1.000000e+00
   outer loop
     vertex  1.697217e+00  1.552241e+00  1.620000e+01
     vertex  1.819096e+00  1.407441e+00  1.620000e+01
     vertex  1.739163e+00  1.505095e+00  1.620000e+01
   endloop
 endfacet
 facet normal  0.000000e+00  0.000000e+00  1.000000e+00
   outer loop
     vertex  1.653994e+00  1.598219e+00  1.620000e+01
     vertex  1.819096e+00  1.407441e+00  1.620000e+01
     vertex  1.697217e+00  1.552241e+00  1.620000e+01
   endloop
 endfacet
 facet normal  0.000000e+00  0.000000e+00  1.000000e+00
   outer loop
     vertex  1.609526e+00  1.642993e+00  1.620000e+01
     vertex  1.563846e+00  1.686530e+00  1.620000e+01
     vertex  1.516990e+00  1.728798e+00  1.620000e+01
   endloop
 endfacet
 facet normal  0.000000e+00  0.000000e+00  1.000000e+00
   outer loop
     vertex  1.609526e+00  1.642993e+00  1.620000e+01
     vertex  1.516990e+00  1.728798e+00  1.620000e+01
     vertex  1.468991e+00  1.769765e+00  1.620000e+01
   endloop
 endfacet
 facet normal  0.000000e+00  0.000000e+00  1.000000e+00
   outer loop
     vertex  1.609526e+00  1.642993e+00  1.620000e+01
     vertex  1.468991e+00  1.769765e+00  1.620000e+01
     vertex  1.419886e+00  1.809399e+00  1.620000e+01
   endloop
 endfacet
 facet normal  0.000000e+00  0.000000e+00  1.000000e+00
   outer loop
     vertex  1.609526e+00  1.642993e+00  1.620000e+01
     vertex  1.419886e+00  1.809399e+00  1.620000e+01
     vertex  1.819096e+00  1.407441e+00  1.620000e+01
   endloop
 endfacet
 facet normal  0.000000e+00  0.000000e+00  1.000000e+00
   outer loop
     vertex  1.609526e+00  1.642993e+00  1.620000e+01
     vertex  1.819096e+00  1.407441e+00  1.620000e+01
     vertex  1.653994e+00  1.598219e+00  1.620000e+01
   endloop
 endfacet
 facet normal  9.999059e-01  1.371831e-02  0.000000e+00
   outer loop
     vertex  1.199548e+00  3.292086e-02  1.170000e+01
     vertex  1.200000e+00 -2.939152e-16  1.170000e+01
     vertex  1.200000e+00 -2.939152e-16  2.800000e+00
   endloop
 endfacet
 facet normal  9.999059e-01  1.371831e-02  0.000000e+00
   outer loop
     vertex  1.199548e+00  3.292086e-02  1.170000e+01
     vertex  1.200000e+00 -2.939152e-16  2.800000e+00
     vertex  1.199548e+00  3.292086e-02  2.800000e+00
   endloop
 endfacet
 facet normal  9.991532e-01  4.114462e-02  0.000000e+00
   outer loop
     vertex  1.198194e+00  6.581693e-02  1.170000e+01
     vertex  1.199548e+00  3.292086e-02  2.800000e+00
     vertex  1.198194e+00  6.581693e-02  2.800000e+00
   endloop
 endfacet
 facet normal  9.991532e-01  4.114462e-02  0.000000e+00
   outer loop
     vertex  1.198194e+00  6.581693e-02  1.170000e+01
     vertex  1.199548e+00  3.292086e-02  1.170000e+01
     vertex  1.199548e+00  3.292086e-02  2.800000e+00
   endloop
 endfacet
 facet normal  9.976484e-01  6.853995e-02  0.000000e+00
   outer loop
     vertex  1.195937e+00  9.866346e-02  1.170000e+01
     vertex  1.198194e+00  6.581693e-02  2.800000e+00
     vertex  1.195937e+00  9.866346e-02  2.800000e+00
   endloop
 endfacet
 facet normal  9.976484e-01  6.853995e-02  0.000000e+00
   outer loop
     vertex  1.195937e+00  9.866346e-02  1.170000e+01
     vertex  1.198194e+00  6.581693e-02  1.170000e+01
     vertex  1.198194e+00  6.581693e-02  2.800000e+00
   endloop
 endfacet
 facet normal  9.953925e-01  9.588368e-02  0.000000e+00
   outer loop
     vertex  1.192780e+00  1.314357e-01  1.170000e+01
     vertex  1.195937e+00  9.866346e-02  2.800000e+00
     vertex  1.192780e+00  1.314357e-01  2.800000e+00
   endloop
 endfacet
 facet normal  9.953925e-01  9.588368e-02  0.000000e+00
   outer loop
     vertex  1.192780e+00  1.314357e-01  1.170000e+01
     vertex  1.195937e+00  9.866346e-02  1.170000e+01
     vertex  1.195937e+00  9.866346e-02  2.800000e+00
   endloop
 endfacet
 facet normal  9.923874e-01  1.231552e-01  0.000000e+00
   outer loop
     vertex  1.188725e+00  1.641090e-01  1.170000e+01
     vertex  1.192780e+00  1.314357e-01  2.800000e+00
     vertex  1.188725e+00  1.641090e-01  2.800000e+00
   endloop
 endfacet
 facet normal  9.886353e-01  1.503341e-01  0.000000e+00
   outer loop
     vertex  1.188725e+00  1.641090e-01  1.170000e+01
     vertex  1.188725e+00  1.641090e-01  2.800000e+00
     vertex  1.183776e+00  1.966588e-01  2.800000e+00
   endloop
 endfacet
 facet normal  9.923874e-01  1.231552e-01  0.000000e+00
   outer loop
     vertex  1.188725e+00  1.641090e-01  1.170000e+01
     vertex  1.192780e+00  1.314357e-01  1.170000e+01
     vertex  1.192780e+00  1.314357e-01  2.800000e+00
   endloop
 endfacet
 facet normal  9.841389e-01  1.773998e-01  0.000000e+00
   outer loop
     vertex  1.183776e+00  1.966588e-01  1.170000e+01
     vertex  1.183776e+00  1.966588e-01  2.800000e+00
     vertex  1.177935e+00  2.290606e-01  2.800000e+00
   endloop
 endfacet
 facet normal  9.886353e-01  1.503341e-01  0.000000e+00
   outer loop
     vertex  1.183776e+00  1.966588e-01  1.170000e+01
     vertex  1.188725e+00  1.641090e-01  1.170000e+01
     vertex  1.183776e+00  1.966588e-01  2.800000e+00
   endloop
 endfacet
 facet normal  9.789017e-01  2.043319e-01  0.000000e+00
   outer loop
     vertex  1.177935e+00  2.290606e-01  1.170000e+01
     vertex  1.177935e+00  2.290606e-01  2.800000e+00
     vertex  1.171208e+00  2.612899e-01  2.800000e+00
   endloop
 endfacet
 facet normal  9.841389e-01  1.773998e-01  0.000000e+00
   outer loop
     vertex  1.177935e+00  2.290606e-01  1.170000e+01
     vertex  1.183776e+00  1.966588e-01  1.170000e+01
     vertex  1.177935e+00  2.290606e-01  2.800000e+00
   endloop
 endfacet
 facet normal  9.789017e-01  2.043319e-01  0.000000e+00
   outer loop
     vertex  1.171208e+00  2.612899e-01  1.170000e+01
     vertex  1.177935e+00  2.290606e-01  1.170000e+01
     vertex  1.171208e+00  2.612899e-01  2.800000e+00
   endloop
 endfacet
 facet normal  9.729276e-01  2.311102e-01  0.000000e+00
   outer loop
     vertex  1.163599e+00  2.933225e-01  1.170000e+01
     vertex  1.171208e+00  2.612899e-01  2.800000e+00
     vertex  1.163599e+00  2.933225e-01  2.800000e+00
   endloop
 endfacet
 facet normal  9.729276e-01  2.311102e-01  0.000000e+00
   outer loop
     vertex  1.163599e+00  2.933225e-01  1.170000e+01
     vertex  1.171208e+00  2.612899e-01  1.170000e+01
     vertex  1.171208e+00  2.612899e-01  2.800000e+00
   endloop
 endfacet
 facet normal  9.662211e-01  2.577146e-01  0.000000e+00
   outer loop
     vertex  1.155114e+00  3.251343e-01  1.170000e+01
     vertex  1.163599e+00  2.933225e-01  1.170000e+01
     vertex  1.163599e+00  2.933225e-01  2.800000e+00
   endloop
 endfacet
 facet normal  9.662211e-01  2.577146e-01  0.000000e+00
   outer loop
     vertex  1.155114e+00  3.251343e-01  1.170000e+01
     vertex  1.163599e+00  2.933225e-01  2.800000e+00
     vertex  1.155114e+00  3.251343e-01  2.800000e+00
   endloop
 endfacet
 facet normal  9.587873e-01  2.841250e-01  0.000000e+00
   outer loop
     vertex  1.145759e+00  3.567014e-01  1.170000e+01
     vertex  1.155114e+00  3.251343e-01  1.170000e+01
     vertex  1.155114e+00  3.251343e-01  2.800000e+00
   endloop
 endfacet
 facet normal  9.587873e-01  2.841250e-01  0.000000e+00
   outer loop
     vertex  1.145759e+00  3.567014e-01  1.170000e+01
     vertex  1.155114e+00  3.251343e-01  2.800000e+00
     vertex  1.145759e+00  3.567014e-01  2.800000e+00
   endloop
 endfacet
 facet normal  9.506317e-01  3.103214e-01  0.000000e+00
   outer loop
     vertex  1.135542e+00  3.880000e-01  1.170000e+01
     vertex  1.145759e+00  3.567014e-01  1.170000e+01
     vertex  1.145759e+00  3.567014e-01  2.800000e+00
   endloop
 endfacet
 facet normal  9.506317e-01  3.103214e-01  0.000000e+00
   outer loop
     vertex  1.135542e+00  3.880000e-01  1.170000e+01
     vertex  1.145759e+00  3.567014e-01  2.800000e+00
     vertex  1.135542e+00  3.880000e-01  2.800000e+00
   endloop
 endfacet
 facet normal  9.417605e-01  3.362843e-01  0.000000e+00
   outer loop
     vertex  1.124470e+00  4.190064e-01  1.170000e+01
     vertex  1.135542e+00  3.880000e-01  1.170000e+01
     vertex  1.135542e+00  3.880000e-01  2.800000e+00
   endloop
 endfacet
 facet normal  9.417605e-01  3.362843e-01  0.000000e+00
   outer loop
     vertex  1.124470e+00  4.190064e-01  1.170000e+01
     vertex  1.135542e+00  3.880000e-01  2.800000e+00
     vertex  1.124470e+00  4.190064e-01  2.800000e+00
   endloop
 endfacet
 facet normal  9.321804e-01  3.619940e-01  0.000000e+00
   outer loop
     vertex  1.112552e+00  4.496975e-01  1.170000e+01
     vertex  1.124470e+00  4.190064e-01  1.170000e+01
     vertex  1.124470e+00  4.190064e-01  2.800000e+00
   endloop
 endfacet
 facet normal  9.321804e-01  3.619940e-01  0.000000e+00
   outer loop
     vertex  1.112552e+00  4.496975e-01  1.170000e+01
     vertex  1.124470e+00  4.190064e-01  2.800000e+00
     vertex  1.112552e+00  4.496975e-01  2.800000e+00
   endloop
 endfacet
 facet normal  9.218986e-01  3.874313e-01  0.000000e+00
   outer loop
     vertex  1.099796e+00  4.800501e-01  1.170000e+01
     vertex  1.112552e+00  4.496975e-01  1.170000e+01
     vertex  1.112552e+00  4.496975e-01  2.800000e+00
   endloop
 endfacet
 facet normal  9.218986e-01  3.874313e-01  0.000000e+00
   outer loop
     vertex  1.099796e+00  4.800501e-01  1.170000e+01
     vertex  1.112552e+00  4.496975e-01  2.800000e+00
     vertex  1.099796e+00  4.800501e-01  2.800000e+00
   endloop
 endfacet
 facet normal  9.109228e-01  4.125769e-01  0.000000e+00
   outer loop
     vertex  1.099796e+00  4.800501e-01  1.170000e+01
     vertex  1.099796e+00  4.800501e-01  2.800000e+00
     vertex  1.086213e+00  5.100412e-01  2.800000e+00
   endloop
 endfacet
 facet normal  9.109228e-01  4.125769e-01  0.000000e+00
   outer loop
     vertex  1.086213e+00  5.100412e-01  1.170000e+01
     vertex  1.099796e+00  4.800501e-01  1.170000e+01
     vertex  1.086213e+00  5.100412e-01  2.800000e+00
   endloop
 endfacet
 facet normal  8.992613e-01  4.374119e-01  0.000000e+00
   outer loop
     vertex  1.071811e+00  5.396485e-01  1.170000e+01
     vertex  1.086213e+00  5.100412e-01  1.170000e+01
     vertex  1.086213e+00  5.100412e-01  2.800000e+00
   endloop
 endfacet
 facet normal  8.992613e-01  4.374119e-01  0.000000e+00
   outer loop
     vertex  1.071811e+00  5.396485e-01  1.170000e+01
     vertex  1.086213e+00  5.100412e-01  2.800000e+00
     vertex  1.071811e+00  5.396485e-01  2.800000e+00
   endloop
 endfacet
 facet normal  8.869228e-01  4.619176e-01  0.000000e+00
   outer loop
     vertex  1.056603e+00  5.688495e-01  1.170000e+01
     vertex  1.071811e+00  5.396485e-01  1.170000e+01
     vertex  1.071811e+00  5.396485e-01  2.800000e+00
   endloop
 endfacet
 facet normal  8.869228e-01  4.619176e-01  0.000000e+00
   outer loop
     vertex  1.056603e+00  5.688495e-01  1.170000e+01
     vertex  1.071811e+00  5.396485e-01  2.800000e+00
     vertex  1.056603e+00  5.688495e-01  2.800000e+00
   endloop
 endfacet
 facet normal  8.739167e-01  4.860756e-01  0.000000e+00
   outer loop
     vertex  1.040600e+00  5.976223e-01  1.170000e+01
     vertex  1.056603e+00  5.688495e-01  1.170000e+01
     vertex  1.056603e+00  5.688495e-01  2.800000e+00
   endloop
 endfacet
 facet normal  8.739167e-01  4.860756e-01  0.000000e+00
   outer loop
     vertex  1.040600e+00  5.976223e-01  1.170000e+01
     vertex  1.056603e+00  5.688495e-01  2.800000e+00
     vertex  1.040600e+00  5.976223e-01  2.800000e+00
   endloop
 endfacet
 facet normal  8.602528e-01  5.098678e-01  0.000000e+00
   outer loop
     vertex  1.023813e+00  6.259452e-01  1.170000e+01
     vertex  1.040600e+00  5.976223e-01  1.170000e+01
     vertex  1.040600e+00  5.976223e-01  2.800000e+00
   endloop
 endfacet
 facet normal  8.602528e-01  5.098678e-01  0.000000e+00
   outer loop
     vertex  1.023813e+00  6.259452e-01  1.170000e+01
     vertex  1.040600e+00  5.976223e-01  2.800000e+00
     vertex  1.023813e+00  6.259452e-01  2.800000e+00
   endloop
 endfacet
 facet normal  8.459413e-01  5.332761e-01  0.000000e+00
   outer loop
     vertex  1.023813e+00  6.259452e-01  1.170000e+01
     vertex  1.023813e+00  6.259452e-01  2.800000e+00
     vertex  1.006255e+00  6.537969e-01  2.800000e+00
   endloop
 endfacet
 facet normal  8.459413e-01  5.332761e-01  0.000000e+00
   outer loop
     vertex  1.006255e+00  6.537969e-01  1.170000e+01
     vertex  1.023813e+00  6.259452e-01  1.170000e+01
     vertex  1.006255e+00  6.537969e-01  2.800000e+00
   endloop
 endfacet
 facet normal  8.309929e-01  5.562829e-01  0.000000e+00
   outer loop
     vertex  1.006255e+00  6.537969e-01  1.170000e+01
     vertex  1.006255e+00  6.537969e-01  2.800000e+00
     vertex  9.879402e-01  6.811565e-01  2.800000e+00
   endloop
 endfacet
 facet normal  8.309929e-01  5.562829e-01  0.000000e+00
   outer loop
     vertex  9.879402e-01  6.811565e-01  1.170000e+01
     vertex  1.006255e+00  6.537969e-01  1.170000e+01
     vertex  9.879402e-01  6.811565e-01  2.800000e+00
   endloop
 endfacet
 facet normal  8.154191e-01  5.788711e-01  0.000000e+00
   outer loop
     vertex  9.688815e-01  7.080033e-01  1.170000e+01
     vertex  9.879402e-01  6.811565e-01  2.800000e+00
     vertex  9.688815e-01  7.080033e-01  2.800000e+00
   endloop
 endfacet
 facet normal  8.154191e-01  5.788711e-01  0.000000e+00
   outer loop
     vertex  9.688815e-01  7.080033e-01  1.170000e+01
     vertex  9.879402e-01  6.811565e-01  1.170000e+01
     vertex  9.879402e-01  6.811565e-01  2.800000e+00
   endloop
 endfacet
 facet normal  7.992314e-01  6.010234e-01  0.000000e+00
   outer loop
     vertex  9.490934e-01  7.343172e-01  1.170000e+01
     vertex  9.688815e-01  7.080033e-01  2.800000e+00
     vertex  9.490934e-01  7.343172e-01  2.800000e+00
   endloop
 endfacet
 facet normal  7.824421e-01  6.227234e-01  0.000000e+00
   outer loop
     vertex  9.490934e-01  7.343172e-01  1.170000e+01
     vertex  9.490934e-01  7.343172e-01  2.800000e+00
     vertex  9.285909e-01  7.600783e-01  2.800000e+00
   endloop
 endfacet
 facet normal  7.992314e-01  6.010234e-01  0.000000e+00
   outer loop
     vertex  9.490934e-01  7.343172e-01  1.170000e+01
     vertex  9.688815e-01  7.080033e-01  1.170000e+01
     vertex  9.688815e-01  7.080033e-01  2.800000e+00
   endloop
 endfacet
 facet normal  7.650637e-01  6.439545e-01  0.000000e+00
   outer loop
     vertex  9.285909e-01  7.600783e-01  1.170000e+01
     vertex  9.285909e-01  7.600783e-01  2.800000e+00
     vertex  9.073893e-01  7.852672e-01  2.800000e+00
   endloop
 endfacet
 facet normal  7.824421e-01  6.227234e-01  0.000000e+00
   outer loop
     vertex  9.285909e-01  7.600783e-01  1.170000e+01
     vertex  9.490934e-01  7.343172e-01  1.170000e+01
     vertex  9.285909e-01  7.600783e-01  2.800000e+00
   endloop
 endfacet
 facet normal  7.471095e-01  6.647010e-01  0.000000e+00
   outer loop
     vertex  9.073893e-01  7.852672e-01  1.170000e+01
     vertex  9.073893e-01  7.852672e-01  2.800000e+00
     vertex  8.855048e-01  8.098650e-01  2.800000e+00
   endloop
 endfacet
 facet normal  7.650637e-01  6.439545e-01  0.000000e+00
   outer loop
     vertex  9.073893e-01  7.852672e-01  1.170000e+01
     vertex  9.285909e-01  7.600783e-01  1.170000e+01
     vertex  9.073893e-01  7.852672e-01  2.800000e+00
   endloop
 endfacet
 facet normal  7.471095e-01  6.647010e-01  0.000000e+00
   outer loop
     vertex  8.855048e-01  8.098650e-01  1.170000e+01
     vertex  9.073893e-01  7.852672e-01  1.170000e+01
     vertex  8.855048e-01  8.098650e-01  2.800000e+00
   endloop
 endfacet
 facet normal  7.285929e-01  6.849470e-01  0.000000e+00
   outer loop
     vertex  8.629536e-01  8.338532e-01  1.170000e+01
     vertex  8.855048e-01  8.098650e-01  2.800000e+00
     vertex  8.629536e-01  8.338532e-01  2.800000e+00
   endloop
 endfacet
 facet normal  7.285929e-01  6.849470e-01  0.000000e+00
   outer loop
     vertex  8.629536e-01  8.338532e-01  1.170000e+01
     vertex  8.855048e-01  8.098650e-01  1.170000e+01
     vertex  8.855048e-01  8.098650e-01  2.800000e+00
   endloop
 endfacet
 facet normal  7.095278e-01  7.046775e-01  0.000000e+00
   outer loop
     vertex  8.397528e-01  8.572136e-01  1.170000e+01
     vertex  8.629536e-01  8.338532e-01  2.800000e+00
     vertex  8.397528e-01  8.572136e-01  2.800000e+00
   endloop
 endfacet
 facet normal  6.899286e-01  7.238775e-01  0.000000e+00
   outer loop
     vertex  8.397528e-01  8.572136e-01  1.170000e+01
     vertex  8.397528e-01  8.572136e-01  2.800000e+00
     vertex  8.159199e-01  8.799288e-01  2.800000e+00
   endloop
 endfacet
 facet normal  7.095278e-01  7.046775e-01  0.000000e+00
   outer loop
     vertex  8.397528e-01  8.572136e-01  1.170000e+01
     vertex  8.629536e-01  8.338532e-01  1.170000e+01
     vertex  8.629536e-01  8.338532e-01  2.800000e+00
   endloop
 endfacet
 facet normal  6.698100e-01  7.425325e-01  0.000000e+00
   outer loop
     vertex  8.159199e-01  8.799288e-01  1.170000e+01
     vertex  8.159199e-01  8.799288e-01  2.800000e+00
     vertex  7.914728e-01  9.019816e-01  2.800000e+00
   endloop
 endfacet
 facet normal  6.899286e-01  7.238775e-01  0.000000e+00
   outer loop
     vertex  8.159199e-01  8.799288e-01  1.170000e+01
     vertex  8.397528e-01  8.572136e-01  1.170000e+01
     vertex  8.159199e-01  8.799288e-01  2.800000e+00
   endloop
 endfacet
 facet normal  6.698100e-01  7.425325e-01  0.000000e+00
   outer loop
     vertex  7.914728e-01  9.019816e-01  1.170000e+01
     vertex  8.159199e-01  8.799288e-01  1.170000e+01
     vertex  7.914728e-01  9.019816e-01  2.800000e+00
   endloop
 endfacet
 facet normal  6.491872e-01  7.606287e-01  0.000000e+00
   outer loop
     vertex  7.664299e-01  9.233554e-01  1.170000e+01
     vertex  7.914728e-01  9.019816e-01  2.800000e+00
     vertex  7.664299e-01  9.233554e-01  2.800000e+00
   endloop
 endfacet
 facet normal  6.280757e-01  7.781522e-01  0.000000e+00
   outer loop
     vertex  7.664299e-01  9.233554e-01  1.170000e+01
     vertex  7.664299e-01  9.233554e-01  2.800000e+00
     vertex  7.408101e-01  9.440341e-01  2.800000e+00
   endloop
 endfacet
 facet normal  6.491872e-01  7.606287e-01  0.000000e+00
   outer loop
     vertex  7.664299e-01  9.233554e-01  1.170000e+01
     vertex  7.914728e-01  9.019816e-01  1.170000e+01
     vertex  7.914728e-01  9.019816e-01  2.800000e+00
   endloop
 endfacet
 facet normal  6.280757e-01  7.781522e-01  0.000000e+00
   outer loop
     vertex  7.408101e-01  9.440341e-01  1.170000e+01
     vertex  7.664299e-01  9.233554e-01  1.170000e+01
     vertex  7.408101e-01  9.440341e-01  2.800000e+00
   endloop
 endfacet
 facet normal  6.064915e-01  7.950900e-01  0.000000e+00
   outer loop
     vertex  7.146325e-01  9.640022e-01  1.170000e+01
     vertex  7.408101e-01  9.440341e-01  2.800000e+00
     vertex  7.146325e-01  9.640022e-01  2.800000e+00
   endloop
 endfacet
 facet normal  5.844507e-01  8.114292e-01  0.000000e+00
   outer loop
     vertex  7.146325e-01  9.640022e-01  1.170000e+01
     vertex  7.146325e-01  9.640022e-01  2.800000e+00
     vertex  6.879171e-01  9.832447e-01  2.800000e+00
   endloop
 endfacet
 facet normal  6.064915e-01  7.950900e-01  0.000000e+00
   outer loop
     vertex  7.146325e-01  9.640022e-01  1.170000e+01
     vertex  7.408101e-01  9.440341e-01  1.170000e+01
     vertex  7.408101e-01  9.440341e-01  2.800000e+00
   endloop
 endfacet
 facet normal  5.844507e-01  8.114292e-01  0.000000e+00
   outer loop
     vertex  6.879171e-01  9.832447e-01  1.170000e+01
     vertex  7.146325e-01  9.640022e-01  1.170000e+01
     vertex  6.879171e-01  9.832447e-01  2.800000e+00
   endloop
 endfacet
 facet normal  5.619699e-01  8.271577e-01  0.000000e+00
   outer loop
     vertex  6.606838e-01  1.001747e+00  1.170000e+01
     vertex  6.879171e-01  9.832447e-01  1.170000e+01
     vertex  6.879171e-01  9.832447e-01  2.800000e+00
   endloop
 endfacet
 facet normal  5.619699e-01  8.271577e-01  0.000000e+00
   outer loop
     vertex  6.606838e-01  1.001747e+00  1.170000e+01
     vertex  6.879171e-01  9.832447e-01  2.800000e+00
     vertex  6.606838e-01  1.001747e+00  2.800000e+00
   endloop
 endfacet
 facet normal  5.390661e-01  8.422635e-01  0.000000e+00
   outer loop
     vertex  6.606838e-01  1.001747e+00  1.170000e+01
     vertex  6.606838e-01  1.001747e+00  2.800000e+00
     vertex  6.329531e-01  1.019495e+00  2.800000e+00
   endloop
 endfacet
 facet normal  5.390661e-01  8.422635e-01  0.000000e+00
   outer loop
     vertex  6.329531e-01  1.019495e+00  1.170000e+01
     vertex  6.606838e-01  1.001747e+00  1.170000e+01
     vertex  6.329531e-01  1.019495e+00  2.800000e+00
   endloop
 endfacet
 facet normal  5.157565e-01  8.567352e-01  0.000000e+00
   outer loop
     vertex  6.329531e-01  1.019495e+00  1.170000e+01
     vertex  6.329531e-01  1.019495e+00  2.800000e+00
     vertex  6.047460e-01  1.036476e+00  2.800000e+00
   endloop
 endfacet
 facet normal  5.157565e-01  8.567352e-01  0.000000e+00
   outer loop
     vertex  6.047460e-01  1.036476e+00  1.170000e+01
     vertex  6.329531e-01  1.019495e+00  1.170000e+01
     vertex  6.047460e-01  1.036476e+00  2.800000e+00
   endloop
 endfacet
 facet normal  4.920587e-01  8.705620e-01  0.000000e+00
   outer loop
     vertex  5.760837e-01  1.052676e+00  1.170000e+01
     vertex  6.047460e-01  1.036476e+00  1.170000e+01
     vertex  6.047460e-01  1.036476e+00  2.800000e+00
   endloop
 endfacet
 facet normal  4.920587e-01  8.705620e-01  0.000000e+00
   outer loop
     vertex  5.760837e-01  1.052676e+00  1.170000e+01
     vertex  6.047460e-01  1.036476e+00  2.800000e+00
     vertex  5.760837e-01  1.052676e+00  2.800000e+00
   endloop
 endfacet
 facet normal  4.679904e-01  8.837335e-01  0.000000e+00
   outer loop
     vertex  5.469877e-01  1.068084e+00  1.170000e+01
     vertex  5.760837e-01  1.052676e+00  1.170000e+01
     vertex  5.760837e-01  1.052676e+00  2.800000e+00
   endloop
 endfacet
 facet normal  4.679904e-01  8.837335e-01  0.000000e+00
   outer loop
     vertex  5.469877e-01  1.068084e+00  1.170000e+01
     vertex  5.760837e-01  1.052676e+00  2.800000e+00
     vertex  5.469877e-01  1.068084e+00  2.800000e+00
   endloop
 endfacet
 facet normal  4.435699e-01  8.962398e-01  0.000000e+00
   outer loop
     vertex  5.174799e-01  1.082689e+00  1.170000e+01
     vertex  5.469877e-01  1.068084e+00  1.170000e+01
     vertex  5.469877e-01  1.068084e+00  2.800000e+00
   endloop
 endfacet
 facet normal  4.435699e-01  8.962398e-01  0.000000e+00
   outer loop
     vertex  5.174799e-01  1.082689e+00  1.170000e+01
     vertex  5.469877e-01  1.068084e+00  2.800000e+00
     vertex  5.174799e-01  1.082689e+00  2.800000e+00
   endloop
 endfacet
 facet normal  4.188155e-01  9.080714e-01  0.000000e+00
   outer loop
     vertex  5.174799e-01  1.082689e+00  1.170000e+01
     vertex  5.174799e-01  1.082689e+00  2.800000e+00
     vertex  4.875826e-01  1.096478e+00  2.800000e+00
   endloop
 endfacet
 facet normal  4.188155e-01  9.080714e-01  0.000000e+00
   outer loop
     vertex  4.875826e-01  1.096478e+00  1.170000e+01
     vertex  5.174799e-01  1.082689e+00  1.170000e+01
     vertex  4.875826e-01  1.096478e+00  2.800000e+00
   endloop
 endfacet
 facet normal  3.937458e-01  9.192194e-01  0.000000e+00
   outer loop
     vertex  4.573183e-01  1.109441e+00  1.170000e+01
     vertex  4.875826e-01  1.096478e+00  1.170000e+01
     vertex  4.875826e-01  1.096478e+00  2.800000e+00
   endloop
 endfacet
 facet normal  3.937458e-01  9.192194e-01  0.000000e+00
   outer loop
     vertex  4.573183e-01  1.109441e+00  1.170000e+01
     vertex  4.875826e-01  1.096478e+00  2.800000e+00
     vertex  4.573183e-01  1.109441e+00  2.800000e+00
   endloop
 endfacet
 facet normal  3.683796e-01  9.296754e-01  0.000000e+00
   outer loop
     vertex  4.267097e-01  1.121570e+00  1.170000e+01
     vertex  4.573183e-01  1.109441e+00  1.170000e+01
     vertex  4.573183e-01  1.109441e+00  2.800000e+00
   endloop
 endfacet
 facet normal  3.683796e-01  9.296754e-01  0.000000e+00
   outer loop
     vertex  4.267097e-01  1.121570e+00  1.170000e+01
     vertex  4.573183e-01  1.109441e+00  2.800000e+00
     vertex  4.267097e-01  1.121570e+00  2.800000e+00
   endloop
 endfacet
 facet normal  3.427362e-01  9.394317e-01  0.000000e+00
   outer loop
     vertex  4.267097e-01  1.121570e+00  1.170000e+01
     vertex  4.267097e-01  1.121570e+00  2.800000e+00
     vertex  3.957799e-01  1.132854e+00  2.800000e+00
   endloop
 endfacet
 facet normal  3.427362e-01  9.394317e-01  0.000000e+00
   outer loop
     vertex  3.957799e-01  1.132854e+00  1.170000e+01
     vertex  4.267097e-01  1.121570e+00  1.170000e+01
     vertex  3.957799e-01  1.132854e+00  2.800000e+00
   endloop
 endfacet
 facet normal  3.168348e-01  9.484807e-01  0.000000e+00
   outer loop
     vertex  3.645521e-01  1.143286e+00  1.170000e+01
     vertex  3.957799e-01  1.132854e+00  1.170000e+01
     vertex  3.957799e-01  1.132854e+00  2.800000e+00
   endloop
 endfacet
 facet normal  3.168348e-01  9.484807e-01  0.000000e+00
   outer loop
     vertex  3.645521e-01  1.143286e+00  1.170000e+01
     vertex  3.957799e-01  1.132854e+00  2.800000e+00
     vertex  3.645521e-01  1.143286e+00  2.800000e+00
   endloop
 endfacet
 facet normal  2.906949e-01  9.568158e-01  0.000000e+00
   outer loop
     vertex  3.645521e-01  1.143286e+00  1.170000e+01
     vertex  3.645521e-01  1.143286e+00  2.800000e+00
     vertex  3.330500e-01  1.152856e+00  2.800000e+00
   endloop
 endfacet
 facet normal  2.906949e-01  9.568158e-01  0.000000e+00
   outer loop
     vertex  3.330500e-01  1.152856e+00  1.170000e+01
     vertex  3.645521e-01  1.143286e+00  1.170000e+01
     vertex  3.330500e-01  1.152856e+00  2.800000e+00
   endloop
 endfacet
 facet normal  2.643362e-01  9.644306e-01  0.000000e+00
   outer loop
     vertex  3.012971e-01  1.161559e+00  1.170000e+01
     vertex  3.330500e-01  1.152856e+00  1.170000e+01
     vertex  3.330500e-01  1.152856e+00  2.800000e+00
   endloop
 endfacet
 facet normal  2.643362e-01  9.644306e-01  0.000000e+00
   outer loop
     vertex  3.012971e-01  1.161559e+00  1.170000e+01
     vertex  3.330500e-01  1.152856e+00  2.800000e+00
     vertex  3.012971e-01  1.161559e+00  2.800000e+00
   endloop
 endfacet
 facet normal  2.377784e-01  9.713194e-01  0.000000e+00
   outer loop
     vertex  3.012971e-01  1.161559e+00  1.170000e+01
     vertex  3.012971e-01  1.161559e+00  2.800000e+00
     vertex  2.693174e-01  1.169388e+00  2.800000e+00
   endloop
 endfacet
 facet normal  2.377784e-01  9.713194e-01  0.000000e+00
   outer loop
     vertex  2.693174e-01  1.169388e+00  1.170000e+01
     vertex  3.012971e-01  1.161559e+00  1.170000e+01
     vertex  2.693174e-01  1.169388e+00  2.800000e+00
   endloop
 endfacet
 facet normal  2.110417e-01  9.774771e-01  0.000000e+00
   outer loop
     vertex  2.693174e-01  1.169388e+00  1.170000e+01
     vertex  2.693174e-01  1.169388e+00  2.800000e+00
     vertex  2.371350e-01  1.176336e+00  2.800000e+00
   endloop
 endfacet
 facet normal  2.110417e-01  9.774771e-01  0.000000e+00
   outer loop
     vertex  2.371350e-01  1.176336e+00  1.170000e+01
     vertex  2.693174e-01  1.169388e+00  1.170000e+01
     vertex  2.371350e-01  1.176336e+00  2.800000e+00
   endloop
 endfacet
 facet normal  1.841461e-01  9.828989e-01  0.000000e+00
   outer loop
     vertex  2.047741e-01  1.182399e+00  1.170000e+01
     vertex  2.371350e-01  1.176336e+00  1.170000e+01
     vertex  2.371350e-01  1.176336e+00  2.800000e+00
   endloop
 endfacet
 facet normal  1.841461e-01  9.828989e-01  0.000000e+00
   outer loop
     vertex  2.047741e-01  1.182399e+00  1.170000e+01
     vertex  2.371350e-01  1.176336e+00  2.800000e+00
     vertex  2.047741e-01  1.182399e+00  2.800000e+00
   endloop
 endfacet
 facet normal  1.571119e-01  9.875808e-01  0.000000e+00
   outer loop
     vertex  1.722590e-01  1.187572e+00  1.170000e+01
     vertex  2.047741e-01  1.182399e+00  1.170000e+01
     vertex  2.047741e-01  1.182399e+00  2.800000e+00
   endloop
 endfacet
 facet normal  1.571119e-01  9.875808e-01  0.000000e+00
   outer loop
     vertex  1.722590e-01  1.187572e+00  1.170000e+01
     vertex  2.047741e-01  1.182399e+00  2.800000e+00
     vertex  1.722590e-01  1.187572e+00  2.800000e+00
   endloop
 endfacet
 facet normal  1.299594e-01  9.915193e-01  0.000000e+00
   outer loop
     vertex  1.722590e-01  1.187572e+00  1.170000e+01
     vertex  1.722590e-01  1.187572e+00  2.800000e+00
     vertex  1.396143e-01  1.191851e+00  2.800000e+00
   endloop
 endfacet
 facet normal  1.299594e-01  9.915193e-01  0.000000e+00
   outer loop
     vertex  1.396143e-01  1.191851e+00  1.170000e+01
     vertex  1.722590e-01  1.187572e+00  1.170000e+01
     vertex  1.396143e-01  1.191851e+00  2.800000e+00
   endloop
 endfacet
 facet normal  1.027091e-01  9.947114e-01  0.000000e+00
   outer loop
     vertex  1.068645e-01  1.195232e+00  1.170000e+01
     vertex  1.396143e-01  1.191851e+00  1.170000e+01
     vertex  1.396143e-01  1.191851e+00  2.800000e+00
   endloop
 endfacet
 facet normal  1.027091e-01  9.947114e-01  0.000000e+00
   outer loop
     vertex  1.068645e-01  1.195232e+00  1.170000e+01
     vertex  1.396143e-01  1.191851e+00  2.800000e+00
     vertex  1.068645e-01  1.195232e+00  2.800000e+00
   endloop
 endfacet
 facet normal  7.538152e-02  9.971548e-01  0.000000e+00
   outer loop
     vertex  1.068645e-01  1.195232e+00  1.170000e+01
     vertex  1.068645e-01  1.195232e+00  2.800000e+00
     vertex  7.403418e-02  1.197714e+00  2.800000e+00
   endloop
 endfacet
 facet normal  7.538152e-02  9.971548e-01  0.000000e+00
   outer loop
     vertex  7.403418e-02  1.197714e+00  1.170000e+01
     vertex  1.068645e-01  1.195232e+00  1.170000e+01
     vertex  7.403418e-02  1.197714e+00  2.800000e+00
   endloop
 endfacet
 facet normal  4.799716e-02  9.988475e-01  0.000000e+00
   outer loop
     vertex  7.403418e-02  1.197714e+00  1.170000e+01
     vertex  7.403418e-02  1.197714e+00  2.800000e+00
     vertex  4.114817e-02  1.199294e+00  2.800000e+00
   endloop
 endfacet
 facet normal  2.057667e-02  9.997883e-01  0.000000e+00
   outer loop
     vertex  4.114817e-02  1.199294e+00  1.170000e+01
     vertex  4.114817e-02  1.199294e+00  2.800000e+00
     vertex  8.231183e-03  1.199972e+00  2.800000e+00
   endloop
 endfacet
 facet normal  4.799716e-02  9.988475e-01  0.000000e+00
   outer loop
     vertex  4.114817e-02  1.199294e+00  1.170000e+01
     vertex  7.403418e-02  1.197714e+00  1.170000e+01
     vertex  4.114817e-02  1.199294e+00  2.800000e+00
   endloop
 endfacet
 facet normal  2.057667e-02  9.997883e-01  0.000000e+00
   outer loop
     vertex  8.231183e-03  1.199972e+00  1.170000e+01
     vertex  4.114817e-02  1.199294e+00  1.170000e+01
     vertex  8.231183e-03  1.199972e+00  2.800000e+00
   endloop
 endfacet
 facet normal -6.859319e-03  9.999765e-01  0.000000e+00
   outer loop
     vertex -2.469200e-02  1.199746e+00  1.170000e+01
     vertex  8.231183e-03  1.199972e+00  2.800000e+00
     vertex -2.469200e-02  1.199746e+00  2.800000e+00
   endloop
 endfacet
 facet normal -6.859319e-03  9.999765e-01  0.000000e+00
   outer loop
     vertex -2.469200e-02  1.199746e+00  1.170000e+01
     vertex  8.231183e-03  1.199972e+00  1.170000e+01
     vertex  8.231183e-03  1.199972e+00  2.800000e+00
   endloop
 endfacet
 facet normal -3.429014e-02  9.994119e-01  0.000000e+00
   outer loop
     vertex -5.759659e-02  1.198617e+00  1.170000e+01
     vertex -2.469200e-02  1.199746e+00  2.800000e+00
     vertex -5.759659e-02  1.198617e+00  2.800000e+00
   endloop
 endfacet
 facet normal -6.169515e-02  9.980950e-01  0.000000e+00
   outer loop
     vertex -5.759659e-02  1.198617e+00  1.170000e+01
     vertex -5.759659e-02  1.198617e+00  2.800000e+00
     vertex -9.045783e-02  1.196586e+00  2.800000e+00
   endloop
 endfacet
 facet normal -3.429014e-02  9.994119e-01  0.000000e+00
   outer loop
     vertex -5.759659e-02  1.198617e+00  1.170000e+01
     vertex -2.469200e-02  1.199746e+00  1.170000e+01
     vertex -2.469200e-02  1.199746e+00  2.800000e+00
   endloop
 endfacet
 facet normal -6.169515e-02  9.980950e-01  0.000000e+00
   outer loop
     vertex -9.045783e-02  1.196586e+00  1.170000e+01
     vertex -5.759659e-02  1.198617e+00  1.170000e+01
     vertex -9.045783e-02  1.196586e+00  2.800000e+00
   endloop
 endfacet
 facet normal -8.905371e-02  9.960268e-01  0.000000e+00
   outer loop
     vertex -1.232510e-01  1.193654e+00  1.170000e+01
     vertex -9.045783e-02  1.196586e+00  1.170000e+01
     vertex -9.045783e-02  1.196586e+00  2.800000e+00
   endloop
 endfacet
 facet normal -8.905371e-02  9.960268e-01  0.000000e+00
   outer loop
     vertex -1.232510e-01  1.193654e+00  1.170000e+01
     vertex -9.045783e-02  1.196586e+00  2.800000e+00
     vertex -1.232510e-01  1.193654e+00  2.800000e+00
   endloop
 endfacet
 facet normal -1.163452e-01  9.932088e-01  0.000000e+00
   outer loop
     vertex -1.559513e-01  1.189823e+00  1.170000e+01
     vertex -1.232510e-01  1.193654e+00  1.170000e+01
     vertex -1.232510e-01  1.193654e+00  2.800000e+00
   endloop
 endfacet
 facet normal -1.163452e-01  9.932088e-01  0.000000e+00
   outer loop
     vertex -1.559513e-01  1.189823e+00  1.170000e+01
     vertex -1.232510e-01  1.193654e+00  2.800000e+00
     vertex -1.559513e-01  1.189823e+00  2.800000e+00
   endloop
 endfacet
 facet normal -1.435492e-01  9.896432e-01  0.000000e+00
   outer loop
     vertex -1.559513e-01  1.189823e+00  1.170000e+01
     vertex -1.559513e-01  1.189823e+00  2.800000e+00
     vertex -1.885343e-01  1.185097e+00  2.800000e+00
   endloop
 endfacet
 facet normal -1.435492e-01  9.896432e-01  0.000000e+00
   outer loop
     vertex -1.885343e-01  1.185097e+00  1.170000e+01
     vertex -1.559513e-01  1.189823e+00  1.170000e+01
     vertex -1.885343e-01  1.185097e+00  2.800000e+00
   endloop
 endfacet
 facet normal -1.706451e-01  9.853326e-01  0.000000e+00
   outer loop
     vertex -2.209754e-01  1.179479e+00  1.170000e+01
     vertex -1.885343e-01  1.185097e+00  1.170000e+01
     vertex -1.885343e-01  1.185097e+00  2.800000e+00
   endloop
 endfacet
 facet normal -1.706451e-01  9.853326e-01  0.000000e+00
   outer loop
     vertex -2.209754e-01  1.179479e+00  1.170000e+01
     vertex -1.885343e-01  1.185097e+00  2.800000e+00
     vertex -2.209754e-01  1.179479e+00  2.800000e+00
   endloop
 endfacet
 facet normal -1.976125e-01  9.802802e-01  0.000000e+00
   outer loop
     vertex -2.532501e-01  1.172972e+00  1.170000e+01
     vertex -2.209754e-01  1.179479e+00  1.170000e+01
     vertex -2.209754e-01  1.179479e+00  2.800000e+00
   endloop
 endfacet
 facet normal -1.976125e-01  9.802802e-01  0.000000e+00
   outer loop
     vertex -2.532501e-01  1.172972e+00  1.170000e+01
     vertex -2.209754e-01  1.179479e+00  2.800000e+00
     vertex -2.532501e-01  1.172972e+00  2.800000e+00
   endloop
 endfacet
 facet normal -2.244312e-01  9.744899e-01  0.000000e+00
   outer loop
     vertex -2.853341e-01  1.165583e+00  1.170000e+01
     vertex -2.532501e-01  1.172972e+00  1.170000e+01
     vertex -2.532501e-01  1.172972e+00  2.800000e+00
   endloop
 endfacet
 facet normal -2.244312e-01  9.744899e-01  0.000000e+00
   outer loop
     vertex -2.853341e-01  1.165583e+00  1.170000e+01
     vertex -2.532501e-01  1.172972e+00  2.800000e+00
     vertex -2.853341e-01  1.165583e+00  2.800000e+00
   endloop
 endfacet
 facet normal -2.510809e-01  9.679661e-01  0.000000e+00
   outer loop
     vertex -2.853341e-01  1.165583e+00  1.170000e+01
     vertex -2.853341e-01  1.165583e+00  2.800000e+00
     vertex -3.172034e-01  1.157317e+00  2.800000e+00
   endloop
 endfacet
 facet normal -2.510809e-01  9.679661e-01  0.000000e+00
   outer loop
     vertex -3.172034e-01  1.157317e+00  1.170000e+01
     vertex -2.853341e-01  1.165583e+00  1.170000e+01
     vertex -3.172034e-01  1.157317e+00  2.800000e+00
   endloop
 endfacet
 facet normal -2.775416e-01  9.607136e-01  0.000000e+00
   outer loop
     vertex -3.488339e-01  1.148179e+00  1.170000e+01
     vertex -3.172034e-01  1.157317e+00  1.170000e+01
     vertex -3.172034e-01  1.157317e+00  2.800000e+00
   endloop
 endfacet
 facet normal -2.775416e-01  9.607136e-01  0.000000e+00
   outer loop
     vertex -3.488339e-01  1.148179e+00  1.170000e+01
     vertex -3.172034e-01  1.157317e+00  2.800000e+00
     vertex -3.488339e-01  1.148179e+00  2.800000e+00
   endloop
 endfacet
 facet normal -3.037934e-01  9.527379e-01  0.000000e+00
   outer loop
     vertex -3.802018e-01  1.138177e+00  1.170000e+01
     vertex -3.488339e-01  1.148179e+00  1.170000e+01
     vertex -3.488339e-01  1.148179e+00  2.800000e+00
   endloop
 endfacet
 facet normal -3.037934e-01  9.527379e-01  0.000000e+00
   outer loop
     vertex -3.802018e-01  1.138177e+00  1.170000e+01
     vertex -3.488339e-01  1.148179e+00  2.800000e+00
     vertex -3.802018e-01  1.138177e+00  2.800000e+00
   endloop
 endfacet
 facet normal -3.298166e-01  9.440450e-01  0.000000e+00
   outer loop
     vertex -4.112835e-01  1.127318e+00  1.170000e+01
     vertex -3.802018e-01  1.138177e+00  1.170000e+01
     vertex -3.802018e-01  1.138177e+00  2.800000e+00
   endloop
 endfacet
 facet normal -3.298166e-01  9.440450e-01  0.000000e+00
   outer loop
     vertex -4.112835e-01  1.127318e+00  1.170000e+01
     vertex -3.802018e-01  1.138177e+00  2.800000e+00
     vertex -4.112835e-01  1.127318e+00  2.800000e+00
   endloop
 endfacet
 facet normal -3.555914e-01  9.346415e-01  0.000000e+00
   outer loop
     vertex -4.112835e-01  1.127318e+00  1.170000e+01
     vertex -4.112835e-01  1.127318e+00  2.800000e+00
     vertex -4.420556e-01  1.115611e+00  2.800000e+00
   endloop
 endfacet
 facet normal -3.555914e-01  9.346415e-01  0.000000e+00
   outer loop
     vertex -4.420556e-01  1.115611e+00  1.170000e+01
     vertex -4.112835e-01  1.127318e+00  1.170000e+01
     vertex -4.420556e-01  1.115611e+00  2.800000e+00
   endloop
 endfacet
 facet normal -3.810986e-01  9.245344e-01  0.000000e+00
   outer loop
     vertex -4.724949e-01  1.103063e+00  1.170000e+01
     vertex -4.420556e-01  1.115611e+00  1.170000e+01
     vertex -4.420556e-01  1.115611e+00  2.800000e+00
   endloop
 endfacet
 facet normal -3.810986e-01  9.245344e-01  0.000000e+00
   outer loop
     vertex -4.724949e-01  1.103063e+00  1.170000e+01
     vertex -4.420556e-01  1.115611e+00  2.800000e+00
     vertex -4.724949e-01  1.103063e+00  2.800000e+00
   endloop
 endfacet
 facet normal -4.063188e-01  9.137314e-01  0.000000e+00
   outer loop
     vertex -5.025786e-01  1.089686e+00  1.170000e+01
     vertex -4.724949e-01  1.103063e+00  2.800000e+00
     vertex -5.025786e-01  1.089686e+00  2.800000e+00
   endloop
 endfacet
 facet normal -4.312333e-01  9.022405e-01  0.000000e+00
   outer loop
     vertex -5.025786e-01  1.089686e+00  1.170000e+01
     vertex -5.025786e-01  1.089686e+00  2.800000e+00
     vertex -5.322839e-01  1.075488e+00  2.800000e+00
   endloop
 endfacet
 facet normal -4.063188e-01  9.137314e-01  0.000000e+00
   outer loop
     vertex -5.025786e-01  1.089686e+00  1.170000e+01
     vertex -4.724949e-01  1.103063e+00  1.170000e+01
     vertex -4.724949e-01  1.103063e+00  2.800000e+00
   endloop
 endfacet
 facet normal -4.312333e-01  9.022405e-01  0.000000e+00
   outer loop
     vertex -5.322839e-01  1.075488e+00  1.170000e+01
     vertex -5.025786e-01  1.089686e+00  1.170000e+01
     vertex -5.322839e-01  1.075488e+00  2.800000e+00
   endloop
 endfacet
 facet normal -4.558231e-01  8.900704e-01  0.000000e+00
   outer loop
     vertex -5.615885e-01  1.060480e+00  1.170000e+01
     vertex -5.322839e-01  1.075488e+00  2.800000e+00
     vertex -5.615885e-01  1.060480e+00  2.800000e+00
   endloop
 endfacet
 facet normal -4.558231e-01  8.900704e-01  0.000000e+00
   outer loop
     vertex -5.615885e-01  1.060480e+00  1.170000e+01
     vertex -5.322839e-01  1.075488e+00  1.170000e+01
     vertex -5.322839e-01  1.075488e+00  2.800000e+00
   endloop
 endfacet
 facet normal -4.800697e-01  8.772303e-01  0.000000e+00
   outer loop
     vertex -5.904704e-01  1.044674e+00  1.170000e+01
     vertex -5.615885e-01  1.060480e+00  2.800000e+00
     vertex -5.904704e-01  1.044674e+00  2.800000e+00
   endloop
 endfacet
 facet normal -4.800697e-01  8.772303e-01  0.000000e+00
   outer loop
     vertex -5.904704e-01  1.044674e+00  1.170000e+01
     vertex -5.615885e-01  1.060480e+00  1.170000e+01
     vertex -5.615885e-01  1.060480e+00  2.800000e+00
   endloop
 endfacet
 facet normal -5.039550e-01  8.637299e-01  0.000000e+00
   outer loop
     vertex -6.189078e-01  1.028082e+00  1.170000e+01
     vertex -5.904704e-01  1.044674e+00  2.800000e+00
     vertex -6.189078e-01  1.028082e+00  2.800000e+00
   endloop
 endfacet
 facet normal -5.039550e-01  8.637299e-01  0.000000e+00
   outer loop
     vertex -6.189078e-01  1.028082e+00  1.170000e+01
     vertex -5.904704e-01  1.044674e+00  1.170000e+01
     vertex -5.904704e-01  1.044674e+00  2.800000e+00
   endloop
 endfacet
 facet normal -5.274609e-01  8.495793e-01  0.000000e+00
   outer loop
     vertex -6.468793e-01  1.010716e+00  1.170000e+01
     vertex -6.189078e-01  1.028082e+00  2.800000e+00
     vertex -6.468793e-01  1.010716e+00  2.800000e+00
   endloop
 endfacet
 facet normal -5.274609e-01  8.495793e-01  0.000000e+00
   outer loop
     vertex -6.468793e-01  1.010716e+00  1.170000e+01
     vertex -6.189078e-01  1.028082e+00  1.170000e+01
     vertex -6.189078e-01  1.028082e+00  2.800000e+00
   endloop
 endfacet
 facet normal -5.505698e-01  8.347891e-01  0.000000e+00
   outer loop
     vertex -6.743639e-01  9.925892e-01  1.170000e+01
     vertex -6.468793e-01  1.010716e+00  2.800000e+00
     vertex -6.743639e-01  9.925892e-01  2.800000e+00
   endloop
 endfacet
 facet normal -5.505698e-01  8.347891e-01  0.000000e+00
   outer loop
     vertex -6.743639e-01  9.925892e-01  1.170000e+01
     vertex -6.468793e-01  1.010716e+00  1.170000e+01
     vertex -6.468793e-01  1.010716e+00  2.800000e+00
   endloop
 endfacet
 facet normal -5.732642e-01  8.193706e-01  0.000000e+00
   outer loop
     vertex -7.013408e-01  9.737151e-01  1.170000e+01
     vertex -6.743639e-01  9.925892e-01  2.800000e+00
     vertex -7.013408e-01  9.737151e-01  2.800000e+00
   endloop
 endfacet
 facet normal -5.732642e-01  8.193706e-01  0.000000e+00
   outer loop
     vertex -7.013408e-01  9.737151e-01  1.170000e+01
     vertex -6.743639e-01  9.925892e-01  1.170000e+01
     vertex -6.743639e-01  9.925892e-01  2.800000e+00
   endloop
 endfacet
 facet normal -5.955271e-01  8.033352e-01  0.000000e+00
   outer loop
     vertex -7.277898e-01  9.541080e-01  1.170000e+01
     vertex -7.013408e-01  9.737151e-01  2.800000e+00
     vertex -7.277898e-01  9.541080e-01  2.800000e+00
   endloop
 endfacet
 facet normal -5.955271e-01  8.033352e-01  0.000000e+00
   outer loop
     vertex -7.277898e-01  9.541080e-01  1.170000e+01
     vertex -7.013408e-01  9.737151e-01  1.170000e+01
     vertex -7.013408e-01  9.737151e-01  2.800000e+00
   endloop
 endfacet
 facet normal -6.173417e-01  7.866951e-01  0.000000e+00
   outer loop
     vertex -7.536909e-01  9.337826e-01  1.170000e+01
     vertex -7.277898e-01  9.541080e-01  2.800000e+00
     vertex -7.536909e-01  9.337826e-01  2.800000e+00
   endloop
 endfacet
 facet normal -6.173417e-01  7.866951e-01  0.000000e+00
   outer loop
     vertex -7.536909e-01  9.337826e-01  1.170000e+01
     vertex -7.277898e-01  9.541080e-01  1.170000e+01
     vertex -7.277898e-01  9.541080e-01  2.800000e+00
   endloop
 endfacet
 facet normal -6.386916e-01  7.694628e-01  0.000000e+00
   outer loop
     vertex -7.790247e-01  9.127544e-01  1.170000e+01
     vertex -7.536909e-01  9.337826e-01  2.800000e+00
     vertex -7.790247e-01  9.127544e-01  2.800000e+00
   endloop
 endfacet
 facet normal -6.386916e-01  7.694628e-01  0.000000e+00
   outer loop
     vertex -7.790247e-01  9.127544e-01  1.170000e+01
     vertex -7.536909e-01  9.337826e-01  1.170000e+01
     vertex -7.536909e-01  9.337826e-01  2.800000e+00
   endloop
 endfacet
 facet normal -6.595607e-01  7.516513e-01  0.000000e+00
   outer loop
     vertex -8.037720e-01  8.910390e-01  1.170000e+01
     vertex -7.790247e-01  9.127544e-01  2.800000e+00
     vertex -8.037720e-01  8.910390e-01  2.800000e+00
   endloop
 endfacet
 facet normal -6.799333e-01  7.332740e-01  0.000000e+00
   outer loop
     vertex -8.037720e-01  8.910390e-01  1.170000e+01
     vertex -8.037720e-01  8.910390e-01  2.800000e+00
     vertex -8.279143e-01  8.686530e-01  2.800000e+00
   endloop
 endfacet
 facet normal -6.595607e-01  7.516513e-01  0.000000e+00
   outer loop
     vertex -8.037720e-01  8.910390e-01  1.170000e+01
     vertex -7.790247e-01  9.127544e-01  1.170000e+01
     vertex -7.790247e-01  9.127544e-01  2.800000e+00
   endloop
 endfacet
 facet normal -6.997940e-01  7.143447e-01  0.000000e+00
   outer loop
     vertex -8.279143e-01  8.686530e-01  1.170000e+01
     vertex -8.279143e-01  8.686530e-01  2.800000e+00
     vertex -8.514333e-01  8.456130e-01  2.800000e+00
   endloop
 endfacet
 facet normal -6.799333e-01  7.332740e-01  0.000000e+00
   outer loop
     vertex -8.279143e-01  8.686530e-01  1.170000e+01
     vertex -8.037720e-01  8.910390e-01  1.170000e+01
     vertex -8.279143e-01  8.686530e-01  2.800000e+00
   endloop
 endfacet
 facet normal -6.997940e-01  7.143447e-01  0.000000e+00
   outer loop
     vertex -8.514333e-01  8.456130e-01  1.170000e+01
     vertex -8.279143e-01  8.686530e-01  1.170000e+01
     vertex -8.514333e-01  8.456130e-01  2.800000e+00
   endloop
 endfacet
 facet normal -7.191280e-01  6.948776e-01  0.000000e+00
   outer loop
     vertex -8.743114e-01  8.219364e-01  1.170000e+01
     vertex -8.514333e-01  8.456130e-01  1.170000e+01
     vertex -8.514333e-01  8.456130e-01  2.800000e+00
   endloop
 endfacet
 facet normal -7.191280e-01  6.948776e-01  0.000000e+00
   outer loop
     vertex -8.743114e-01  8.219364e-01  1.170000e+01
     vertex -8.514333e-01  8.456130e-01  2.800000e+00
     vertex -8.743114e-01  8.219364e-01  2.800000e+00
   endloop
 endfacet
 facet normal -7.379206e-01  6.748875e-01  0.000000e+00
   outer loop
     vertex -8.965314e-01  7.976412e-01  1.170000e+01
     vertex -8.743114e-01  8.219364e-01  1.170000e+01
     vertex -8.743114e-01  8.219364e-01  2.800000e+00
   endloop
 endfacet
 facet normal -7.379206e-01  6.748875e-01  0.000000e+00
   outer loop
     vertex -8.965314e-01  7.976412e-01  1.170000e+01
     vertex -8.743114e-01  8.219364e-01  2.800000e+00
     vertex -8.965314e-01  7.976412e-01  2.800000e+00
   endloop
 endfacet
 facet normal -7.561578e-01  6.543893e-01  0.000000e+00
   outer loop
     vertex -8.965314e-01  7.976412e-01  1.170000e+01
     vertex -8.965314e-01  7.976412e-01  2.800000e+00
     vertex -9.180765e-01  7.727455e-01  2.800000e+00
   endloop
 endfacet
 facet normal -7.561578e-01  6.543893e-01  0.000000e+00
   outer loop
     vertex -9.180765e-01  7.727455e-01  1.170000e+01
     vertex -8.965314e-01  7.976412e-01  1.170000e+01
     vertex -9.180765e-01  7.727455e-01  2.800000e+00
   endloop
 endfacet
 facet normal -7.738257e-01  6.333986e-01  0.000000e+00
   outer loop
     vertex -9.389305e-01  7.472681e-01  1.170000e+01
     vertex -9.180765e-01  7.727455e-01  2.800000e+00
     vertex -9.389305e-01  7.472681e-01  2.800000e+00
   endloop
 endfacet
 facet normal -7.909112e-01  6.119310e-01  0.000000e+00
   outer loop
     vertex -9.389305e-01  7.472681e-01  1.170000e+01
     vertex -9.389305e-01  7.472681e-01  2.800000e+00
     vertex -9.590777e-01  7.212281e-01  2.800000e+00
   endloop
 endfacet
 facet normal -7.738257e-01  6.333986e-01  0.000000e+00
   outer loop
     vertex -9.389305e-01  7.472681e-01  1.170000e+01
     vertex -9.180765e-01  7.727455e-01  1.170000e+01
     vertex -9.180765e-01  7.727455e-01  2.800000e+00
   endloop
 endfacet
 facet normal -7.909112e-01  6.119310e-01  0.000000e+00
   outer loop
     vertex -9.590777e-01  7.212281e-01  1.170000e+01
     vertex -9.389305e-01  7.472681e-01  1.170000e+01
     vertex -9.590777e-01  7.212281e-01  2.800000e+00
   endloop
 endfacet
 facet normal -8.074012e-01  5.900028e-01  0.000000e+00
   outer loop
     vertex -9.785029e-01  6.946453e-01  1.170000e+01
     vertex -9.590777e-01  7.212281e-01  2.800000e+00
     vertex -9.785029e-01  6.946453e-01  2.800000e+00
   endloop
 endfacet
 facet normal -8.232835e-01  5.676304e-01  0.000000e+00
   outer loop
     vertex -9.785029e-01  6.946453e-01  1.170000e+01
     vertex -9.785029e-01  6.946453e-01  2.800000e+00
     vertex -9.971915e-01  6.675395e-01  2.800000e+00
   endloop
 endfacet
 facet normal -8.074012e-01  5.900028e-01  0.000000e+00
   outer loop
     vertex -9.785029e-01  6.946453e-01  1.170000e+01
     vertex -9.590777e-01  7.212281e-01  1.170000e+01
     vertex -9.590777e-01  7.212281e-01  2.800000e+00
   endloop
 endfacet
 facet normal -8.385460e-01  5.448308e-01  0.000000e+00
   outer loop
     vertex -9.971915e-01  6.675395e-01  1.170000e+01
     vertex -9.971915e-01  6.675395e-01  2.800000e+00
     vertex -1.015130e+00  6.399313e-01  2.800000e+00
   endloop
 endfacet
 facet normal -8.232835e-01  5.676304e-01  0.000000e+00
   outer loop
     vertex -9.971915e-01  6.675395e-01  1.170000e+01
     vertex -9.785029e-01  6.946453e-01  1.170000e+01
     vertex -9.971915e-01  6.675395e-01  2.800000e+00
   endloop
 endfacet
 facet normal -8.385460e-01  5.448308e-01  0.000000e+00
   outer loop
     vertex -1.015130e+00  6.399313e-01  1.170000e+01
     vertex -9.971915e-01  6.675395e-01  1.170000e+01
     vertex -1.015130e+00  6.399313e-01  2.800000e+00
   endloop
 endfacet
 facet normal -8.531773e-01  5.216210e-01  0.000000e+00
   outer loop
     vertex -1.032303e+00  6.118413e-01  1.170000e+01
     vertex -1.015130e+00  6.399313e-01  2.800000e+00
     vertex -1.032303e+00  6.118413e-01  2.800000e+00
   endloop
 endfacet
 facet normal -8.531773e-01  5.216210e-01  0.000000e+00
   outer loop
     vertex -1.032303e+00  6.118413e-01  1.170000e+01
     vertex -1.015130e+00  6.399313e-01  1.170000e+01
     vertex -1.015130e+00  6.399313e-01  2.800000e+00
   endloop
 endfacet
 facet normal -8.671664e-01  4.980186e-01  0.000000e+00
   outer loop
     vertex -1.048700e+00  5.832908e-01  1.170000e+01
     vertex -1.032303e+00  6.118413e-01  2.800000e+00
     vertex -1.048700e+00  5.832908e-01  2.800000e+00
   endloop
 endfacet
 facet normal -8.671664e-01  4.980186e-01  0.000000e+00
   outer loop
     vertex -1.048700e+00  5.832908e-01  1.170000e+01
     vertex -1.032303e+00  6.118413e-01  1.170000e+01
     vertex -1.032303e+00  6.118413e-01  2.800000e+00
   endloop
 endfacet
 facet normal -8.805026e-01  4.740412e-01  0.000000e+00
   outer loop
     vertex -1.064307e+00  5.543011e-01  1.170000e+01
     vertex -1.048700e+00  5.832908e-01  2.800000e+00
     vertex -1.064307e+00  5.543011e-01  2.800000e+00
   endloop
 endfacet
 facet normal -8.931761e-01  4.497071e-01  0.000000e+00
   outer loop
     vertex -1.064307e+00  5.543011e-01  1.170000e+01
     vertex -1.064307e+00  5.543011e-01  2.800000e+00
     vertex -1.079114e+00  5.248942e-01  2.800000e+00
   endloop
 endfacet
 facet normal -8.805026e-01  4.740412e-01  0.000000e+00
   outer loop
     vertex -1.064307e+00  5.543011e-01  1.170000e+01
     vertex -1.048700e+00  5.832908e-01  1.170000e+01
     vertex -1.048700e+00  5.832908e-01  2.800000e+00
   endloop
 endfacet
 facet normal -8.931761e-01  4.497071e-01  0.000000e+00
   outer loop
     vertex -1.079114e+00  5.248942e-01  1.170000e+01
     vertex -1.064307e+00  5.543011e-01  1.170000e+01
     vertex -1.079114e+00  5.248942e-01  2.800000e+00
   endloop
 endfacet
 facet normal -9.051772e-01  4.250344e-01  0.000000e+00
   outer loop
     vertex -1.093107e+00  4.950922e-01  1.170000e+01
     vertex -1.079114e+00  5.248942e-01  2.800000e+00
     vertex -1.093107e+00  4.950922e-01  2.800000e+00
   endloop
 endfacet
 facet normal -9.051772e-01  4.250344e-01  0.000000e+00
   outer loop
     vertex -1.093107e+00  4.950922e-01  1.170000e+01
     vertex -1.079114e+00  5.248942e-01  1.170000e+01
     vertex -1.079114e+00  5.248942e-01  2.800000e+00
   endloop
 endfacet
 facet normal -9.164969e-01  4.000417e-01  0.000000e+00
   outer loop
     vertex -1.106278e+00  4.649175e-01  1.170000e+01
     vertex -1.093107e+00  4.950922e-01  2.800000e+00
     vertex -1.106278e+00  4.649175e-01  2.800000e+00
   endloop
 endfacet
 facet normal -9.164969e-01  4.000417e-01  0.000000e+00
   outer loop
     vertex -1.106278e+00  4.649175e-01  1.170000e+01
     vertex -1.093107e+00  4.950922e-01  1.170000e+01
     vertex -1.093107e+00  4.950922e-01  2.800000e+00
   endloop
 endfacet
 facet normal -9.271267e-01  3.747479e-01  0.000000e+00
   outer loop
     vertex -1.118616e+00  4.343928e-01  1.170000e+01
     vertex -1.106278e+00  4.649175e-01  2.800000e+00
     vertex -1.118616e+00  4.343928e-01  2.800000e+00
   endloop
 endfacet
 facet normal -9.271267e-01  3.747479e-01  0.000000e+00
   outer loop
     vertex -1.118616e+00  4.343928e-01  1.170000e+01
     vertex -1.106278e+00  4.649175e-01  1.170000e+01
     vertex -1.106278e+00  4.649175e-01  2.800000e+00
   endloop
 endfacet
 facet normal -9.370586e-01  3.491720e-01  0.000000e+00
   outer loop
     vertex -1.130113e+00  4.035412e-01  1.170000e+01
     vertex -1.118616e+00  4.343928e-01  2.800000e+00
     vertex -1.130113e+00  4.035412e-01  2.800000e+00
   endloop
 endfacet
 facet normal -9.462851e-01  3.233333e-01  0.000000e+00
   outer loop
     vertex -1.130113e+00  4.035412e-01  1.170000e+01
     vertex -1.130113e+00  4.035412e-01  2.800000e+00
     vertex -1.140758e+00  3.723857e-01  2.800000e+00
   endloop
 endfacet
 facet normal -9.370586e-01  3.491720e-01  0.000000e+00
   outer loop
     vertex -1.130113e+00  4.035412e-01  1.170000e+01
     vertex -1.118616e+00  4.343928e-01  1.170000e+01
     vertex -1.118616e+00  4.343928e-01  2.800000e+00
   endloop
 endfacet
 facet normal -9.547993e-01  2.972512e-01  0.000000e+00
   outer loop
     vertex -1.140758e+00  3.723857e-01  1.170000e+01
     vertex -1.140758e+00  3.723857e-01  2.800000e+00
     vertex -1.150545e+00  3.409499e-01  2.800000e+00
   endloop
 endfacet
 facet normal -9.462851e-01  3.233333e-01  0.000000e+00
   outer loop
     vertex -1.140758e+00  3.723857e-01  1.170000e+01
     vertex -1.130113e+00  4.035412e-01  1.170000e+01
     vertex -1.140758e+00  3.723857e-01  2.800000e+00
   endloop
 endfacet
 facet normal -9.547993e-01  2.972512e-01  0.000000e+00
   outer loop
     vertex -1.150545e+00  3.409499e-01  1.170000e+01
     vertex -1.140758e+00  3.723857e-01  1.170000e+01
     vertex -1.150545e+00  3.409499e-01  2.800000e+00
   endloop
 endfacet
 facet normal -9.625948e-01  2.709453e-01  0.000000e+00
   outer loop
     vertex -1.159465e+00  3.092575e-01  1.170000e+01
     vertex -1.150545e+00  3.409499e-01  2.800000e+00
     vertex -1.159465e+00  3.092575e-01  2.800000e+00
   endloop
 endfacet
 facet normal -9.625948e-01  2.709453e-01  0.000000e+00
   outer loop
     vertex -1.159465e+00  3.092575e-01  1.170000e+01
     vertex -1.150545e+00  3.409499e-01  1.170000e+01
     vertex -1.150545e+00  3.409499e-01  2.800000e+00
   endloop
 endfacet
 facet normal -9.696656e-01  2.444354e-01  0.000000e+00
   outer loop
     vertex -1.167513e+00  2.773323e-01  1.170000e+01
     vertex -1.159465e+00  3.092575e-01  2.800000e+00
     vertex -1.167513e+00  2.773323e-01  2.800000e+00
   endloop
 endfacet
 facet normal -9.696656e-01  2.444354e-01  0.000000e+00
   outer loop
     vertex -1.167513e+00  2.773323e-01  1.170000e+01
     vertex -1.159465e+00  3.092575e-01  1.170000e+01
     vertex -1.159465e+00  3.092575e-01  2.800000e+00
   endloop
 endfacet
 facet normal -9.760065e-01  2.177416e-01  0.000000e+00
   outer loop
     vertex -1.174682e+00  2.451983e-01  1.170000e+01
     vertex -1.167513e+00  2.773323e-01  2.800000e+00
     vertex -1.174682e+00  2.451983e-01  2.800000e+00
   endloop
 endfacet
 facet normal -9.816126e-01  1.908838e-01  0.000000e+00
   outer loop
     vertex -1.174682e+00  2.451983e-01  1.170000e+01
     vertex -1.174682e+00  2.451983e-01  2.800000e+00
     vertex -1.180967e+00  2.128797e-01  2.800000e+00
   endloop
 endfacet
 facet normal -9.760065e-01  2.177416e-01  0.000000e+00
   outer loop
     vertex -1.174682e+00  2.451983e-01  1.170000e+01
     vertex -1.167513e+00  2.773323e-01  1.170000e+01
     vertex -1.167513e+00  2.773323e-01  2.800000e+00
   endloop
 endfacet
 facet normal -9.816126e-01  1.908838e-01  0.000000e+00
   outer loop
     vertex -1.180967e+00  2.128797e-01  1.170000e+01
     vertex -1.174682e+00  2.451983e-01  1.170000e+01
     vertex -1.180967e+00  2.128797e-01  2.800000e+00
   endloop
 endfacet
 facet normal -9.864799e-01  1.638824e-01  0.000000e+00
   outer loop
     vertex -1.186362e+00  1.804009e-01  1.170000e+01
     vertex -1.180967e+00  2.128797e-01  2.800000e+00
     vertex -1.186362e+00  1.804009e-01  2.800000e+00
   endloop
 endfacet
 facet normal -9.864799e-01  1.638824e-01  0.000000e+00
   outer loop
     vertex -1.186362e+00  1.804009e-01  1.170000e+01
     vertex -1.180967e+00  2.128797e-01  1.170000e+01
     vertex -1.180967e+00  2.128797e-01  2.800000e+00
   endloop
 endfacet
 facet normal -9.906046e-01  1.367575e-01  0.000000e+00
   outer loop
     vertex -1.190865e+00  1.477863e-01  1.170000e+01
     vertex -1.186362e+00  1.804009e-01  2.800000e+00
     vertex -1.190865e+00  1.477863e-01  2.800000e+00
   endloop
 endfacet
 facet normal -9.906046e-01  1.367575e-01  0.000000e+00
   outer loop
     vertex -1.190865e+00  1.477863e-01  1.170000e+01
     vertex -1.186362e+00  1.804009e-01  1.170000e+01
     vertex -1.186362e+00  1.804009e-01  2.800000e+00
   endloop
 endfacet
 facet normal -9.939835e-01  1.095298e-01  0.000000e+00
   outer loop
     vertex -1.194471e+00  1.150604e-01  1.170000e+01
     vertex -1.190865e+00  1.477863e-01  1.170000e+01
     vertex -1.190865e+00  1.477863e-01  2.800000e+00
   endloop
 endfacet
 facet normal -9.939835e-01  1.095298e-01  0.000000e+00
   outer loop
     vertex -1.194471e+00  1.150604e-01  1.170000e+01
     vertex -1.190865e+00  1.477863e-01  2.800000e+00
     vertex -1.194471e+00  1.150604e-01  2.800000e+00
   endloop
 endfacet
 facet normal -9.966142e-01  8.221955e-02  0.000000e+00
   outer loop
     vertex -1.197178e+00  8.224794e-02  1.170000e+01
     vertex -1.194471e+00  1.150604e-01  1.170000e+01
     vertex -1.194471e+00  1.150604e-01  2.800000e+00
   endloop
 endfacet
 facet normal -9.966142e-01  8.221955e-02  0.000000e+00
   outer loop
     vertex -1.197178e+00  8.224794e-02  1.170000e+01
     vertex -1.194471e+00  1.150604e-01  2.800000e+00
     vertex -1.197178e+00  8.224794e-02  2.800000e+00
   endloop
 endfacet
 facet normal -9.984947e-01  5.484744e-02  0.000000e+00
   outer loop
     vertex -1.197178e+00  8.224794e-02  1.170000e+01
     vertex -1.197178e+00  8.224794e-02  2.800000e+00
     vertex -1.198984e+00  4.937354e-02  2.800000e+00
   endloop
 endfacet
 facet normal -9.984947e-01  5.484744e-02  0.000000e+00
   outer loop
     vertex -1.198984e+00  4.937354e-02  1.170000e+01
     vertex -1.197178e+00  8.224794e-02  1.170000e+01
     vertex -1.198984e+00  4.937354e-02  2.800000e+00
   endloop
 endfacet
 facet normal -9.996236e-01  2.743405e-02  0.000000e+00
   outer loop
     vertex -1.199887e+00  1.646198e-02  1.170000e+01
     vertex -1.198984e+00  4.937354e-02  1.170000e+01
     vertex -1.198984e+00  4.937354e-02  2.800000e+00
   endloop
 endfacet
 facet normal -9.996236e-01  2.743405e-02  0.000000e+00
   outer loop
     vertex -1.199887e+00  1.646198e-02  1.170000e+01
     vertex -1.198984e+00  4.937354e-02  2.800000e+00
     vertex -1.199887e+00  1.646198e-02  2.800000e+00
   endloop
 endfacet
 facet normal -1.000000e+00 -6.744165e-15  0.000000e+00
   outer loop
     vertex -1.199887e+00 -1.646198e-02  1.170000e+01
     vertex -1.199887e+00  1.646198e-02  1.170000e+01
     vertex -1.199887e+00  1.646198e-02  2.800000e+00
   endloop
 endfacet
 facet normal -1.000000e+00 -6.744165e-15 -0.000000e+00
   outer loop
     vertex -1.199887e+00 -1.646198e-02  1.170000e+01
     vertex -1.199887e+00  1.646198e-02  2.800000e+00
     vertex -1.199887e+00 -1.646198e-02  2.800000e+00
   endloop
 endfacet
 facet normal -9.996236e-01 -2.743405e-02  0.000000e+00
   outer loop
     vertex -1.198984e+00 -4.937354e-02  1.170000e+01
     vertex -1.199887e+00 -1.646198e-02  1.170000e+01
     vertex -1.199887e+00 -1.646198e-02  2.800000e+00
   endloop
 endfacet
 facet normal -9.996236e-01 -2.743405e-02 -0.000000e+00
   outer loop
     vertex -1.198984e+00 -4.937354e-02  1.170000e+01
     vertex -1.199887e+00 -1.646198e-02  2.800000e+00
     vertex -1.198984e+00 -4.937354e-02  2.800000e+00
   endloop
 endfacet
 facet normal -9.984947e-01 -5.484744e-02  0.000000e+00
   outer loop
     vertex -1.197178e+00 -8.224794e-02  1.170000e+01
     vertex -1.198984e+00 -4.937354e-02  1.170000e+01
     vertex -1.198984e+00 -4.937354e-02  2.800000e+00
   endloop
 endfacet
 facet normal -9.984947e-01 -5.484744e-02 -0.000000e+00
   outer loop
     vertex -1.197178e+00 -8.224794e-02  1.170000e+01
     vertex -1.198984e+00 -4.937354e-02  2.800000e+00
     vertex -1.197178e+00 -8.224794e-02  2.800000e+00
   endloop
 endfacet
 facet normal -9.966142e-01 -8.221955e-02  0.000000e+00
   outer loop
     vertex -1.194471e+00 -1.150604e-01  1.170000e+01
     vertex -1.197178e+00 -8.224794e-02  1.170000e+01
     vertex -1.197178e+00 -8.224794e-02  2.800000e+00
   endloop
 endfacet
 facet normal -9.966142e-01 -8.221955e-02 -0.000000e+00
   outer loop
     vertex -1.194471e+00 -1.150604e-01  1.170000e+01
     vertex -1.197178e+00 -8.224794e-02  2.800000e+00
     vertex -1.194471e+00 -1.150604e-01  2.800000e+00
   endloop
 endfacet
 facet normal -9.939835e-01 -1.095298e-01  0.000000e+00
   outer loop
     vertex -1.190865e+00 -1.477863e-01  1.170000e+01
     vertex -1.194471e+00 -1.150604e-01  1.170000e+01
     vertex -1.194471e+00 -1.150604e-01  2.800000e+00
   endloop
 endfacet
 facet normal -9.939835e-01 -1.095298e-01 -0.000000e+00
   outer loop
     vertex -1.190865e+00 -1.477863e-01  1.170000e+01
     vertex -1.194471e+00 -1.150604e-01  2.800000e+00
     vertex -1.190865e+00 -1.477863e-01  2.800000e+00
   endloop
 endfacet
 facet normal -9.906046e-01 -1.367575e-01  0.000000e+00
   outer loop
     vertex -1.186362e+00 -1.804009e-01  1.170000e+01
     vertex -1.190865e+00 -1.477863e-01  1.170000e+01
     vertex -1.190865e+00 -1.477863e-01  2.800000e+00
   endloop
 endfacet
 facet normal -9.906046e-01 -1.367575e-01 -0.000000e+00
   outer loop
     vertex -1.186362e+00 -1.804009e-01  1.170000e+01
     vertex -1.190865e+00 -1.477863e-01  2.800000e+00
     vertex -1.186362e+00 -1.804009e-01  2.800000e+00
   endloop
 endfacet
 facet normal -9.864799e-01 -1.638824e-01  0.000000e+00
   outer loop
     vertex -1.180967e+00 -2.128797e-01  1.170000e+01
     vertex -1.186362e+00 -1.804009e-01  1.170000e+01
     vertex -1.186362e+00 -1.804009e-01  2.800000e+00
   endloop
 endfacet
 facet normal -9.864799e-01 -1.638824e-01 -0.000000e+00
   outer loop
     vertex -1.180967e+00 -2.128797e-01  1.170000e+01
     vertex -1.186362e+00 -1.804009e-01  2.800000e+00
     vertex -1.180967e+00 -2.128797e-01  2.800000e+00
   endloop
 endfacet
 facet normal -9.816126e-01 -1.908838e-01  0.000000e+00
   outer loop
     vertex -1.174682e+00 -2.451983e-01  1.170000e+01
     vertex -1.180967e+00 -2.128797e-01  1.170000e+01
     vertex -1.180967e+00 -2.128797e-01  2.800000e+00
   endloop
 endfacet
 facet normal -9.816126e-01 -1.908838e-01 -0.000000e+00
   outer loop
     vertex -1.174682e+00 -2.451983e-01  1.170000e+01
     vertex -1.180967e+00 -2.128797e-01  2.800000e+00
     vertex -1.174682e+00 -2.451983e-01  2.800000e+00
   endloop
 endfacet
 facet normal -9.760065e-01 -2.177416e-01 -0.000000e+00
   outer loop
     vertex -1.167513e+00 -2.773323e-01  1.170000e+01
     vertex -1.174682e+00 -2.451983e-01  2.800000e+00
     vertex -1.167513e+00 -2.773323e-01  2.800000e+00
   endloop
 endfacet
 facet normal -9.760065e-01 -2.177416e-01  0.000000e+00
   outer loop
     vertex -1.167513e+00 -2.773323e-01  1.170000e+01
     vertex -1.174682e+00 -2.451983e-01  1.170000e+01
     vertex -1.174682e+00 -2.451983e-01  2.800000e+00
   endloop
 endfacet
 facet normal -9.696656e-01 -2.444354e-01 -0.000000e+00
   outer loop
     vertex -1.159465e+00 -3.092575e-01  1.170000e+01
     vertex -1.167513e+00 -2.773323e-01  2.800000e+00
     vertex -1.159465e+00 -3.092575e-01  2.800000e+00
   endloop
 endfacet
 facet normal -9.696656e-01 -2.444354e-01  0.000000e+00
   outer loop
     vertex -1.159465e+00 -3.092575e-01  1.170000e+01
     vertex -1.167513e+00 -2.773323e-01  1.170000e+01
     vertex -1.167513e+00 -2.773323e-01  2.800000e+00
   endloop
 endfacet
 facet normal -9.625948e-01 -2.709453e-01  0.000000e+00
   outer loop
     vertex -1.150545e+00 -3.409499e-01  1.170000e+01
     vertex -1.159465e+00 -3.092575e-01  1.170000e+01
     vertex -1.159465e+00 -3.092575e-01  2.800000e+00
   endloop
 endfacet
 facet normal -9.625948e-01 -2.709453e-01 -0.000000e+00
   outer loop
     vertex -1.150545e+00 -3.409499e-01  1.170000e+01
     vertex -1.159465e+00 -3.092575e-01  2.800000e+00
     vertex -1.150545e+00 -3.409499e-01  2.800000e+00
   endloop
 endfacet
 facet normal -9.547993e-01 -2.972512e-01 -0.000000e+00
   outer loop
     vertex -1.140758e+00 -3.723857e-01  1.170000e+01
     vertex -1.150545e+00 -3.409499e-01  2.800000e+00
     vertex -1.140758e+00 -3.723857e-01  2.800000e+00
   endloop
 endfacet
 facet normal -9.547993e-01 -2.972512e-01  0.000000e+00
   outer loop
     vertex -1.140758e+00 -3.723857e-01  1.170000e+01
     vertex -1.150545e+00 -3.409499e-01  1.170000e+01
     vertex -1.150545e+00 -3.409499e-01  2.800000e+00
   endloop
 endfacet
 facet normal -9.462851e-01 -3.233333e-01 -0.000000e+00
   outer loop
     vertex -1.130113e+00 -4.035412e-01  1.170000e+01
     vertex -1.140758e+00 -3.723857e-01  2.800000e+00
     vertex -1.130113e+00 -4.035412e-01  2.800000e+00
   endloop
 endfacet
 facet normal -9.462851e-01 -3.233333e-01  0.000000e+00
   outer loop
     vertex -1.130113e+00 -4.035412e-01  1.170000e+01
     vertex -1.140758e+00 -3.723857e-01  1.170000e+01
     vertex -1.140758e+00 -3.723857e-01  2.800000e+00
   endloop
 endfacet
 facet normal -9.370586e-01 -3.491720e-01 -0.000000e+00
   outer loop
     vertex -1.118616e+00 -4.343928e-01  1.170000e+01
     vertex -1.130113e+00 -4.035412e-01  2.800000e+00
     vertex -1.118616e+00 -4.343928e-01  2.800000e+00
   endloop
 endfacet
 facet normal -9.370586e-01 -3.491720e-01  0.000000e+00
   outer loop
     vertex -1.118616e+00 -4.343928e-01  1.170000e+01
     vertex -1.130113e+00 -4.035412e-01  1.170000e+01
     vertex -1.130113e+00 -4.035412e-01  2.800000e+00
   endloop
 endfacet
 facet normal -9.271267e-01 -3.747479e-01 -0.000000e+00
   outer loop
     vertex -1.106278e+00 -4.649175e-01  1.170000e+01
     vertex -1.118616e+00 -4.343928e-01  2.800000e+00
     vertex -1.106278e+00 -4.649175e-01  2.800000e+00
   endloop
 endfacet
 facet normal -9.271267e-01 -3.747479e-01  0.000000e+00
   outer loop
     vertex -1.106278e+00 -4.649175e-01  1.170000e+01
     vertex -1.118616e+00 -4.343928e-01  1.170000e+01
     vertex -1.118616e+00 -4.343928e-01  2.800000e+00
   endloop
 endfacet
 facet normal -9.164969e-01 -4.000417e-01 -0.000000e+00
   outer loop
     vertex -1.093107e+00 -4.950922e-01  1.170000e+01
     vertex -1.106278e+00 -4.649175e-01  2.800000e+00
     vertex -1.093107e+00 -4.950922e-01  2.800000e+00
   endloop
 endfacet
 facet normal -9.164969e-01 -4.000417e-01  0.000000e+00
   outer loop
     vertex -1.093107e+00 -4.950922e-01  1.170000e+01
     vertex -1.106278e+00 -4.649175e-01  1.170000e+01
     vertex -1.106278e+00 -4.649175e-01  2.800000e+00
   endloop
 endfacet
 facet normal -9.051772e-01 -4.250344e-01 -0.000000e+00
   outer loop
     vertex -1.079114e+00 -5.248942e-01  1.170000e+01
     vertex -1.093107e+00 -4.950922e-01  2.800000e+00
     vertex -1.079114e+00 -5.248942e-01  2.800000e+00
   endloop
 endfacet
 facet normal -9.051772e-01 -4.250344e-01  0.000000e+00
   outer loop
     vertex -1.079114e+00 -5.248942e-01  1.170000e+01
     vertex -1.093107e+00 -4.950922e-01  1.170000e+01
     vertex -1.093107e+00 -4.950922e-01  2.800000e+00
   endloop
 endfacet
 facet normal -8.931761e-01 -4.497071e-01 -0.000000e+00
   outer loop
     vertex -1.064307e+00 -5.543011e-01  1.170000e+01
     vertex -1.079114e+00 -5.248942e-01  2.800000e+00
     vertex -1.064307e+00 -5.543011e-01  2.800000e+00
   endloop
 endfacet
 facet normal -8.931761e-01 -4.497071e-01  0.000000e+00
   outer loop
     vertex -1.064307e+00 -5.543011e-01  1.170000e+01
     vertex -1.079114e+00 -5.248942e-01  1.170000e+01
     vertex -1.079114e+00 -5.248942e-01  2.800000e+00
   endloop
 endfacet
 facet normal -8.805026e-01 -4.740412e-01 -0.000000e+00
   outer loop
     vertex -1.048700e+00 -5.832908e-01  1.170000e+01
     vertex -1.064307e+00 -5.543011e-01  2.800000e+00
     vertex -1.048700e+00 -5.832908e-01  2.800000e+00
   endloop
 endfacet
 facet normal -8.805026e-01 -4.740412e-01  0.000000e+00
   outer loop
     vertex -1.048700e+00 -5.832908e-01  1.170000e+01
     vertex -1.064307e+00 -5.543011e-01  1.170000e+01
     vertex -1.064307e+00 -5.543011e-01  2.800000e+00
   endloop
 endfacet
 facet normal -8.671664e-01 -4.980186e-01 -0.000000e+00
   outer loop
     vertex -1.032303e+00 -6.118413e-01  1.170000e+01
     vertex -1.048700e+00 -5.832908e-01  2.800000e+00
     vertex -1.032303e+00 -6.118413e-01  2.800000e+00
   endloop
 endfacet
 facet normal -8.671664e-01 -4.980186e-01  0.000000e+00
   outer loop
     vertex -1.032303e+00 -6.118413e-01  1.170000e+01
     vertex -1.048700e+00 -5.832908e-01  1.170000e+01
     vertex -1.048700e+00 -5.832908e-01  2.800000e+00
   endloop
 endfacet
 facet normal -8.531773e-01 -5.216210e-01 -0.000000e+00
   outer loop
     vertex -1.015130e+00 -6.399313e-01  1.170000e+01
     vertex -1.032303e+00 -6.118413e-01  2.800000e+00
     vertex -1.015130e+00 -6.399313e-01  2.800000e+00
   endloop
 endfacet
 facet normal -8.531773e-01 -5.216210e-01  0.000000e+00
   outer loop
     vertex -1.015130e+00 -6.399313e-01  1.170000e+01
     vertex -1.032303e+00 -6.118413e-01  1.170000e+01
     vertex -1.032303e+00 -6.118413e-01  2.800000e+00
   endloop
 endfacet
 facet normal -8.385460e-01 -5.448308e-01 -0.000000e+00
   outer loop
     vertex -9.971915e-01 -6.675395e-01  1.170000e+01
     vertex -1.015130e+00 -6.399313e-01  2.800000e+00
     vertex -9.971915e-01 -6.675395e-01  2.800000e+00
   endloop
 endfacet
 facet normal -8.385460e-01 -5.448308e-01  0.000000e+00
   outer loop
     vertex -9.971915e-01 -6.675395e-01  1.170000e+01
     vertex -1.015130e+00 -6.399313e-01  1.170000e+01
     vertex -1.015130e+00 -6.399313e-01  2.800000e+00
   endloop
 endfacet
 facet normal -8.232835e-01 -5.676304e-01  0.000000e+00
   outer loop
     vertex -9.785029e-01 -6.946453e-01  1.170000e+01
     vertex -9.971915e-01 -6.675395e-01  1.170000e+01
     vertex -9.971915e-01 -6.675395e-01  2.800000e+00
   endloop
 endfacet
 facet normal -8.232835e-01 -5.676304e-01 -0.000000e+00
   outer loop
     vertex -9.785029e-01 -6.946453e-01  1.170000e+01
     vertex -9.971915e-01 -6.675395e-01  2.800000e+00
     vertex -9.785029e-01 -6.946453e-01  2.800000e+00
   endloop
 endfacet
 facet normal -8.074012e-01 -5.900028e-01  0.000000e+00
   outer loop
     vertex -9.590777e-01 -7.212281e-01  1.170000e+01
     vertex -9.785029e-01 -6.946453e-01  1.170000e+01
     vertex -9.785029e-01 -6.946453e-01  2.800000e+00
   endloop
 endfacet
 facet normal -8.074012e-01 -5.900028e-01 -0.000000e+00
   outer loop
     vertex -9.590777e-01 -7.212281e-01  1.170000e+01
     vertex -9.785029e-01 -6.946453e-01  2.800000e+00
     vertex -9.590777e-01 -7.212281e-01  2.800000e+00
   endloop
 endfacet
 facet normal -7.909112e-01 -6.119310e-01  0.000000e+00
   outer loop
     vertex -9.389305e-01 -7.472681e-01  1.170000e+01
     vertex -9.590777e-01 -7.212281e-01  1.170000e+01
     vertex -9.590777e-01 -7.212281e-01  2.800000e+00
   endloop
 endfacet
 facet normal -7.909112e-01 -6.119310e-01 -0.000000e+00
   outer loop
     vertex -9.389305e-01 -7.472681e-01  1.170000e+01
     vertex -9.590777e-01 -7.212281e-01  2.800000e+00
     vertex -9.389305e-01 -7.472681e-01  2.800000e+00
   endloop
 endfacet
 facet normal -7.738257e-01 -6.333986e-01  0.000000e+00
   outer loop
     vertex -9.180765e-01 -7.727455e-01  1.170000e+01
     vertex -9.389305e-01 -7.472681e-01  1.170000e+01
     vertex -9.389305e-01 -7.472681e-01  2.800000e+00
   endloop
 endfacet
 facet normal -7.738257e-01 -6.333986e-01 -0.000000e+00
   outer loop
     vertex -9.180765e-01 -7.727455e-01  1.170000e+01
     vertex -9.389305e-01 -7.472681e-01  2.800000e+00
     vertex -9.180765e-01 -7.727455e-01  2.800000e+00
   endloop
 endfacet
 facet normal -7.561578e-01 -6.543893e-01  0.000000e+00
   outer loop
     vertex -8.965314e-01 -7.976412e-01  1.170000e+01
     vertex -9.180765e-01 -7.727455e-01  1.170000e+01
     vertex -9.180765e-01 -7.727455e-01  2.800000e+00
   endloop
 endfacet
 facet normal -7.561578e-01 -6.543893e-01 -0.000000e+00
   outer loop
     vertex -8.965314e-01 -7.976412e-01  1.170000e+01
     vertex -9.180765e-01 -7.727455e-01  2.800000e+00
     vertex -8.965314e-01 -7.976412e-01  2.800000e+00
   endloop
 endfacet
 facet normal -7.379206e-01 -6.748875e-01  0.000000e+00
   outer loop
     vertex -8.743114e-01 -8.219364e-01  1.170000e+01
     vertex -8.965314e-01 -7.976412e-01  1.170000e+01
     vertex -8.965314e-01 -7.976412e-01  2.800000e+00
   endloop
 endfacet
 facet normal -7.379206e-01 -6.748875e-01 -0.000000e+00
   outer loop
     vertex -8.743114e-01 -8.219364e-01  1.170000e+01
     vertex -8.965314e-01 -7.976412e-01  2.800000e+00
     vertex -8.743114e-01 -8.219364e-01  2.800000e+00
   endloop
 endfacet
 facet normal -7.191280e-01 -6.948776e-01  0.000000e+00
   outer loop
     vertex -8.514333e-01 -8.456130e-01  1.170000e+01
     vertex -8.743114e-01 -8.219364e-01  1.170000e+01
     vertex -8.743114e-01 -8.219364e-01  2.800000e+00
   endloop
 endfacet
 facet normal -7.191280e-01 -6.948776e-01 -0.000000e+00
   outer loop
     vertex -8.514333e-01 -8.456130e-01  1.170000e+01
     vertex -8.743114e-01 -8.219364e-01  2.800000e+00
     vertex -8.514333e-01 -8.456130e-01  2.800000e+00
   endloop
 endfacet
 facet normal -6.997940e-01 -7.143447e-01  0.000000e+00
   outer loop
     vertex -8.279143e-01 -8.686530e-01  1.170000e+01
     vertex -8.514333e-01 -8.456130e-01  1.170000e+01
     vertex -8.514333e-01 -8.456130e-01  2.800000e+00
   endloop
 endfacet
 facet normal -6.997940e-01 -7.143447e-01 -0.000000e+00
   outer loop
     vertex -8.279143e-01 -8.686530e-01  1.170000e+01
     vertex -8.514333e-01 -8.456130e-01  2.800000e+00
     vertex -8.279143e-01 -8.686530e-01  2.800000e+00
   endloop
 endfacet
 facet normal -6.799333e-01 -7.332740e-01  0.000000e+00
   outer loop
     vertex -8.037720e-01 -8.910390e-01  1.170000e+01
     vertex -8.279143e-01 -8.686530e-01  1.170000e+01
     vertex -8.279143e-01 -8.686530e-01  2.800000e+00
   endloop
 endfacet
 facet normal -6.799333e-01 -7.332740e-01 -0.000000e+00
   outer loop
     vertex -8.037720e-01 -8.910390e-01  1.170000e+01
     vertex -8.279143e-01 -8.686530e-01  2.800000e+00
     vertex -8.037720e-01 -8.910390e-01  2.800000e+00
   endloop
 endfacet
 facet normal -6.595607e-01 -7.516513e-01  0.000000e+00
   outer loop
     vertex -7.790247e-01 -9.127544e-01  1.170000e+01
     vertex -8.037720e-01 -8.910390e-01  1.170000e+01
     vertex -8.037720e-01 -8.910390e-01  2.800000e+00
   endloop
 endfacet
 facet normal -6.595607e-01 -7.516513e-01 -0.000000e+00
   outer loop
     vertex -7.790247e-01 -9.127544e-01  1.170000e+01
     vertex -8.037720e-01 -8.910390e-01  2.800000e+00
     vertex -7.790247e-01 -9.127544e-01  2.800000e+00
   endloop
 endfacet
 facet normal -6.386916e-01 -7.694628e-01  0.000000e+00
   outer loop
     vertex -7.536909e-01 -9.337826e-01  1.170000e+01
     vertex -7.790247e-01 -9.127544e-01  1.170000e+01
     vertex -7.790247e-01 -9.127544e-01  2.800000e+00
   endloop
 endfacet
 facet normal -6.386916e-01 -7.694628e-01 -0.000000e+00
   outer loop
     vertex -7.536909e-01 -9.337826e-01  1.170000e+01
     vertex -7.790247e-01 -9.127544e-01  2.800000e+00
     vertex -7.536909e-01 -9.337826e-01  2.800000e+00
   endloop
 endfacet
 facet normal -6.173417e-01 -7.866951e-01  0.000000e+00
   outer loop
     vertex -7.277898e-01 -9.541080e-01  1.170000e+01
     vertex -7.536909e-01 -9.337826e-01  1.170000e+01
     vertex -7.536909e-01 -9.337826e-01  2.800000e+00
   endloop
 endfacet
 facet normal -6.173417e-01 -7.866951e-01 -0.000000e+00
   outer loop
     vertex -7.277898e-01 -9.541080e-01  1.170000e+01
     vertex -7.536909e-01 -9.337826e-01  2.800000e+00
     vertex -7.277898e-01 -9.541080e-01  2.800000e+00
   endloop
 endfacet
 facet normal -5.955271e-01 -8.033352e-01  0.000000e+00
   outer loop
     vertex -7.013408e-01 -9.737151e-01  1.170000e+01
     vertex -7.277898e-01 -9.541080e-01  1.170000e+01
     vertex -7.277898e-01 -9.541080e-01  2.800000e+00
   endloop
 endfacet
 facet normal -5.955271e-01 -8.033352e-01 -0.000000e+00
   outer loop
     vertex -7.013408e-01 -9.737151e-01  1.170000e+01
     vertex -7.277898e-01 -9.541080e-01  2.800000e+00
     vertex -7.013408e-01 -9.737151e-01  2.800000e+00
   endloop
 endfacet
 facet normal -5.732642e-01 -8.193706e-01  0.000000e+00
   outer loop
     vertex -6.743639e-01 -9.925892e-01  1.170000e+01
     vertex -7.013408e-01 -9.737151e-01  1.170000e+01
     vertex -7.013408e-01 -9.737151e-01  2.800000e+00
   endloop
 endfacet
 facet normal -5.732642e-01 -8.193706e-01 -0.000000e+00
   outer loop
     vertex -6.743639e-01 -9.925892e-01  1.170000e+01
     vertex -7.013408e-01 -9.737151e-01  2.800000e+00
     vertex -6.743639e-01 -9.925892e-01  2.800000e+00
   endloop
 endfacet
 facet normal -5.505698e-01 -8.347891e-01  0.000000e+00
   outer loop
     vertex -6.468793e-01 -1.010716e+00  1.170000e+01
     vertex -6.743639e-01 -9.925892e-01  1.170000e+01
     vertex -6.743639e-01 -9.925892e-01  2.800000e+00
   endloop
 endfacet
 facet normal -5.505698e-01 -8.347891e-01 -0.000000e+00
   outer loop
     vertex -6.468793e-01 -1.010716e+00  1.170000e+01
     vertex -6.743639e-01 -9.925892e-01  2.800000e+00
     vertex -6.468793e-01 -1.010716e+00  2.800000e+00
   endloop
 endfacet
 facet normal -5.274609e-01 -8.495793e-01  0.000000e+00
   outer loop
     vertex -6.189078e-01 -1.028082e+00  1.170000e+01
     vertex -6.468793e-01 -1.010716e+00  1.170000e+01
     vertex -6.468793e-01 -1.010716e+00  2.800000e+00
   endloop
 endfacet
 facet normal -5.274609e-01 -8.495793e-01 -0.000000e+00
   outer loop
     vertex -6.189078e-01 -1.028082e+00  1.170000e+01
     vertex -6.468793e-01 -1.010716e+00  2.800000e+00
     vertex -6.189078e-01 -1.028082e+00  2.800000e+00
   endloop
 endfacet
 facet normal -5.039550e-01 -8.637299e-01  0.000000e+00
   outer loop
     vertex -5.904704e-01 -1.044674e+00  1.170000e+01
     vertex -6.189078e-01 -1.028082e+00  1.170000e+01
     vertex -6.189078e-01 -1.028082e+00  2.800000e+00
   endloop
 endfacet
 facet normal -5.039550e-01 -8.637299e-01 -0.000000e+00
   outer loop
     vertex -5.904704e-01 -1.044674e+00  1.170000e+01
     vertex -6.189078e-01 -1.028082e+00  2.800000e+00
     vertex -5.904704e-01 -1.044674e+00  2.800000e+00
   endloop
 endfacet
 facet normal -4.800697e-01 -8.772303e-01  0.000000e+00
   outer loop
     vertex -5.615885e-01 -1.060480e+00  1.170000e+01
     vertex -5.904704e-01 -1.044674e+00  1.170000e+01
     vertex -5.904704e-01 -1.044674e+00  2.800000e+00
   endloop
 endfacet
 facet normal -4.800697e-01 -8.772303e-01 -0.000000e+00
   outer loop
     vertex -5.615885e-01 -1.060480e+00  1.170000e+01
     vertex -5.904704e-01 -1.044674e+00  2.800000e+00
     vertex -5.615885e-01 -1.060480e+00  2.800000e+00
   endloop
 endfacet
 facet normal -4.558231e-01 -8.900704e-01  0.000000e+00
   outer loop
     vertex -5.322839e-01 -1.075488e+00  1.170000e+01
     vertex -5.615885e-01 -1.060480e+00  1.170000e+01
     vertex -5.615885e-01 -1.060480e+00  2.800000e+00
   endloop
 endfacet
 facet normal -4.558231e-01 -8.900704e-01 -0.000000e+00
   outer loop
     vertex -5.322839e-01 -1.075488e+00  1.170000e+01
     vertex -5.615885e-01 -1.060480e+00  2.800000e+00
     vertex -5.322839e-01 -1.075488e+00  2.800000e+00
   endloop
 endfacet
 facet normal -4.312333e-01 -9.022405e-01  0.000000e+00
   outer loop
     vertex -5.025786e-01 -1.089686e+00  1.170000e+01
     vertex -5.322839e-01 -1.075488e+00  1.170000e+01
     vertex -5.322839e-01 -1.075488e+00  2.800000e+00
   endloop
 endfacet
 facet normal -4.312333e-01 -9.022405e-01 -0.000000e+00
   outer loop
     vertex -5.025786e-01 -1.089686e+00  1.170000e+01
     vertex -5.322839e-01 -1.075488e+00  2.800000e+00
     vertex -5.025786e-01 -1.089686e+00  2.800000e+00
   endloop
 endfacet
 facet normal -4.063188e-01 -9.137314e-01  0.000000e+00
   outer loop
     vertex -4.724949e-01 -1.103063e+00  1.170000e+01
     vertex -5.025786e-01 -1.089686e+00  1.170000e+01
     vertex -5.025786e-01 -1.089686e+00  2.800000e+00
   endloop
 endfacet
 facet normal -4.063188e-01 -9.137314e-01 -0.000000e+00
   outer loop
     vertex -4.724949e-01 -1.103063e+00  1.170000e+01
     vertex -5.025786e-01 -1.089686e+00  2.800000e+00
     vertex -4.724949e-01 -1.103063e+00  2.800000e+00
   endloop
 endfacet
 facet normal -3.810986e-01 -9.245344e-01 -0.000000e+00
   outer loop
     vertex -4.420556e-01 -1.115611e+00  1.170000e+01
     vertex -4.724949e-01 -1.103063e+00  2.800000e+00
     vertex -4.420556e-01 -1.115611e+00  2.800000e+00
   endloop
 endfacet
 facet normal -3.810986e-01 -9.245344e-01  0.000000e+00
   outer loop
     vertex -4.420556e-01 -1.115611e+00  1.170000e+01
     vertex -4.724949e-01 -1.103063e+00  1.170000e+01
     vertex -4.724949e-01 -1.103063e+00  2.800000e+00
   endloop
 endfacet
 facet normal -3.555914e-01 -9.346415e-01 -0.000000e+00
   outer loop
     vertex -4.112835e-01 -1.127318e+00  1.170000e+01
     vertex -4.420556e-01 -1.115611e+00  2.800000e+00
     vertex -4.112835e-01 -1.127318e+00  2.800000e+00
   endloop
 endfacet
 facet normal -3.555914e-01 -9.346415e-01  0.000000e+00
   outer loop
     vertex -4.112835e-01 -1.127318e+00  1.170000e+01
     vertex -4.420556e-01 -1.115611e+00  1.170000e+01
     vertex -4.420556e-01 -1.115611e+00  2.800000e+00
   endloop
 endfacet
 facet normal -3.298166e-01 -9.440450e-01 -0.000000e+00
   outer loop
     vertex -3.802018e-01 -1.138177e+00  1.170000e+01
     vertex -4.112835e-01 -1.127318e+00  2.800000e+00
     vertex -3.802018e-01 -1.138177e+00  2.800000e+00
   endloop
 endfacet
 facet normal -3.037934e-01 -9.527379e-01 -0.000000e+00
   outer loop
     vertex -3.802018e-01 -1.138177e+00  1.170000e+01
     vertex -3.802018e-01 -1.138177e+00  2.800000e+00
     vertex -3.488339e-01 -1.148179e+00  2.800000e+00
   endloop
 endfacet
 facet normal -3.298166e-01 -9.440450e-01  0.000000e+00
   outer loop
     vertex -3.802018e-01 -1.138177e+00  1.170000e+01
     vertex -4.112835e-01 -1.127318e+00  1.170000e+01
     vertex -4.112835e-01 -1.127318e+00  2.800000e+00
   endloop
 endfacet
 facet normal -3.037934e-01 -9.527379e-01 -0.000000e+00
   outer loop
     vertex -3.488339e-01 -1.148179e+00  1.170000e+01
     vertex -3.802018e-01 -1.138177e+00  1.170000e+01
     vertex -3.488339e-01 -1.148179e+00  2.800000e+00
   endloop
 endfacet
 facet normal -2.775416e-01 -9.607136e-01  0.000000e+00
   outer loop
     vertex -3.172034e-01 -1.157317e+00  1.170000e+01
     vertex -3.488339e-01 -1.148179e+00  1.170000e+01
     vertex -3.488339e-01 -1.148179e+00  2.800000e+00
   endloop
 endfacet
 facet normal -2.775416e-01 -9.607136e-01 -0.000000e+00
   outer loop
     vertex -3.172034e-01 -1.157317e+00  1.170000e+01
     vertex -3.488339e-01 -1.148179e+00  2.800000e+00
     vertex -3.172034e-01 -1.157317e+00  2.800000e+00
   endloop
 endfacet
 facet normal -2.510809e-01 -9.679661e-01 -0.000000e+00
   outer loop
     vertex -3.172034e-01 -1.157317e+00  1.170000e+01
     vertex -3.172034e-01 -1.157317e+00  2.800000e+00
     vertex -2.853341e-01 -1.165583e+00  2.800000e+00
   endloop
 endfacet
 facet normal -2.510809e-01 -9.679661e-01 -0.000000e+00
   outer loop
     vertex -2.853341e-01 -1.165583e+00  1.170000e+01
     vertex -3.172034e-01 -1.157317e+00  1.170000e+01
     vertex -2.853341e-01 -1.165583e+00  2.800000e+00
   endloop
 endfacet
 facet normal -2.244312e-01 -9.744899e-01 -0.000000e+00
   outer loop
     vertex -2.853341e-01 -1.165583e+00  1.170000e+01
     vertex -2.853341e-01 -1.165583e+00  2.800000e+00
     vertex -2.532501e-01 -1.172972e+00  2.800000e+00
   endloop
 endfacet
 facet normal -2.244312e-01 -9.744899e-01 -0.000000e+00
   outer loop
     vertex -2.532501e-01 -1.172972e+00  1.170000e+01
     vertex -2.853341e-01 -1.165583e+00  1.170000e+01
     vertex -2.532501e-01 -1.172972e+00  2.800000e+00
   endloop
 endfacet
 facet normal -1.976125e-01 -9.802802e-01  0.000000e+00
   outer loop
     vertex -2.209754e-01 -1.179479e+00  1.170000e+01
     vertex -2.532501e-01 -1.172972e+00  1.170000e+01
     vertex -2.532501e-01 -1.172972e+00  2.800000e+00
   endloop
 endfacet
 facet normal -1.976125e-01 -9.802802e-01 -0.000000e+00
   outer loop
     vertex -2.209754e-01 -1.179479e+00  1.170000e+01
     vertex -2.532501e-01 -1.172972e+00  2.800000e+00
     vertex -2.209754e-01 -1.179479e+00  2.800000e+00
   endloop
 endfacet
 facet normal -1.706451e-01 -9.853326e-01  0.000000e+00
   outer loop
     vertex -1.885343e-01 -1.185097e+00  1.170000e+01
     vertex -2.209754e-01 -1.179479e+00  1.170000e+01
     vertex -2.209754e-01 -1.179479e+00  2.800000e+00
   endloop
 endfacet
 facet normal -1.706451e-01 -9.853326e-01 -0.000000e+00
   outer loop
     vertex -1.885343e-01 -1.185097e+00  1.170000e+01
     vertex -2.209754e-01 -1.179479e+00  2.800000e+00
     vertex -1.885343e-01 -1.185097e+00  2.800000e+00
   endloop
 endfacet
 facet normal -1.435492e-01 -9.896432e-01 -0.000000e+00
   outer loop
     vertex -1.885343e-01 -1.185097e+00  1.170000e+01
     vertex -1.885343e-01 -1.185097e+00  2.800000e+00
     vertex -1.559513e-01 -1.189823e+00  2.800000e+00
   endloop
 endfacet
 facet normal -1.435492e-01 -9.896432e-01 -0.000000e+00
   outer loop
     vertex -1.559513e-01 -1.189823e+00  1.170000e+01
     vertex -1.885343e-01 -1.185097e+00  1.170000e+01
     vertex -1.559513e-01 -1.189823e+00  2.800000e+00
   endloop
 endfacet
 facet normal -1.163452e-01 -9.932088e-01  0.000000e+00
   outer loop
     vertex -1.232510e-01 -1.193654e+00  1.170000e+01
     vertex -1.559513e-01 -1.189823e+00  1.170000e+01
     vertex -1.559513e-01 -1.189823e+00  2.800000e+00
   endloop
 endfacet
 facet normal -1.163452e-01 -9.932088e-01 -0.000000e+00
   outer loop
     vertex -1.232510e-01 -1.193654e+00  1.170000e+01
     vertex -1.559513e-01 -1.189823e+00  2.800000e+00
     vertex -1.232510e-01 -1.193654e+00  2.800000e+00
   endloop
 endfacet
 facet normal -8.905371e-02 -9.960268e-01 -0.000000e+00
   outer loop
     vertex -1.232510e-01 -1.193654e+00  1.170000e+01
     vertex -1.232510e-01 -1.193654e+00  2.800000e+00
     vertex -9.045783e-02 -1.196586e+00  2.800000e+00
   endloop
 endfacet
 facet normal -8.905371e-02 -9.960268e-01 -0.000000e+00
   outer loop
     vertex -9.045783e-02 -1.196586e+00  1.170000e+01
     vertex -1.232510e-01 -1.193654e+00  1.170000e+01
     vertex -9.045783e-02 -1.196586e+00  2.800000e+00
   endloop
 endfacet
 facet normal -6.169515e-02 -9.980950e-01  0.000000e+00
   outer loop
     vertex -5.759659e-02 -1.198617e+00  1.170000e+01
     vertex -9.045783e-02 -1.196586e+00  1.170000e+01
     vertex -9.045783e-02 -1.196586e+00  2.800000e+00
   endloop
 endfacet
 facet normal -6.169515e-02 -9.980950e-01 -0.000000e+00
   outer loop
     vertex -5.759659e-02 -1.198617e+00  1.170000e+01
     vertex -9.045783e-02 -1.196586e+00  2.800000e+00
     vertex -5.759659e-02 -1.198617e+00  2.800000e+00
   endloop
 endfacet
 facet normal -3.429014e-02 -9.994119e-01  0.000000e+00
   outer loop
     vertex -2.469200e-02 -1.199746e+00  1.170000e+01
     vertex -5.759659e-02 -1.198617e+00  1.170000e+01
     vertex -5.759659e-02 -1.198617e+00  2.800000e+00
   endloop
 endfacet
 facet normal -3.429014e-02 -9.994119e-01 -0.000000e+00
   outer loop
     vertex -2.469200e-02 -1.199746e+00  1.170000e+01
     vertex -5.759659e-02 -1.198617e+00  2.800000e+00
     vertex -2.469200e-02 -1.199746e+00  2.800000e+00
   endloop
 endfacet
 facet normal -6.859319e-03 -9.999765e-01 -0.000000e+00
   outer loop
     vertex -2.469200e-02 -1.199746e+00  1.170000e+01
     vertex -2.469200e-02 -1.199746e+00  2.800000e+00
     vertex  8.231183e-03 -1.199972e+00  2.800000e+00
   endloop
 endfacet
 facet normal -6.859319e-03 -9.999765e-01 -0.000000e+00
   outer loop
     vertex  8.231183e-03 -1.199972e+00  1.170000e+01
     vertex -2.469200e-02 -1.199746e+00  1.170000e+01
     vertex  8.231183e-03 -1.199972e+00  2.800000e+00
   endloop
 endfacet
 facet normal  4.799716e-02 -9.988475e-01  0.000000e+00
   outer loop
     vertex  4.114817e-02 -1.199294e+00  1.170000e+01
     vertex  4.114817e-02 -1.199294e+00  2.800000e+00
     vertex  7.403418e-02 -1.197714e+00  2.800000e+00
   endloop
 endfacet
 facet normal  2.057667e-02 -9.997883e-01  0.000000e+00
   outer loop
     vertex  4.114817e-02 -1.199294e+00  1.170000e+01
     vertex  8.231183e-03 -1.199972e+00  1.170000e+01
     vertex  8.231183e-03 -1.199972e+00  2.800000e+00
   endloop
 endfacet
 facet normal  2.057667e-02 -9.997883e-01  0.000000e+00
   outer loop
     vertex  4.114817e-02 -1.199294e+00  1.170000e+01
     vertex  8.231183e-03 -1.199972e+00  2.800000e+00
     vertex  4.114817e-02 -1.199294e+00  2.800000e+00
   endloop
 endfacet
 facet normal  4.799716e-02 -9.988475e-01  0.000000e+00
   outer loop
     vertex  7.403418e-02 -1.197714e+00  1.170000e+01
     vertex  4.114817e-02 -1.199294e+00  1.170000e+01
     vertex  7.403418e-02 -1.197714e+00  2.800000e+00
   endloop
 endfacet
 facet normal  7.538152e-02 -9.971548e-01  0.000000e+00
   outer loop
     vertex  1.068645e-01 -1.195232e+00  1.170000e+01
     vertex  7.403418e-02 -1.197714e+00  2.800000e+00
     vertex  1.068645e-01 -1.195232e+00  2.800000e+00
   endloop
 endfacet
 facet normal  7.538152e-02 -9.971548e-01  0.000000e+00
   outer loop
     vertex  1.068645e-01 -1.195232e+00  1.170000e+01
     vertex  7.403418e-02 -1.197714e+00  1.170000e+01
     vertex  7.403418e-02 -1.197714e+00  2.800000e+00
   endloop
 endfacet
 facet normal  1.027091e-01 -9.947114e-01  0.000000e+00
   outer loop
     vertex  1.396143e-01 -1.191851e+00  1.170000e+01
     vertex  1.068645e-01 -1.195232e+00  2.800000e+00
     vertex  1.396143e-01 -1.191851e+00  2.800000e+00
   endloop
 endfacet
 facet normal  1.299594e-01 -9.915193e-01  0.000000e+00
   outer loop
     vertex  1.396143e-01 -1.191851e+00  1.170000e+01
     vertex  1.396143e-01 -1.191851e+00  2.800000e+00
     vertex  1.722590e-01 -1.187572e+00  2.800000e+00
   endloop
 endfacet
 facet normal  1.027091e-01 -9.947114e-01  0.000000e+00
   outer loop
     vertex  1.396143e-01 -1.191851e+00  1.170000e+01
     vertex  1.068645e-01 -1.195232e+00  1.170000e+01
     vertex  1.068645e-01 -1.195232e+00  2.800000e+00
   endloop
 endfacet
 facet normal  1.299594e-01 -9.915193e-01  0.000000e+00
   outer loop
     vertex  1.722590e-01 -1.187572e+00  1.170000e+01
     vertex  1.396143e-01 -1.191851e+00  1.170000e+01
     vertex  1.722590e-01 -1.187572e+00  2.800000e+00
   endloop
 endfacet
 facet normal  1.571119e-01 -9.875808e-01  0.000000e+00
   outer loop
     vertex  2.047741e-01 -1.182399e+00  1.170000e+01
     vertex  1.722590e-01 -1.187572e+00  2.800000e+00
     vertex  2.047741e-01 -1.182399e+00  2.800000e+00
   endloop
 endfacet
 facet normal  1.841461e-01 -9.828989e-01  0.000000e+00
   outer loop
     vertex  2.047741e-01 -1.182399e+00  1.170000e+01
     vertex  2.047741e-01 -1.182399e+00  2.800000e+00
     vertex  2.371350e-01 -1.176336e+00  2.800000e+00
   endloop
 endfacet
 facet normal  1.571119e-01 -9.875808e-01  0.000000e+00
   outer loop
     vertex  2.047741e-01 -1.182399e+00  1.170000e+01
     vertex  1.722590e-01 -1.187572e+00  1.170000e+01
     vertex  1.722590e-01 -1.187572e+00  2.800000e+00
   endloop
 endfacet
 facet normal  1.841461e-01 -9.828989e-01  0.000000e+00
   outer loop
     vertex  2.371350e-01 -1.176336e+00  1.170000e+01
     vertex  2.047741e-01 -1.182399e+00  1.170000e+01
     vertex  2.371350e-01 -1.176336e+00  2.800000e+00
   endloop
 endfacet
 facet normal  2.110417e-01 -9.774771e-01  0.000000e+00
   outer loop
     vertex  2.693174e-01 -1.169388e+00  1.170000e+01
     vertex  2.371350e-01 -1.176336e+00  2.800000e+00
     vertex  2.693174e-01 -1.169388e+00  2.800000e+00
   endloop
 endfacet
 facet normal  2.110417e-01 -9.774771e-01  0.000000e+00
   outer loop
     vertex  2.693174e-01 -1.169388e+00  1.170000e+01
     vertex  2.371350e-01 -1.176336e+00  1.170000e+01
     vertex  2.371350e-01 -1.176336e+00  2.800000e+00
   endloop
 endfacet
 facet normal  2.377784e-01 -9.713194e-01  0.000000e+00
   outer loop
     vertex  3.012971e-01 -1.161559e+00  1.170000e+01
     vertex  2.693174e-01 -1.169388e+00  2.800000e+00
     vertex  3.012971e-01 -1.161559e+00  2.800000e+00
   endloop
 endfacet
 facet normal  2.643362e-01 -9.644306e-01  0.000000e+00
   outer loop
     vertex  3.012971e-01 -1.161559e+00  1.170000e+01
     vertex  3.012971e-01 -1.161559e+00  2.800000e+00
     vertex  3.330500e-01 -1.152856e+00  2.800000e+00
   endloop
 endfacet
 facet normal  2.377784e-01 -9.713194e-01  0.000000e+00
   outer loop
     vertex  3.012971e-01 -1.161559e+00  1.170000e+01
     vertex  2.693174e-01 -1.169388e+00  1.170000e+01
     vertex  2.693174e-01 -1.169388e+00  2.800000e+00
   endloop
 endfacet
 facet normal  2.643362e-01 -9.644306e-01  0.000000e+00
   outer loop
     vertex  3.330500e-01 -1.152856e+00  1.170000e+01
     vertex  3.012971e-01 -1.161559e+00  1.170000e+01
     vertex  3.330500e-01 -1.152856e+00  2.800000e+00
   endloop
 endfacet
 facet normal  2.906949e-01 -9.568158e-01  0.000000e+00
   outer loop
     vertex  3.645521e-01 -1.143286e+00  1.170000e+01
     vertex  3.330500e-01 -1.152856e+00  2.800000e+00
     vertex  3.645521e-01 -1.143286e+00  2.800000e+00
   endloop
 endfacet
 facet normal  3.168348e-01 -9.484807e-01  0.000000e+00
   outer loop
     vertex  3.645521e-01 -1.143286e+00  1.170000e+01
     vertex  3.645521e-01 -1.143286e+00  2.800000e+00
     vertex  3.957799e-01 -1.132854e+00  2.800000e+00
   endloop
 endfacet
 facet normal  2.906949e-01 -9.568158e-01  0.000000e+00
   outer loop
     vertex  3.645521e-01 -1.143286e+00  1.170000e+01
     vertex  3.330500e-01 -1.152856e+00  1.170000e+01
     vertex  3.330500e-01 -1.152856e+00  2.800000e+00
   endloop
 endfacet
 facet normal  3.168348e-01 -9.484807e-01  0.000000e+00
   outer loop
     vertex  3.957799e-01 -1.132854e+00  1.170000e+01
     vertex  3.645521e-01 -1.143286e+00  1.170000e+01
     vertex  3.957799e-01 -1.132854e+00  2.800000e+00
   endloop
 endfacet
 facet normal  3.427362e-01 -9.394317e-01  0.000000e+00
   outer loop
     vertex  4.267097e-01 -1.121570e+00  1.170000e+01
     vertex  3.957799e-01 -1.132854e+00  2.800000e+00
     vertex  4.267097e-01 -1.121570e+00  2.800000e+00
   endloop
 endfacet
 facet normal  3.427362e-01 -9.394317e-01  0.000000e+00
   outer loop
     vertex  4.267097e-01 -1.121570e+00  1.170000e+01
     vertex  3.957799e-01 -1.132854e+00  1.170000e+01
     vertex  3.957799e-01 -1.132854e+00  2.800000e+00
   endloop
 endfacet
 facet normal  3.683796e-01 -9.296754e-01  0.000000e+00
   outer loop
     vertex  4.573183e-01 -1.109441e+00  1.170000e+01
     vertex  4.267097e-01 -1.121570e+00  2.800000e+00
     vertex  4.573183e-01 -1.109441e+00  2.800000e+00
   endloop
 endfacet
 facet normal  3.937458e-01 -9.192194e-01  0.000000e+00
   outer loop
     vertex  4.573183e-01 -1.109441e+00  1.170000e+01
     vertex  4.573183e-01 -1.109441e+00  2.800000e+00
     vertex  4.875826e-01 -1.096478e+00  2.800000e+00
   endloop
 endfacet
 facet normal  3.683796e-01 -9.296754e-01  0.000000e+00
   outer loop
     vertex  4.573183e-01 -1.109441e+00  1.170000e+01
     vertex  4.267097e-01 -1.121570e+00  1.170000e+01
     vertex  4.267097e-01 -1.121570e+00  2.800000e+00
   endloop
 endfacet
 facet normal  3.937458e-01 -9.192194e-01  0.000000e+00
   outer loop
     vertex  4.875826e-01 -1.096478e+00  1.170000e+01
     vertex  4.573183e-01 -1.109441e+00  1.170000e+01
     vertex  4.875826e-01 -1.096478e+00  2.800000e+00
   endloop
 endfacet
 facet normal  4.188155e-01 -9.080714e-01  0.000000e+00
   outer loop
     vertex  5.174799e-01 -1.082689e+00  1.170000e+01
     vertex  4.875826e-01 -1.096478e+00  2.800000e+00
     vertex  5.174799e-01 -1.082689e+00  2.800000e+00
   endloop
 endfacet
 facet normal  4.435699e-01 -8.962398e-01  0.000000e+00
   outer loop
     vertex  5.174799e-01 -1.082689e+00  1.170000e+01
     vertex  5.174799e-01 -1.082689e+00  2.800000e+00
     vertex  5.469877e-01 -1.068084e+00  2.800000e+00
   endloop
 endfacet
 facet normal  4.188155e-01 -9.080714e-01  0.000000e+00
   outer loop
     vertex  5.174799e-01 -1.082689e+00  1.170000e+01
     vertex  4.875826e-01 -1.096478e+00  1.170000e+01
     vertex  4.875826e-01 -1.096478e+00  2.800000e+00
   endloop
 endfacet
 facet normal  4.435699e-01 -8.962398e-01  0.000000e+00
   outer loop
     vertex  5.469877e-01 -1.068084e+00  1.170000e+01
     vertex  5.174799e-01 -1.082689e+00  1.170000e+01
     vertex  5.469877e-01 -1.068084e+00  2.800000e+00
   endloop
 endfacet
 facet normal  4.679904e-01 -8.837335e-01  0.000000e+00
   outer loop
     vertex  5.760837e-01 -1.052676e+00  1.170000e+01
     vertex  5.469877e-01 -1.068084e+00  2.800000e+00
     vertex  5.760837e-01 -1.052676e+00  2.800000e+00
   endloop
 endfacet
 facet normal  4.920587e-01 -8.705620e-01  0.000000e+00
   outer loop
     vertex  5.760837e-01 -1.052676e+00  1.170000e+01
     vertex  5.760837e-01 -1.052676e+00  2.800000e+00
     vertex  6.047460e-01 -1.036476e+00  2.800000e+00
   endloop
 endfacet
 facet normal  4.679904e-01 -8.837335e-01  0.000000e+00
   outer loop
     vertex  5.760837e-01 -1.052676e+00  1.170000e+01
     vertex  5.469877e-01 -1.068084e+00  1.170000e+01
     vertex  5.469877e-01 -1.068084e+00  2.800000e+00
   endloop
 endfacet
 facet normal  4.920587e-01 -8.705620e-01  0.000000e+00
   outer loop
     vertex  6.047460e-01 -1.036476e+00  1.170000e+01
     vertex  5.760837e-01 -1.052676e+00  1.170000e+01
     vertex  6.047460e-01 -1.036476e+00  2.800000e+00
   endloop
 endfacet
 facet normal  5.157565e-01 -8.567352e-01  0.000000e+00
   outer loop
     vertex  6.329531e-01 -1.019495e+00  1.170000e+01
     vertex  6.047460e-01 -1.036476e+00  2.800000e+00
     vertex  6.329531e-01 -1.019495e+00  2.800000e+00
   endloop
 endfacet
 facet normal  5.157565e-01 -8.567352e-01  0.000000e+00
   outer loop
     vertex  6.329531e-01 -1.019495e+00  1.170000e+01
     vertex  6.047460e-01 -1.036476e+00  1.170000e+01
     vertex  6.047460e-01 -1.036476e+00  2.800000e+00
   endloop
 endfacet
 facet normal  5.390661e-01 -8.422635e-01  0.000000e+00
   outer loop
     vertex  6.606838e-01 -1.001747e+00  1.170000e+01
     vertex  6.329531e-01 -1.019495e+00  2.800000e+00
     vertex  6.606838e-01 -1.001747e+00  2.800000e+00
   endloop
 endfacet
 facet normal  5.619699e-01 -8.271577e-01  0.000000e+00
   outer loop
     vertex  6.606838e-01 -1.001747e+00  1.170000e+01
     vertex  6.606838e-01 -1.001747e+00  2.800000e+00
     vertex  6.879171e-01 -9.832447e-01  2.800000e+00
   endloop
 endfacet
 facet normal  5.390661e-01 -8.422635e-01  0.000000e+00
   outer loop
     vertex  6.606838e-01 -1.001747e+00  1.170000e+01
     vertex  6.329531e-01 -1.019495e+00  1.170000e+01
     vertex  6.329531e-01 -1.019495e+00  2.800000e+00
   endloop
 endfacet
 facet normal  5.619699e-01 -8.271577e-01  0.000000e+00
   outer loop
     vertex  6.879171e-01 -9.832447e-01  1.170000e+01
     vertex  6.606838e-01 -1.001747e+00  1.170000e+01
     vertex  6.879171e-01 -9.832447e-01  2.800000e+00
   endloop
 endfacet
 facet normal  5.844507e-01 -8.114292e-01  0.000000e+00
   outer loop
     vertex  6.879171e-01 -9.832447e-01  1.170000e+01
     vertex  6.879171e-01 -9.832447e-01  2.800000e+00
     vertex  7.146325e-01 -9.640022e-01  2.800000e+00
   endloop
 endfacet
 facet normal  5.844507e-01 -8.114292e-01  0.000000e+00
   outer loop
     vertex  7.146325e-01 -9.640022e-01  1.170000e+01
     vertex  6.879171e-01 -9.832447e-01  1.170000e+01
     vertex  7.146325e-01 -9.640022e-01  2.800000e+00
   endloop
 endfacet
 facet normal  6.064915e-01 -7.950900e-01  0.000000e+00
   outer loop
     vertex  7.408101e-01 -9.440341e-01  1.170000e+01
     vertex  7.146325e-01 -9.640022e-01  2.800000e+00
     vertex  7.408101e-01 -9.440341e-01  2.800000e+00
   endloop
 endfacet
 facet normal  6.280757e-01 -7.781522e-01  0.000000e+00
   outer loop
     vertex  7.408101e-01 -9.440341e-01  1.170000e+01
     vertex  7.408101e-01 -9.440341e-01  2.800000e+00
     vertex  7.664299e-01 -9.233554e-01  2.800000e+00
   endloop
 endfacet
 facet normal  6.064915e-01 -7.950900e-01  0.000000e+00
   outer loop
     vertex  7.408101e-01 -9.440341e-01  1.170000e+01
     vertex  7.146325e-01 -9.640022e-01  1.170000e+01
     vertex  7.146325e-01 -9.640022e-01  2.800000e+00
   endloop
 endfacet
 facet normal  6.280757e-01 -7.781522e-01  0.000000e+00
   outer loop
     vertex  7.664299e-01 -9.233554e-01  1.170000e+01
     vertex  7.408101e-01 -9.440341e-01  1.170000e+01
     vertex  7.664299e-01 -9.233554e-01  2.800000e+00
   endloop
 endfacet
 facet normal  6.491872e-01 -7.606287e-01  0.000000e+00
   outer loop
     vertex  7.914728e-01 -9.019816e-01  1.170000e+01
     vertex  7.664299e-01 -9.233554e-01  2.800000e+00
     vertex  7.914728e-01 -9.019816e-01  2.800000e+00
   endloop
 endfacet
 facet normal  6.698100e-01 -7.425325e-01  0.000000e+00
   outer loop
     vertex  7.914728e-01 -9.019816e-01  1.170000e+01
     vertex  7.914728e-01 -9.019816e-01  2.800000e+00
     vertex  8.159199e-01 -8.799288e-01  2.800000e+00
   endloop
 endfacet
 facet normal  6.491872e-01 -7.606287e-01  0.000000e+00
   outer loop
     vertex  7.914728e-01 -9.019816e-01  1.170000e+01
     vertex  7.664299e-01 -9.233554e-01  1.170000e+01
     vertex  7.664299e-01 -9.233554e-01  2.800000e+00
   endloop
 endfacet
 facet normal  6.698100e-01 -7.425325e-01  0.000000e+00
   outer loop
     vertex  8.159199e-01 -8.799288e-01  1.170000e+01
     vertex  7.914728e-01 -9.019816e-01  1.170000e+01
     vertex  8.159199e-01 -8.799288e-01  2.800000e+00
   endloop
 endfacet
 facet normal  6.899286e-01 -7.238775e-01  0.000000e+00
   outer loop
     vertex  8.397528e-01 -8.572136e-01  1.170000e+01
     vertex  8.159199e-01 -8.799288e-01  2.800000e+00
     vertex  8.397528e-01 -8.572136e-01  2.800000e+00
   endloop
 endfacet
 facet normal  7.095278e-01 -7.046775e-01  0.000000e+00
   outer loop
     vertex  8.397528e-01 -8.572136e-01  1.170000e+01
     vertex  8.397528e-01 -8.572136e-01  2.800000e+00
     vertex  8.629536e-01 -8.338532e-01  2.800000e+00
   endloop
 endfacet
 facet normal  6.899286e-01 -7.238775e-01  0.000000e+00
   outer loop
     vertex  8.397528e-01 -8.572136e-01  1.170000e+01
     vertex  8.159199e-01 -8.799288e-01  1.170000e+01
     vertex  8.159199e-01 -8.799288e-01  2.800000e+00
   endloop
 endfacet
 facet normal  7.285929e-01 -6.849470e-01  0.000000e+00
   outer loop
     vertex  8.629536e-01 -8.338532e-01  1.170000e+01
     vertex  8.629536e-01 -8.338532e-01  2.800000e+00
     vertex  8.855048e-01 -8.098650e-01  2.800000e+00
   endloop
 endfacet
 facet normal  7.095278e-01 -7.046775e-01  0.000000e+00
   outer loop
     vertex  8.629536e-01 -8.338532e-01  1.170000e+01
     vertex  8.397528e-01 -8.572136e-01  1.170000e+01
     vertex  8.629536e-01 -8.338532e-01  2.800000e+00
   endloop
 endfacet
 facet normal  7.285929e-01 -6.849470e-01  0.000000e+00
   outer loop
     vertex  8.855048e-01 -8.098650e-01  1.170000e+01
     vertex  8.629536e-01 -8.338532e-01  1.170000e+01
     vertex  8.855048e-01 -8.098650e-01  2.800000e+00
   endloop
 endfacet
 facet normal  7.471095e-01 -6.647010e-01  0.000000e+00
   outer loop
     vertex  9.073893e-01 -7.852672e-01  1.170000e+01
     vertex  8.855048e-01 -8.098650e-01  2.800000e+00
     vertex  9.073893e-01 -7.852672e-01  2.800000e+00
   endloop
 endfacet
 facet normal  7.650637e-01 -6.439545e-01  0.000000e+00
   outer loop
     vertex  9.073893e-01 -7.852672e-01  1.170000e+01
     vertex  9.073893e-01 -7.852672e-01  2.800000e+00
     vertex  9.285909e-01 -7.600783e-01  2.800000e+00
   endloop
 endfacet
 facet normal  7.471095e-01 -6.647010e-01  0.000000e+00
   outer loop
     vertex  9.073893e-01 -7.852672e-01  1.170000e+01
     vertex  8.855048e-01 -8.098650e-01  1.170000e+01
     vertex  8.855048e-01 -8.098650e-01  2.800000e+00
   endloop
 endfacet
 facet normal  7.650637e-01 -6.439545e-01  0.000000e+00
   outer loop
     vertex  9.285909e-01 -7.600783e-01  1.170000e+01
     vertex  9.073893e-01 -7.852672e-01  1.170000e+01
     vertex  9.285909e-01 -7.600783e-01  2.800000e+00
   endloop
 endfacet
 facet normal  7.824421e-01 -6.227234e-01  0.000000e+00
   outer loop
     vertex  9.490934e-01 -7.343172e-01  1.170000e+01
     vertex  9.285909e-01 -7.600783e-01  2.800000e+00
     vertex  9.490934e-01 -7.343172e-01  2.800000e+00
   endloop
 endfacet
 facet normal  7.824421e-01 -6.227234e-01  0.000000e+00
   outer loop
     vertex  9.490934e-01 -7.343172e-01  1.170000e+01
     vertex  9.285909e-01 -7.600783e-01  1.170000e+01
     vertex  9.285909e-01 -7.600783e-01  2.800000e+00
   endloop
 endfacet
 facet normal  7.992314e-01 -6.010234e-01  0.000000e+00
   outer loop
     vertex  9.688815e-01 -7.080033e-01  1.170000e+01
     vertex  9.490934e-01 -7.343172e-01  2.800000e+00
     vertex  9.688815e-01 -7.080033e-01  2.800000e+00
   endloop
 endfacet
 facet normal  8.154191e-01 -5.788711e-01  0.000000e+00
   outer loop
     vertex  9.688815e-01 -7.080033e-01  1.170000e+01
     vertex  9.688815e-01 -7.080033e-01  2.800000e+00
     vertex  9.879402e-01 -6.811565e-01  2.800000e+00
   endloop
 endfacet
 facet normal  7.992314e-01 -6.010234e-01  0.000000e+00
   outer loop
     vertex  9.688815e-01 -7.080033e-01  1.170000e+01
     vertex  9.490934e-01 -7.343172e-01  1.170000e+01
     vertex  9.490934e-01 -7.343172e-01  2.800000e+00
   endloop
 endfacet
 facet normal  8.309929e-01 -5.562829e-01  0.000000e+00
   outer loop
     vertex  9.879402e-01 -6.811565e-01  1.170000e+01
     vertex  9.879402e-01 -6.811565e-01  2.800000e+00
     vertex  1.006255e+00 -6.537969e-01  2.800000e+00
   endloop
 endfacet
 facet normal  8.154191e-01 -5.788711e-01  0.000000e+00
   outer loop
     vertex  9.879402e-01 -6.811565e-01  1.170000e+01
     vertex  9.688815e-01 -7.080033e-01  1.170000e+01
     vertex  9.879402e-01 -6.811565e-01  2.800000e+00
   endloop
 endfacet
 facet normal  8.459413e-01 -5.332761e-01  0.000000e+00
   outer loop
     vertex  1.006255e+00 -6.537969e-01  1.170000e+01
     vertex  1.006255e+00 -6.537969e-01  2.800000e+00
     vertex  1.023813e+00 -6.259452e-01  2.800000e+00
   endloop
 endfacet
 facet normal  8.309929e-01 -5.562829e-01  0.000000e+00
   outer loop
     vertex  1.006255e+00 -6.537969e-01  1.170000e+01
     vertex  9.879402e-01 -6.811565e-01  1.170000e+01
     vertex  1.006255e+00 -6.537969e-01  2.800000e+00
   endloop
 endfacet
 facet normal  8.459413e-01 -5.332761e-01  0.000000e+00
   outer loop
     vertex  1.023813e+00 -6.259452e-01  1.170000e+01
     vertex  1.006255e+00 -6.537969e-01  1.170000e+01
     vertex  1.023813e+00 -6.259452e-01  2.800000e+00
   endloop
 endfacet
 facet normal  8.602528e-01 -5.098678e-01  0.000000e+00
   outer loop
     vertex  1.040600e+00 -5.976223e-01  1.170000e+01
     vertex  1.023813e+00 -6.259452e-01  2.800000e+00
     vertex  1.040600e+00 -5.976223e-01  2.800000e+00
   endloop
 endfacet
 facet normal  8.602528e-01 -5.098678e-01  0.000000e+00
   outer loop
     vertex  1.040600e+00 -5.976223e-01  1.170000e+01
     vertex  1.023813e+00 -6.259452e-01  1.170000e+01
     vertex  1.023813e+00 -6.259452e-01  2.800000e+00
   endloop
 endfacet
 facet normal  8.739167e-01 -4.860756e-01  0.000000e+00
   outer loop
     vertex  1.056603e+00 -5.688495e-01  1.170000e+01
     vertex  1.040600e+00 -5.976223e-01  2.800000e+00
     vertex  1.056603e+00 -5.688495e-01  2.800000e+00
   endloop
 endfacet
 facet normal  8.739167e-01 -4.860756e-01  0.000000e+00
   outer loop
     vertex  1.056603e+00 -5.688495e-01  1.170000e+01
     vertex  1.040600e+00 -5.976223e-01  1.170000e+01
     vertex  1.040600e+00 -5.976223e-01  2.800000e+00
   endloop
 endfacet
 facet normal  8.869228e-01 -4.619176e-01  0.000000e+00
   outer loop
     vertex  1.071811e+00 -5.396485e-01  1.170000e+01
     vertex  1.056603e+00 -5.688495e-01  1.170000e+01
     vertex  1.056603e+00 -5.688495e-01  2.800000e+00
   endloop
 endfacet
 facet normal  8.869228e-01 -4.619176e-01  0.000000e+00
   outer loop
     vertex  1.071811e+00 -5.396485e-01  1.170000e+01
     vertex  1.056603e+00 -5.688495e-01  2.800000e+00
     vertex  1.071811e+00 -5.396485e-01  2.800000e+00
   endloop
 endfacet
 facet normal  8.992613e-01 -4.374119e-01  0.000000e+00
   outer loop
     vertex  1.071811e+00 -5.396485e-01  1.170000e+01
     vertex  1.071811e+00 -5.396485e-01  2.800000e+00
     vertex  1.086213e+00 -5.100412e-01  2.800000e+00
   endloop
 endfacet
 facet normal  8.992613e-01 -4.374119e-01  0.000000e+00
   outer loop
     vertex  1.086213e+00 -5.100412e-01  1.170000e+01
     vertex  1.071811e+00 -5.396485e-01  1.170000e+01
     vertex  1.086213e+00 -5.100412e-01  2.800000e+00
   endloop
 endfacet
 facet normal  9.109228e-01 -4.125769e-01  0.000000e+00
   outer loop
     vertex  1.099796e+00 -4.800501e-01  1.170000e+01
     vertex  1.086213e+00 -5.100412e-01  1.170000e+01
     vertex  1.086213e+00 -5.100412e-01  2.800000e+00
   endloop
 endfacet
 facet normal  9.109228e-01 -4.125769e-01  0.000000e+00
   outer loop
     vertex  1.099796e+00 -4.800501e-01  1.170000e+01
     vertex  1.086213e+00 -5.100412e-01  2.800000e+00
     vertex  1.099796e+00 -4.800501e-01  2.800000e+00
   endloop
 endfacet
 facet normal  9.218986e-01 -3.874313e-01  0.000000e+00
   outer loop
     vertex  1.112552e+00 -4.496975e-01  1.170000e+01
     vertex  1.099796e+00 -4.800501e-01  1.170000e+01
     vertex  1.099796e+00 -4.800501e-01  2.800000e+00
   endloop
 endfacet
 facet normal  9.218986e-01 -3.874313e-01  0.000000e+00
   outer loop
     vertex  1.112552e+00 -4.496975e-01  1.170000e+01
     vertex  1.099796e+00 -4.800501e-01  2.800000e+00
     vertex  1.112552e+00 -4.496975e-01  2.800000e+00
   endloop
 endfacet
 facet normal  9.321804e-01 -3.619940e-01  0.000000e+00
   outer loop
     vertex  1.124470e+00 -4.190064e-01  1.170000e+01
     vertex  1.112552e+00 -4.496975e-01  1.170000e+01
     vertex  1.112552e+00 -4.496975e-01  2.800000e+00
   endloop
 endfacet
 facet normal  9.321804e-01 -3.619940e-01  0.000000e+00
   outer loop
     vertex  1.124470e+00 -4.190064e-01  1.170000e+01
     vertex  1.112552e+00 -4.496975e-01  2.800000e+00
     vertex  1.124470e+00 -4.190064e-01  2.800000e+00
   endloop
 endfacet
 facet normal  9.417605e-01 -3.362843e-01  0.000000e+00
   outer loop
     vertex  1.124470e+00 -4.190064e-01  1.170000e+01
     vertex  1.124470e+00 -4.190064e-01  2.800000e+00
     vertex  1.135542e+00 -3.880000e-01  2.800000e+00
   endloop
 endfacet
 facet normal  9.417605e-01 -3.362843e-01  0.000000e+00
   outer loop
     vertex  1.135542e+00 -3.880000e-01  1.170000e+01
     vertex  1.124470e+00 -4.190064e-01  1.170000e+01
     vertex  1.135542e+00 -3.880000e-01  2.800000e+00
   endloop
 endfacet
 facet normal  9.506317e-01 -3.103214e-01  0.000000e+00
   outer loop
     vertex  1.145759e+00 -3.567014e-01  1.170000e+01
     vertex  1.135542e+00 -3.880000e-01  1.170000e+01
     vertex  1.135542e+00 -3.880000e-01  2.800000e+00
   endloop
 endfacet
 facet normal  9.506317e-01 -3.103214e-01  0.000000e+00
   outer loop
     vertex  1.145759e+00 -3.567014e-01  1.170000e+01
     vertex  1.135542e+00 -3.880000e-01  2.800000e+00
     vertex  1.145759e+00 -3.567014e-01  2.800000e+00
   endloop
 endfacet
 facet normal  9.587873e-01 -2.841250e-01  0.000000e+00
   outer loop
     vertex  1.155114e+00 -3.251343e-01  1.170000e+01
     vertex  1.145759e+00 -3.567014e-01  1.170000e+01
     vertex  1.145759e+00 -3.567014e-01  2.800000e+00
   endloop
 endfacet
 facet normal  9.587873e-01 -2.841250e-01  0.000000e+00
   outer loop
     vertex  1.155114e+00 -3.251343e-01  1.170000e+01
     vertex  1.145759e+00 -3.567014e-01  2.800000e+00
     vertex  1.155114e+00 -3.251343e-01  2.800000e+00
   endloop
 endfacet
 facet normal  9.662211e-01 -2.577146e-01  0.000000e+00
   outer loop
     vertex  1.163599e+00 -2.933225e-01  1.170000e+01
     vertex  1.155114e+00 -3.251343e-01  1.170000e+01
     vertex  1.155114e+00 -3.251343e-01  2.800000e+00
   endloop
 endfacet
 facet normal  9.662211e-01 -2.577146e-01  0.000000e+00
   outer loop
     vertex  1.163599e+00 -2.933225e-01  1.170000e+01
     vertex  1.155114e+00 -3.251343e-01  2.800000e+00
     vertex  1.163599e+00 -2.933225e-01  2.800000e+00
   endloop
 endfacet
 facet normal  9.729276e-01 -2.311102e-01  0.000000e+00
   outer loop
     vertex  1.163599e+00 -2.933225e-01  1.170000e+01
     vertex  1.163599e+00 -2.933225e-01  2.800000e+00
     vertex  1.171208e+00 -2.612899e-01  2.800000e+00
   endloop
 endfacet
 facet normal  9.729276e-01 -2.311102e-01  0.000000e+00
   outer loop
     vertex  1.171208e+00 -2.612899e-01  1.170000e+01
     vertex  1.163599e+00 -2.933225e-01  1.170000e+01
     vertex  1.171208e+00 -2.612899e-01  2.800000e+00
   endloop
 endfacet
 facet normal  9.789017e-01 -2.043319e-01  0.000000e+00
   outer loop
     vertex  1.177935e+00 -2.290606e-01  1.170000e+01
     vertex  1.171208e+00 -2.612899e-01  1.170000e+01
     vertex  1.171208e+00 -2.612899e-01  2.800000e+00
   endloop
 endfacet
 facet normal  9.789017e-01 -2.043319e-01  0.000000e+00
   outer loop
     vertex  1.177935e+00 -2.290606e-01  1.170000e+01
     vertex  1.171208e+00 -2.612899e-01  2.800000e+00
     vertex  1.177935e+00 -2.290606e-01  2.800000e+00
   endloop
 endfacet
 facet normal  9.841389e-01 -1.773998e-01  0.000000e+00
   outer loop
     vertex  1.183776e+00 -1.966588e-01  1.170000e+01
     vertex  1.177935e+00 -2.290606e-01  1.170000e+01
     vertex  1.177935e+00 -2.290606e-01  2.800000e+00
   endloop
 endfacet
 facet normal  9.841389e-01 -1.773998e-01  0.000000e+00
   outer loop
     vertex  1.183776e+00 -1.966588e-01  1.170000e+01
     vertex  1.177935e+00 -2.290606e-01  2.800000e+00
     vertex  1.183776e+00 -1.966588e-01  2.800000e+00
   endloop
 endfacet
 facet normal  9.886353e-01 -1.503341e-01  0.000000e+00
   outer loop
     vertex  1.188725e+00 -1.641090e-01  1.170000e+01
     vertex  1.183776e+00 -1.966588e-01  1.170000e+01
     vertex  1.183776e+00 -1.966588e-01  2.800000e+00
   endloop
 endfacet
 facet normal  9.886353e-01 -1.503341e-01  0.000000e+00
   outer loop
     vertex  1.188725e+00 -1.641090e-01  1.170000e+01
     vertex  1.183776e+00 -1.966588e-01  2.800000e+00
     vertex  1.188725e+00 -1.641090e-01  2.800000e+00
   endloop
 endfacet
 facet normal  9.923874e-01 -1.231552e-01  0.000000e+00
   outer loop
     vertex  1.188725e+00 -1.641090e-01  1.170000e+01
     vertex  1.188725e+00 -1.641090e-01  2.800000e+00
     vertex  1.192780e+00 -1.314357e-01  2.800000e+00
   endloop
 endfacet
 facet normal  9.923874e-01 -1.231552e-01  0.000000e+00
   outer loop
     vertex  1.192780e+00 -1.314357e-01  1.170000e+01
     vertex  1.188725e+00 -1.641090e-01  1.170000e+01
     vertex  1.192780e+00 -1.314357e-01  2.800000e+00
   endloop
 endfacet
 facet normal  9.953925e-01 -9.588368e-02  0.000000e+00
   outer loop
     vertex  1.192780e+00 -1.314357e-01  1.170000e+01
     vertex  1.192780e+00 -1.314357e-01  2.800000e+00
     vertex  1.195937e+00 -9.866346e-02  2.800000e+00
   endloop
 endfacet
 facet normal  9.953925e-01 -9.588368e-02  0.000000e+00
   outer loop
     vertex  1.195937e+00 -9.866346e-02  1.170000e+01
     vertex  1.192780e+00 -1.314357e-01  1.170000e+01
     vertex  1.195937e+00 -9.866346e-02  2.800000e+00
   endloop
 endfacet
 facet normal  9.976484e-01 -6.853995e-02  0.000000e+00
   outer loop
     vertex  1.198194e+00 -6.581693e-02  1.170000e+01
     vertex  1.195937e+00 -9.866346e-02  2.800000e+00
     vertex  1.198194e+00 -6.581693e-02  2.800000e+00
   endloop
 endfacet
 facet normal  9.976484e-01 -6.853995e-02  0.000000e+00
   outer loop
     vertex  1.198194e+00 -6.581693e-02  1.170000e+01
     vertex  1.195937e+00 -9.866346e-02  1.170000e+01
     vertex  1.195937e+00 -9.866346e-02  2.800000e+00
   endloop
 endfacet
 facet normal  9.991532e-01 -4.114462e-02  0.000000e+00
   outer loop
     vertex  1.199548e+00 -3.292086e-02  1.170000e+01
     vertex  1.198194e+00 -6.581693e-02  2.800000e+00
     vertex  1.199548e+00 -3.292086e-02  2.800000e+00
   endloop
 endfacet
 facet normal  9.991532e-01 -4.114462e-02  0.000000e+00
   outer loop
     vertex  1.199548e+00 -3.292086e-02  1.170000e+01
     vertex  1.198194e+00 -6.581693e-02  1.170000e+01
     vertex  1.198194e+00 -6.581693e-02  2.800000e+00
   endloop
 endfacet
 facet normal  9.999059e-01 -1.371831e-02  0.000000e+00
   outer loop
     vertex  1.200000e+00 -2.939152e-16  1.170000e+01
     vertex  1.199548e+00 -3.292086e-02  2.800000e+00
     vertex  1.200000e+00 -2.939152e-16  2.800000e+00
   endloop
 endfacet
 facet normal  9.999059e-01 -1.371831e-02  0.000000e+00
   outer loop
     vertex  1.200000e+00 -2.939152e-16  1.170000e+01
     vertex  1.199548e+00 -3.292086e-02  1.170000e+01
     vertex  1.199548e+00 -3.292086e-02  2.800000e+00
   endloop
 endfacet
 facet normal  0.000000e+00  0.000000e+00 -1.000000e+00
   outer loop
     vertex -9.389305e-01 -7.472681e-01  2.800000e+00
     vertex -8.965314e-01 -7.976412e-01  2.800000e+00
     vertex -9.180765e-01 -7.727455e-01  2.800000e+00
   endloop
 endfacet
 facet normal  0.000000e+00  0.000000e+00 -1.000000e+00
   outer loop
     vertex -9.785029e-01 -6.946453e-01  2.800000e+00
     vertex -9.389305e-01 -7.472681e-01  2.800000e+00
     vertex -9.590777e-01 -7.212281e-01  2.800000e+00
   endloop
 endfacet
 facet normal  0.000000e+00  0.000000e+00 -1.000000e+00
   outer loop
     vertex -6.189078e-01 -1.028082e+00  2.800000e+00
     vertex -6.743639e-01 -9.925892e-01  2.800000e+00
     vertex -7.013408e-01 -9.737151e-01  2.800000e+00
   endloop
 endfacet
 facet normal  0.000000e+00  0.000000e+00 -1.000000e+00
   outer loop
     vertex -6.189078e-01 -1.028082e+00  2.800000e+00
     vertex -6.468793e-01 -1.010716e+00  2.800000e+00
     vertex -6.743639e-01 -9.925892e-01  2.800000e+00
   endloop
 endfacet
 facet normal  0.000000e+00  0.000000e+00 -1.000000e+00
   outer loop
     vertex -1.032303e+00 -6.118413e-01  2.800000e+00
     vertex -9.971915e-01 -6.675395e-01  2.800000e+00
     vertex -1.015130e+00 -6.399313e-01  2.800000e+00
   endloop
 endfacet
 facet normal  0.000000e+00  0.000000e+00 -1.000000e+00
   outer loop
     vertex -1.032303e+00 -6.118413e-01  2.800000e+00
     vertex -9.785029e-01 -6.946453e-01  2.800000e+00
     vertex -9.971915e-01 -6.675395e-01  2.800000e+00
   endloop
 endfacet
 facet normal  0.000000e+00  0.000000e+00 -1.000000e+00
   outer loop
     vertex -1.064307e+00 -5.543011e-01  2.800000e+00
     vertex -1.032303e+00 -6.118413e-01  2.800000e+00
     vertex -1.048700e+00 -5.832908e-01  2.800000e+00
   endloop
 endfacet
 facet normal  0.000000e+00  0.000000e+00 -1.000000e+00
   outer loop
     vertex -5.322839e-01 -1.075488e+00  2.800000e+00
     vertex -5.904704e-01 -1.044674e+00  2.800000e+00
     vertex -6.189078e-01 -1.028082e+00  2.800000e+00
   endloop
 endfacet
 facet normal  0.000000e+00  0.000000e+00 -1.000000e+00
   outer loop
     vertex -5.322839e-01 -1.075488e+00  2.800000e+00
     vertex -5.615885e-01 -1.060480e+00  2.800000e+00
     vertex -5.904704e-01 -1.044674e+00  2.800000e+00
   endloop
 endfacet
 facet normal  0.000000e+00  0.000000e+00 -1.000000e+00
   outer loop
     vertex -1.106278e+00 -4.649175e-01  2.800000e+00
     vertex -1.079114e+00 -5.248942e-01  2.800000e+00
     vertex -1.093107e+00 -4.950922e-01  2.800000e+00
   endloop
 endfacet
 facet normal  0.000000e+00  0.000000e+00 -1.000000e+00
   outer loop
     vertex -4.420556e-01 -1.115611e+00  2.800000e+00
     vertex -5.025786e-01 -1.089686e+00  2.800000e+00
     vertex -5.322839e-01 -1.075488e+00  2.800000e+00
   endloop
 endfacet
 facet normal  0.000000e+00  0.000000e+00 -1.000000e+00
   outer loop
     vertex -4.420556e-01 -1.115611e+00  2.800000e+00
     vertex -4.724949e-01 -1.103063e+00  2.800000e+00
     vertex -5.025786e-01 -1.089686e+00  2.800000e+00
   endloop
 endfacet
 facet normal  0.000000e+00  0.000000e+00 -1.000000e+00
   outer loop
     vertex -3.488339e-01 -1.148179e+00  2.800000e+00
     vertex -4.112835e-01 -1.127318e+00  2.800000e+00
     vertex -4.420556e-01 -1.115611e+00  2.800000e+00
   endloop
 endfacet
 facet normal  0.000000e+00  0.000000e+00 -1.000000e+00
   outer loop
     vertex -3.488339e-01 -1.148179e+00  2.800000e+00
     vertex -3.802018e-01 -1.138177e+00  2.800000e+00
     vertex -4.112835e-01 -1.127318e+00  2.800000e+00
   endloop
 endfacet
 facet normal  0.000000e+00  0.000000e+00 -1.000000e+00
   outer loop
     vertex -1.885343e-01 -1.185097e+00  2.800000e+00
     vertex -2.532501e-01 -1.172972e+00  2.800000e+00
     vertex -2.853341e-01 -1.165583e+00  2.800000e+00
   endloop
 endfacet
 facet normal  0.000000e+00  0.000000e+00 -1.000000e+00
   outer loop
     vertex -1.885343e-01 -1.185097e+00  2.800000e+00
     vertex -2.209754e-01 -1.179479e+00  2.800000e+00
     vertex -2.532501e-01 -1.172972e+00  2.800000e+00
   endloop
 endfacet
 facet normal  0.000000e+00  0.000000e+00 -1.000000e+00
   outer loop
     vertex -9.045783e-02 -1.196586e+00  2.800000e+00
     vertex -1.885343e-01 -1.185097e+00  2.800000e+00
     vertex -2.853341e-01 -1.165583e+00  2.800000e+00
   endloop
 endfacet
 facet normal  0.000000e+00  0.000000e+00 -1.000000e+00
   outer loop
     vertex -9.045783e-02 -1.196586e+00  2.800000e+00
     vertex -1.559513e-01 -1.189823e+00  2.800000e+00
     vertex -1.885343e-01 -1.185097e+00  2.800000e+00
   endloop
 endfacet
 facet normal  0.000000e+00  0.000000e+00 -1.000000e+00
   outer loop
     vertex -9.045783e-02 -1.196586e+00  2.800000e+00
     vertex -1.232510e-01 -1.193654e+00  2.800000e+00
     vertex -1.559513e-01 -1.189823e+00  2.800000e+00
   endloop
 endfacet
 facet normal  0.000000e+00  0.000000e+00 -1.000000e+00
   outer loop
     vertex -1.199887e+00 -1.646198e-02  2.800000e+00
     vertex -1.197178e+00 -8.224794e-02  2.800000e+00
     vertex -1.198984e+00 -4.937354e-02  2.800000e+00
   endloop
 endfacet
 facet normal  0.000000e+00  0.000000e+00 -1.000000e+00
   outer loop
     vertex  7.403418e-02 -1.197714e+00  2.800000e+00
     vertex  4.114817e-02 -1.199294e+00  2.800000e+00
     vertex  8.231183e-03 -1.199972e+00  2.800000e+00
   endloop
 endfacet
 facet normal  0.000000e+00  0.000000e+00 -1.000000e+00
   outer loop
     vertex -1.197178e+00  8.224794e-02  2.800000e+00
     vertex -1.199887e+00  1.646198e-02  2.800000e+00
     vertex -1.198984e+00  4.937354e-02  2.800000e+00
   endloop
 endfacet
 facet normal  0.000000e+00  0.000000e+00 -1.000000e+00
   outer loop
     vertex -1.197178e+00  8.224794e-02  2.800000e+00
     vertex -1.199887e+00 -1.646198e-02  2.800000e+00
     vertex -1.199887e+00  1.646198e-02  2.800000e+00
   endloop
 endfacet
 facet normal  0.000000e+00  0.000000e+00 -1.000000e+00
   outer loop
     vertex  2.047741e-01 -1.182399e+00  2.800000e+00
     vertex  7.403418e-02 -1.197714e+00  2.800000e+00
     vertex  8.231183e-03 -1.199972e+00  2.800000e+00
   endloop
 endfacet
 facet normal  0.000000e+00  0.000000e+00 -1.000000e+00
   outer loop
     vertex  2.047741e-01 -1.182399e+00  2.800000e+00
     vertex -5.759659e-02 -1.198617e+00  2.800000e+00
     vertex -9.045783e-02 -1.196586e+00  2.800000e+00
   endloop
 endfacet
 facet normal  0.000000e+00  0.000000e+00 -1.000000e+00
   outer loop
     vertex  2.047741e-01 -1.182399e+00  2.800000e+00
     vertex -2.469200e-02 -1.199746e+00  2.800000e+00
     vertex -5.759659e-02 -1.198617e+00  2.800000e+00
   endloop
 endfacet
 facet normal  0.000000e+00  0.000000e+00 -1.000000e+00
   outer loop
     vertex  2.047741e-01 -1.182399e+00  2.800000e+00
     vertex  8.231183e-03 -1.199972e+00  2.800000e+00
     vertex -2.469200e-02 -1.199746e+00  2.800000e+00
   endloop
 endfacet
 facet normal  0.000000e+00  0.000000e+00 -1.000000e+00
   outer loop
     vertex  2.047741e-01 -1.182399e+00  2.800000e+00
     vertex  1.068645e-01 -1.195232e+00  2.800000e+00
     vertex  7.403418e-02 -1.197714e+00  2.800000e+00
   endloop
 endfacet
 facet normal  0.000000e+00  0.000000e+00 -1.000000e+00
   outer loop
     vertex  2.047741e-01 -1.182399e+00  2.800000e+00
     vertex  1.396143e-01 -1.191851e+00  2.800000e+00
     vertex  1.068645e-01 -1.195232e+00  2.800000e+00
   endloop
 endfacet
 facet normal  0.000000e+00  0.000000e+00 -1.000000e+00
   outer loop
     vertex  2.047741e-01 -1.182399e+00  2.800000e+00
     vertex  1.722590e-01 -1.187572e+00  2.800000e+00
     vertex  1.396143e-01 -1.191851e+00  2.800000e+00
   endloop
 endfacet
 facet normal  0.000000e+00  0.000000e+00 -1.000000e+00
   outer loop
     vertex -1.180967e+00  2.128797e-01  2.800000e+00
     vertex -1.190865e+00  1.477863e-01  2.800000e+00
     vertex -1.186362e+00  1.804009e-01  2.800000e+00
   endloop
 endfacet
 facet normal  0.000000e+00  0.000000e+00 -1.000000e+00
   outer loop
     vertex -1.174682e+00  2.451983e-01  2.800000e+00
     vertex -1.190865e+00  1.477863e-01  2.800000e+00
     vertex -1.180967e+00  2.128797e-01  2.800000e+00
   endloop
 endfacet
 facet normal  0.000000e+00  0.000000e+00 -1.000000e+00
   outer loop
     vertex  3.330500e-01 -1.152856e+00  2.800000e+00
     vertex  2.693174e-01 -1.169388e+00  2.800000e+00
     vertex  2.371350e-01 -1.176336e+00  2.800000e+00
   endloop
 endfacet
 facet normal  0.000000e+00  0.000000e+00 -1.000000e+00
   outer loop
     vertex  3.330500e-01 -1.152856e+00  2.800000e+00
     vertex  3.012971e-01 -1.161559e+00  2.800000e+00
     vertex  2.693174e-01 -1.169388e+00  2.800000e+00
   endloop
 endfacet
 facet normal  0.000000e+00  0.000000e+00 -1.000000e+00
   outer loop
     vertex  3.645521e-01 -1.143286e+00  2.800000e+00
     vertex  3.330500e-01 -1.152856e+00  2.800000e+00
     vertex  2.371350e-01 -1.176336e+00  2.800000e+00
   endloop
 endfacet
 facet normal  0.000000e+00  0.000000e+00 -1.000000e+00
   outer loop
     vertex  3.645521e-01 -1.143286e+00  2.800000e+00
     vertex  2.371350e-01 -1.176336e+00  2.800000e+00
     vertex  2.047741e-01 -1.182399e+00  2.800000e+00
   endloop
 endfacet
 facet normal  0.000000e+00  0.000000e+00 -1.000000e+00
   outer loop
     vertex -1.130113e+00  4.035412e-01  2.800000e+00
     vertex -1.150545e+00  3.409499e-01  2.800000e+00
     vertex -1.140758e+00  3.723857e-01  2.800000e+00
   endloop
 endfacet
 facet normal  0.000000e+00  0.000000e+00 -1.000000e+00
   outer loop
     vertex -1.130113e+00  4.035412e-01  2.800000e+00
     vertex -1.159465e+00  3.092575e-01  2.800000e+00
     vertex -1.150545e+00  3.409499e-01  2.800000e+00
   endloop
 endfacet
 facet normal  0.000000e+00  0.000000e+00 -1.000000e+00
   outer loop
     vertex -1.130113e+00  4.035412e-01  2.800000e+00
     vertex -1.167513e+00  2.773323e-01  2.800000e+00
     vertex -1.159465e+00  3.092575e-01  2.800000e+00
   endloop
 endfacet
 facet normal  0.000000e+00  0.000000e+00 -1.000000e+00
   outer loop
     vertex  4.267097e-01 -1.121570e+00  2.800000e+00
     vertex  3.957799e-01 -1.132854e+00  2.800000e+00
     vertex  3.645521e-01 -1.143286e+00  2.800000e+00
   endloop
 endfacet
 facet normal  0.000000e+00  0.000000e+00 -1.000000e+00
   outer loop
     vertex -1.106278e+00  4.649175e-01  2.800000e+00
     vertex -1.130113e+00  4.035412e-01  2.800000e+00
     vertex -1.118616e+00  4.343928e-01  2.800000e+00
   endloop
 endfacet
 facet normal  0.000000e+00  0.000000e+00 -1.000000e+00
   outer loop
     vertex -1.106278e+00  4.649175e-01  2.800000e+00
     vertex -1.174682e+00  2.451983e-01  2.800000e+00
     vertex -1.167513e+00  2.773323e-01  2.800000e+00
   endloop
 endfacet
 facet normal  0.000000e+00  0.000000e+00 -1.000000e+00
   outer loop
     vertex -1.106278e+00  4.649175e-01  2.800000e+00
     vertex -1.194471e+00  1.150604e-01  2.800000e+00
     vertex -1.190865e+00  1.477863e-01  2.800000e+00
   endloop
 endfacet
 facet normal  0.000000e+00  0.000000e+00 -1.000000e+00
   outer loop
     vertex -1.106278e+00  4.649175e-01  2.800000e+00
     vertex -1.197178e+00  8.224794e-02  2.800000e+00
     vertex -1.194471e+00  1.150604e-01  2.800000e+00
   endloop
 endfacet
 facet normal  0.000000e+00  0.000000e+00 -1.000000e+00
   outer loop
     vertex -1.106278e+00  4.649175e-01  2.800000e+00
     vertex -1.190865e+00  1.477863e-01  2.800000e+00
     vertex -1.174682e+00  2.451983e-01  2.800000e+00
   endloop
 endfacet
 facet normal  0.000000e+00  0.000000e+00 -1.000000e+00
   outer loop
     vertex -1.106278e+00  4.649175e-01  2.800000e+00
     vertex -1.167513e+00  2.773323e-01  2.800000e+00
     vertex -1.130113e+00  4.035412e-01  2.800000e+00
   endloop
 endfacet
 facet normal  0.000000e+00  0.000000e+00 -1.000000e+00
   outer loop
     vertex  4.875826e-01 -1.096478e+00  2.800000e+00
     vertex  3.645521e-01 -1.143286e+00  2.800000e+00
     vertex  2.047741e-01 -1.182399e+00  2.800000e+00
   endloop
 endfacet
 facet normal  0.000000e+00  0.000000e+00 -1.000000e+00
   outer loop
     vertex  4.875826e-01 -1.096478e+00  2.800000e+00
     vertex  4.267097e-01 -1.121570e+00  2.800000e+00
     vertex  3.645521e-01 -1.143286e+00  2.800000e+00
   endloop
 endfacet
 facet normal  0.000000e+00  0.000000e+00 -1.000000e+00
   outer loop
     vertex  4.875826e-01 -1.096478e+00  2.800000e+00
     vertex  4.573183e-01 -1.109441e+00  2.800000e+00
     vertex  4.267097e-01 -1.121570e+00  2.800000e+00
   endloop
 endfacet
 facet normal  0.000000e+00  0.000000e+00 -1.000000e+00
   outer loop
     vertex  5.174799e-01 -1.082689e+00  2.800000e+00
     vertex  4.875826e-01 -1.096478e+00  2.800000e+00
     vertex  2.047741e-01 -1.182399e+00  2.800000e+00
   endloop
 endfacet
 facet normal  0.000000e+00  0.000000e+00 -1.000000e+00
   outer loop
     vertex -1.079114e+00  5.248942e-01  2.800000e+00
     vertex -1.194471e+00 -1.150604e-01  2.800000e+00
     vertex -1.197178e+00 -8.224794e-02  2.800000e+00
   endloop
 endfacet
 facet normal  0.000000e+00  0.000000e+00 -1.000000e+00
   outer loop
     vertex -1.079114e+00  5.248942e-01  2.800000e+00
     vertex -1.190865e+00 -1.477863e-01  2.800000e+00
     vertex -1.194471e+00 -1.150604e-01  2.800000e+00
   endloop
 endfacet
 facet normal  0.000000e+00  0.000000e+00 -1.000000e+00
   outer loop
     vertex -1.079114e+00  5.248942e-01  2.800000e+00
     vertex -1.186362e+00 -1.804009e-01  2.800000e+00
     vertex -1.190865e+00 -1.477863e-01  2.800000e+00
   endloop
 endfacet
 facet normal  0.000000e+00  0.000000e+00 -1.000000e+00
   outer loop
     vertex -1.079114e+00  5.248942e-01  2.800000e+00
     vertex -1.180967e+00 -2.128797e-01  2.800000e+00
     vertex -1.186362e+00 -1.804009e-01  2.800000e+00
   endloop
 endfacet
 facet normal  0.000000e+00  0.000000e+00 -1.000000e+00
   outer loop
     vertex -1.079114e+00  5.248942e-01  2.800000e+00
     vertex -1.174682e+00 -2.451983e-01  2.800000e+00
     vertex -1.180967e+00 -2.128797e-01  2.800000e+00
   endloop
 endfacet
 facet normal  0.000000e+00  0.000000e+00 -1.000000e+00
   outer loop
     vertex -1.079114e+00  5.248942e-01  2.800000e+00
     vertex -1.197178e+00 -8.224794e-02  2.800000e+00
     vertex -1.199887e+00 -1.646198e-02  2.800000e+00
   endloop
 endfacet
 facet normal  0.000000e+00  0.000000e+00 -1.000000e+00
   outer loop
     vertex -1.079114e+00  5.248942e-01  2.800000e+00
     vertex -1.167513e+00 -2.773323e-01  2.800000e+00
     vertex -1.174682e+00 -2.451983e-01  2.800000e+00
   endloop
 endfacet
 facet normal  0.000000e+00  0.000000e+00 -1.000000e+00
   outer loop
     vertex -1.079114e+00  5.248942e-01  2.800000e+00
     vertex -1.199887e+00 -1.646198e-02  2.800000e+00
     vertex -1.197178e+00  8.224794e-02  2.800000e+00
   endloop
 endfacet
 facet normal  0.000000e+00  0.000000e+00 -1.000000e+00
   outer loop
     vertex -1.079114e+00  5.248942e-01  2.800000e+00
     vertex -1.197178e+00  8.224794e-02  2.800000e+00
     vertex -1.106278e+00  4.649175e-01  2.800000e+00
   endloop
 endfacet
 facet normal  0.000000e+00  0.000000e+00 -1.000000e+00
   outer loop
     vertex -1.079114e+00  5.248942e-01  2.800000e+00
     vertex -1.106278e+00  4.649175e-01  2.800000e+00
     vertex -1.093107e+00  4.950922e-01  2.800000e+00
   endloop
 endfacet
 facet normal  0.000000e+00  0.000000e+00 -1.000000e+00
   outer loop
     vertex  5.760837e-01 -1.052676e+00  2.800000e+00
     vertex  5.469877e-01 -1.068084e+00  2.800000e+00
     vertex  5.174799e-01 -1.082689e+00  2.800000e+00
   endloop
 endfacet
 facet normal  0.000000e+00  0.000000e+00 -1.000000e+00
   outer loop
     vertex -1.048700e+00  5.832908e-01  2.800000e+00
     vertex -1.079114e+00  5.248942e-01  2.800000e+00
     vertex -1.064307e+00  5.543011e-01  2.800000e+00
   endloop
 endfacet
 facet normal  0.000000e+00  0.000000e+00 -1.000000e+00
   outer loop
     vertex  6.047460e-01 -1.036476e+00  2.800000e+00
     vertex  5.760837e-01 -1.052676e+00  2.800000e+00
     vertex  5.174799e-01 -1.082689e+00  2.800000e+00
   endloop
 endfacet
 facet normal  0.000000e+00  0.000000e+00 -1.000000e+00
   outer loop
     vertex -1.032303e+00  6.118413e-01  2.800000e+00
     vertex -1.079114e+00  5.248942e-01  2.800000e+00
     vertex -1.048700e+00  5.832908e-01  2.800000e+00
   endloop
 endfacet
 facet normal  0.000000e+00  0.000000e+00 -1.000000e+00
   outer loop
     vertex  6.329531e-01 -1.019495e+00  2.800000e+00
     vertex  6.047460e-01 -1.036476e+00  2.800000e+00
     vertex  5.174799e-01 -1.082689e+00  2.800000e+00
   endloop
 endfacet
 facet normal  0.000000e+00  0.000000e+00 -1.000000e+00
   outer loop
     vertex -9.971915e-01  6.675395e-01  2.800000e+00
     vertex -1.079114e+00  5.248942e-01  2.800000e+00
     vertex -1.032303e+00  6.118413e-01  2.800000e+00
   endloop
 endfacet
 facet normal  0.000000e+00  0.000000e+00 -1.000000e+00
   outer loop
     vertex -9.971915e-01  6.675395e-01  2.800000e+00
     vertex -1.032303e+00  6.118413e-01  2.800000e+00
     vertex -1.015130e+00  6.399313e-01  2.800000e+00
   endloop
 endfacet
 facet normal  0.000000e+00  0.000000e+00 -1.000000e+00
   outer loop
     vertex  7.146325e-01 -9.640022e-01  2.800000e+00
     vertex  6.606838e-01 -1.001747e+00  2.800000e+00
     vertex  6.329531e-01 -1.019495e+00  2.800000e+00
   endloop
 endfacet
 facet normal  0.000000e+00  0.000000e+00 -1.000000e+00
   outer loop
     vertex  7.146325e-01 -9.640022e-01  2.800000e+00
     vertex  6.879171e-01 -9.832447e-01  2.800000e+00
     vertex  6.606838e-01 -1.001747e+00  2.800000e+00
   endloop
 endfacet
 facet normal  0.000000e+00  0.000000e+00 -1.000000e+00
   outer loop
     vertex -9.590777e-01  7.212281e-01  2.800000e+00
     vertex -1.079114e+00  5.248942e-01  2.800000e+00
     vertex -9.971915e-01  6.675395e-01  2.800000e+00
   endloop
 endfacet
 facet normal  0.000000e+00  0.000000e+00 -1.000000e+00
   outer loop
     vertex -9.590777e-01  7.212281e-01  2.800000e+00
     vertex -9.971915e-01  6.675395e-01  2.800000e+00
     vertex -9.785029e-01  6.946453e-01  2.800000e+00
   endloop
 endfacet
 facet normal  0.000000e+00  0.000000e+00 -1.000000e+00
   outer loop
     vertex -9.389305e-01  7.472681e-01  2.800000e+00
     vertex -1.079114e+00  5.248942e-01  2.800000e+00
     vertex -9.590777e-01  7.212281e-01  2.800000e+00
   endloop
 endfacet
 facet normal  0.000000e+00  0.000000e+00 -1.000000e+00
   outer loop
     vertex  7.664299e-01 -9.233554e-01  2.800000e+00
     vertex  7.408101e-01 -9.440341e-01  2.800000e+00
     vertex  7.146325e-01 -9.640022e-01  2.800000e+00
   endloop
 endfacet
 facet normal  0.000000e+00  0.000000e+00 -1.000000e+00
   outer loop
     vertex  7.914728e-01 -9.019816e-01  2.800000e+00
     vertex  7.664299e-01 -9.233554e-01  2.800000e+00
     vertex  7.146325e-01 -9.640022e-01  2.800000e+00
   endloop
 endfacet
 facet normal  0.000000e+00  0.000000e+00 -1.000000e+00
   outer loop
     vertex  8.159199e-01 -8.799288e-01  2.800000e+00
     vertex  7.914728e-01 -9.019816e-01  2.800000e+00
     vertex  7.146325e-01 -9.640022e-01  2.800000e+00
   endloop
 endfacet
 facet normal  0.000000e+00  0.000000e+00 -1.000000e+00
   outer loop
     vertex -8.743114e-01  8.219364e-01  2.800000e+00
     vertex -9.180765e-01  7.727455e-01  2.800000e+00
     vertex -8.965314e-01  7.976412e-01  2.800000e+00
   endloop
 endfacet
 facet normal  0.000000e+00  0.000000e+00 -1.000000e+00
   outer loop
     vertex -8.743114e-01  8.219364e-01  2.800000e+00
     vertex -9.389305e-01  7.472681e-01  2.800000e+00
     vertex -9.180765e-01  7.727455e-01  2.800000e+00
   endloop
 endfacet
 facet normal  0.000000e+00  0.000000e+00 -1.000000e+00
   outer loop
     vertex  8.397528e-01 -8.572136e-01  2.800000e+00
     vertex  8.159199e-01 -8.799288e-01  2.800000e+00
     vertex  7.146325e-01 -9.640022e-01  2.800000e+00
   endloop
 endfacet
 facet normal  0.000000e+00  0.000000e+00 -1.000000e+00
   outer loop
     vertex  8.397528e-01 -8.572136e-01  2.800000e+00
     vertex  6.329531e-01 -1.019495e+00  2.800000e+00
     vertex  5.174799e-01 -1.082689e+00  2.800000e+00
   endloop
 endfacet
 facet normal  0.000000e+00  0.000000e+00 -1.000000e+00
   outer loop
     vertex  8.397528e-01 -8.572136e-01  2.800000e+00
     vertex  7.146325e-01 -9.640022e-01  2.800000e+00
     vertex  6.329531e-01 -1.019495e+00  2.800000e+00
   endloop
 endfacet
 facet normal  0.000000e+00  0.000000e+00 -1.000000e+00
   outer loop
     vertex -8.279143e-01  8.686530e-01  2.800000e+00
     vertex -1.159465e+00 -3.092575e-01  2.800000e+00
     vertex -1.167513e+00 -2.773323e-01  2.800000e+00
   endloop
 endfacet
 facet normal  0.000000e+00  0.000000e+00 -1.000000e+00
   outer loop
     vertex -8.279143e-01  8.686530e-01  2.800000e+00
     vertex -1.150545e+00 -3.409499e-01  2.800000e+00
     vertex -1.159465e+00 -3.092575e-01  2.800000e+00
   endloop
 endfacet
 facet normal  0.000000e+00  0.000000e+00 -1.000000e+00
   outer loop
     vertex -8.279143e-01  8.686530e-01  2.800000e+00
     vertex -1.140758e+00 -3.723857e-01  2.800000e+00
     vertex -1.150545e+00 -3.409499e-01  2.800000e+00
   endloop
 endfacet
 facet normal  0.000000e+00  0.000000e+00 -1.000000e+00
   outer loop
     vertex -8.279143e-01  8.686530e-01  2.800000e+00
     vertex -1.130113e+00 -4.035412e-01  2.800000e+00
     vertex -1.140758e+00 -3.723857e-01  2.800000e+00
   endloop
 endfacet
 facet normal  0.000000e+00  0.000000e+00 -1.000000e+00
   outer loop
     vertex -8.279143e-01  8.686530e-01  2.800000e+00
     vertex -1.118616e+00 -4.343928e-01  2.800000e+00
     vertex -1.130113e+00 -4.035412e-01  2.800000e+00
   endloop
 endfacet
 facet normal  0.000000e+00  0.000000e+00 -1.000000e+00
   outer loop
     vertex -8.279143e-01  8.686530e-01  2.800000e+00
     vertex -1.106278e+00 -4.649175e-01  2.800000e+00
     vertex -1.118616e+00 -4.343928e-01  2.800000e+00
   endloop
 endfacet
 facet normal  0.000000e+00  0.000000e+00 -1.000000e+00
   outer loop
     vertex -8.279143e-01  8.686530e-01  2.800000e+00
     vertex -1.079114e+00  5.248942e-01  2.800000e+00
     vertex -9.389305e-01  7.472681e-01  2.800000e+00
   endloop
 endfacet
 facet normal  0.000000e+00  0.000000e+00 -1.000000e+00
   outer loop
     vertex -8.279143e-01  8.686530e-01  2.800000e+00
     vertex -9.389305e-01  7.472681e-01  2.800000e+00
     vertex -8.743114e-01  8.219364e-01  2.800000e+00
   endloop
 endfacet
 facet normal  0.000000e+00  0.000000e+00 -1.000000e+00
   outer loop
     vertex -8.279143e-01  8.686530e-01  2.800000e+00
     vertex -1.167513e+00 -2.773323e-01  2.800000e+00
     vertex -1.079114e+00  5.248942e-01  2.800000e+00
   endloop
 endfacet
 facet normal  0.000000e+00  0.000000e+00 -1.000000e+00
   outer loop
     vertex -8.279143e-01  8.686530e-01  2.800000e+00
     vertex -8.743114e-01  8.219364e-01  2.800000e+00
     vertex -8.514333e-01  8.456130e-01  2.800000e+00
   endloop
 endfacet
 facet normal  0.000000e+00  0.000000e+00 -1.000000e+00
   outer loop
     vertex  8.855048e-01 -8.098650e-01  2.800000e+00
     vertex  8.629536e-01 -8.338532e-01  2.800000e+00
     vertex  8.397528e-01 -8.572136e-01  2.800000e+00
   endloop
 endfacet
 facet normal  0.000000e+00  0.000000e+00 -1.000000e+00
   outer loop
     vertex  9.073893e-01 -7.852672e-01  2.800000e+00
     vertex  8.855048e-01 -8.098650e-01  2.800000e+00
     vertex  8.397528e-01 -8.572136e-01  2.800000e+00
   endloop
 endfacet
 facet normal  0.000000e+00  0.000000e+00 -1.000000e+00
   outer loop
     vertex -7.536909e-01  9.337826e-01  2.800000e+00
     vertex -8.037720e-01  8.910390e-01  2.800000e+00
     vertex -7.790247e-01  9.127544e-01  2.800000e+00
   endloop
 endfacet
 facet normal  0.000000e+00  0.000000e+00 -1.000000e+00
   outer loop
     vertex -7.536909e-01  9.337826e-01  2.800000e+00
     vertex -8.279143e-01  8.686530e-01  2.800000e+00
     vertex -8.037720e-01  8.910390e-01  2.800000e+00
   endloop
 endfacet
 facet normal  0.000000e+00  0.000000e+00 -1.000000e+00
   outer loop
     vertex  9.490934e-01 -7.343172e-01  2.800000e+00
     vertex  9.285909e-01 -7.600783e-01  2.800000e+00
     vertex  9.073893e-01 -7.852672e-01  2.800000e+00
   endloop
 endfacet
 facet normal  0.000000e+00  0.000000e+00 -1.000000e+00
   outer loop
     vertex -7.277898e-01  9.541080e-01  2.800000e+00
     vertex -8.279143e-01  8.686530e-01  2.800000e+00
     vertex -7.536909e-01  9.337826e-01  2.800000e+00
   endloop
 endfacet
 facet normal  0.000000e+00  0.000000e+00 -1.000000e+00
   outer loop
     vertex -7.013408e-01  9.737151e-01  2.800000e+00
     vertex -8.279143e-01  8.686530e-01  2.800000e+00
     vertex -7.277898e-01  9.541080e-01  2.800000e+00
   endloop
 endfacet
 facet normal  0.000000e+00  0.000000e+00 -1.000000e+00
   outer loop
     vertex -6.743639e-01  9.925892e-01  2.800000e+00
     vertex -8.279143e-01  8.686530e-01  2.800000e+00
     vertex -7.013408e-01  9.737151e-01  2.800000e+00
   endloop
 endfacet
 facet normal  0.000000e+00  0.000000e+00 -1.000000e+00
   outer loop
     vertex  1.023813e+00 -6.259452e-01  2.800000e+00
     vertex  9.688815e-01 -7.080033e-01  2.800000e+00
     vertex  9.490934e-01 -7.343172e-01  2.800000e+00
   endloop
 endfacet
 facet normal  0.000000e+00  0.000000e+00 -1.000000e+00
   outer loop
     vertex  1.023813e+00 -6.259452e-01  2.800000e+00
     vertex  9.879402e-01 -6.811565e-01  2.800000e+00
     vertex  9.688815e-01 -7.080033e-01  2.800000e+00
   endloop
 endfacet
 facet normal  0.000000e+00  0.000000e+00 -1.000000e+00
   outer loop
     vertex  1.023813e+00 -6.259452e-01  2.800000e+00
     vertex  1.006255e+00 -6.537969e-01  2.800000e+00
     vertex  9.879402e-01 -6.811565e-01  2.800000e+00
   endloop
 endfacet
 facet normal  0.000000e+00  0.000000e+00 -1.000000e+00
   outer loop
     vertex -6.189078e-01  1.028082e+00  2.800000e+00
     vertex -1.064307e+00 -5.543011e-01  2.800000e+00
     vertex -1.079114e+00 -5.248942e-01  2.800000e+00
   endloop
 endfacet
 facet normal  0.000000e+00  0.000000e+00 -1.000000e+00
   outer loop
     vertex -6.189078e-01  1.028082e+00  2.800000e+00
     vertex -1.106278e+00 -4.649175e-01  2.800000e+00
     vertex -8.279143e-01  8.686530e-01  2.800000e+00
   endloop
 endfacet
 facet normal  0.000000e+00  0.000000e+00 -1.000000e+00
   outer loop
     vertex -6.189078e-01  1.028082e+00  2.800000e+00
     vertex -8.279143e-01  8.686530e-01  2.800000e+00
     vertex -6.743639e-01  9.925892e-01  2.800000e+00
   endloop
 endfacet
 facet normal  0.000000e+00  0.000000e+00 -1.000000e+00
   outer loop
     vertex -6.189078e-01  1.028082e+00  2.800000e+00
     vertex -1.032303e+00 -6.118413e-01  2.800000e+00
     vertex -1.064307e+00 -5.543011e-01  2.800000e+00
   endloop
 endfacet
 facet normal  0.000000e+00  0.000000e+00 -1.000000e+00
   outer loop
     vertex -6.189078e-01  1.028082e+00  2.800000e+00
     vertex -1.079114e+00 -5.248942e-01  2.800000e+00
     vertex -1.106278e+00 -4.649175e-01  2.800000e+00
   endloop
 endfacet
 facet normal  0.000000e+00  0.000000e+00 -1.000000e+00
   outer loop
     vertex -6.189078e-01  1.028082e+00  2.800000e+00
     vertex -6.743639e-01  9.925892e-01  2.800000e+00
     vertex -6.468793e-01  1.010716e+00  2.800000e+00
   endloop
 endfacet
 facet normal  0.000000e+00  0.000000e+00 -1.000000e+00
   outer loop
     vertex  1.056603e+00 -5.688495e-01  2.800000e+00
     vertex  1.023813e+00 -6.259452e-01  2.800000e+00
     vertex  9.490934e-01 -7.343172e-01  2.800000e+00
   endloop
 endfacet
 facet normal  0.000000e+00  0.000000e+00 -1.000000e+00
   outer loop
     vertex  1.056603e+00 -5.688495e-01  2.800000e+00
     vertex  1.040600e+00 -5.976223e-01  2.800000e+00
     vertex  1.023813e+00 -6.259452e-01  2.800000e+00
   endloop
 endfacet
 facet normal  0.000000e+00  0.000000e+00 -1.000000e+00
   outer loop
     vertex  1.056603e+00 -5.688495e-01  2.800000e+00
     vertex  9.073893e-01 -7.852672e-01  2.800000e+00
     vertex  8.397528e-01 -8.572136e-01  2.800000e+00
   endloop
 endfacet
 facet normal  0.000000e+00  0.000000e+00 -1.000000e+00
   outer loop
     vertex  1.056603e+00 -5.688495e-01  2.800000e+00
     vertex  9.490934e-01 -7.343172e-01  2.800000e+00
     vertex  9.073893e-01 -7.852672e-01  2.800000e+00
   endloop
 endfacet
 facet normal  0.000000e+00  0.000000e+00 -1.000000e+00
   outer loop
     vertex -5.615885e-01  1.060480e+00  2.800000e+00
     vertex -6.189078e-01  1.028082e+00  2.800000e+00
     vertex -5.904704e-01  1.044674e+00  2.800000e+00
   endloop
 endfacet
 facet normal  0.000000e+00  0.000000e+00 -1.000000e+00
   outer loop
     vertex  1.086213e+00 -5.100412e-01  2.800000e+00
     vertex  1.071811e+00 -5.396485e-01  2.800000e+00
     vertex  1.056603e+00 -5.688495e-01  2.800000e+00
   endloop
 endfacet
 facet normal  0.000000e+00  0.000000e+00 -1.000000e+00
   outer loop
     vertex -4.724949e-01  1.103063e+00  2.800000e+00
     vertex -6.189078e-01  1.028082e+00  2.800000e+00
     vertex -5.615885e-01  1.060480e+00  2.800000e+00
   endloop
 endfacet
 facet normal  0.000000e+00  0.000000e+00 -1.000000e+00
   outer loop
     vertex -4.724949e-01  1.103063e+00  2.800000e+00
     vertex -5.322839e-01  1.075488e+00  2.800000e+00
     vertex -5.025786e-01  1.089686e+00  2.800000e+00
   endloop
 endfacet
 facet normal  0.000000e+00  0.000000e+00 -1.000000e+00
   outer loop
     vertex -4.724949e-01  1.103063e+00  2.800000e+00
     vertex -5.615885e-01  1.060480e+00  2.800000e+00
     vertex -5.322839e-01  1.075488e+00  2.800000e+00
   endloop
 endfacet
 facet normal  0.000000e+00  0.000000e+00 -1.000000e+00
   outer loop
     vertex  1.112552e+00 -4.496975e-01  2.800000e+00
     vertex  1.099796e+00 -4.800501e-01  2.800000e+00
     vertex  1.086213e+00 -5.100412e-01  2.800000e+00
   endloop
 endfacet
 facet normal  0.000000e+00  0.000000e+00 -1.000000e+00
   outer loop
     vertex  1.124470e+00 -4.190064e-01  2.800000e+00
     vertex  1.112552e+00 -4.496975e-01  2.800000e+00
     vertex  1.086213e+00 -5.100412e-01  2.800000e+00
   endloop
 endfacet
 facet normal  0.000000e+00  0.000000e+00 -1.000000e+00
   outer loop
     vertex  1.124470e+00 -4.190064e-01  2.800000e+00
     vertex  1.086213e+00 -5.100412e-01  2.800000e+00
     vertex  1.056603e+00 -5.688495e-01  2.800000e+00
   endloop
 endfacet
 facet normal  0.000000e+00  0.000000e+00 -1.000000e+00
   outer loop
     vertex -4.112835e-01  1.127318e+00  2.800000e+00
     vertex -4.724949e-01  1.103063e+00  2.800000e+00
     vertex -4.420556e-01  1.115611e+00  2.800000e+00
   endloop
 endfacet
 facet normal  0.000000e+00  0.000000e+00 -1.000000e+00
   outer loop
     vertex -3.802018e-01  1.138177e+00  2.800000e+00
     vertex -4.724949e-01  1.103063e+00  2.800000e+00
     vertex -4.112835e-01  1.127318e+00  2.800000e+00
   endloop
 endfacet
 facet normal  0.000000e+00  0.000000e+00 -1.000000e+00
   outer loop
     vertex  1.145759e+00 -3.567014e-01  2.800000e+00
     vertex  1.135542e+00 -3.880000e-01  2.800000e+00
     vertex  1.124470e+00 -4.190064e-01  2.800000e+00
   endloop
 endfacet
 facet normal  0.000000e+00  0.000000e+00 -1.000000e+00
   outer loop
     vertex  1.145759e+00 -3.567014e-01  2.800000e+00
     vertex  1.124470e+00 -4.190064e-01  2.800000e+00
     vertex  1.056603e+00 -5.688495e-01  2.800000e+00
   endloop
 endfacet
 facet normal  0.000000e+00  0.000000e+00 -1.000000e+00
   outer loop
     vertex -3.488339e-01  1.148179e+00  2.800000e+00
     vertex -4.724949e-01  1.103063e+00  2.800000e+00
     vertex -3.802018e-01  1.138177e+00  2.800000e+00
   endloop
 endfacet
 facet normal  0.000000e+00  0.000000e+00 -1.000000e+00
   outer loop
     vertex  1.155114e+00 -3.251343e-01  2.800000e+00
     vertex  1.145759e+00 -3.567014e-01  2.800000e+00
     vertex  1.056603e+00 -5.688495e-01  2.800000e+00
   endloop
 endfacet
 facet normal  0.000000e+00  0.000000e+00 -1.000000e+00
   outer loop
     vertex  1.171208e+00 -2.612899e-01  2.800000e+00
     vertex  1.163599e+00 -2.933225e-01  2.800000e+00
     vertex  1.155114e+00 -3.251343e-01  2.800000e+00
   endloop
 endfacet
 facet normal  0.000000e+00  0.000000e+00 -1.000000e+00
   outer loop
     vertex  1.171208e+00 -2.612899e-01  2.800000e+00
     vertex  1.155114e+00 -3.251343e-01  2.800000e+00
     vertex  1.056603e+00 -5.688495e-01  2.800000e+00
   endloop
 endfacet
 facet normal  0.000000e+00  0.000000e+00 -1.000000e+00
   outer loop
     vertex -2.209754e-01  1.179479e+00  2.800000e+00
     vertex -2.853341e-01  1.165583e+00  2.800000e+00
     vertex -2.532501e-01  1.172972e+00  2.800000e+00
   endloop
 endfacet
 facet normal  0.000000e+00  0.000000e+00 -1.000000e+00
   outer loop
     vertex  1.183776e+00 -1.966588e-01  2.800000e+00
     vertex  1.171208e+00 -2.612899e-01  2.800000e+00
     vertex  1.056603e+00 -5.688495e-01  2.800000e+00
   endloop
 endfacet
 facet normal  0.000000e+00  0.000000e+00 -1.000000e+00
   outer loop
     vertex  1.183776e+00 -1.966588e-01  2.800000e+00
     vertex  1.177935e+00 -2.290606e-01  2.800000e+00
     vertex  1.171208e+00 -2.612899e-01  2.800000e+00
   endloop
 endfacet
 facet normal  0.000000e+00  0.000000e+00 -1.000000e+00
   outer loop
     vertex -1.885343e-01  1.185097e+00  2.800000e+00
     vertex -2.853341e-01  1.165583e+00  2.800000e+00
     vertex -2.209754e-01  1.179479e+00  2.800000e+00
   endloop
 endfacet
 facet normal  0.000000e+00  0.000000e+00 -1.000000e+00
   outer loop
     vertex  1.198194e+00 -6.581693e-02  2.800000e+00
     vertex  1.188725e+00 -1.641090e-01  2.800000e+00
     vertex  1.183776e+00 -1.966588e-01  2.800000e+00
   endloop
 endfacet
 facet normal  0.000000e+00  0.000000e+00 -1.000000e+00
   outer loop
     vertex  1.198194e+00 -6.581693e-02  2.800000e+00
     vertex  1.192780e+00 -1.314357e-01  2.800000e+00
     vertex  1.188725e+00 -1.641090e-01  2.800000e+00
   endloop
 endfacet
 facet normal  0.000000e+00  0.000000e+00 -1.000000e+00
   outer loop
     vertex  1.198194e+00 -6.581693e-02  2.800000e+00
     vertex  1.195937e+00 -9.866346e-02  2.800000e+00
     vertex  1.192780e+00 -1.314357e-01  2.800000e+00
   endloop
 endfacet
 facet normal  0.000000e+00  0.000000e+00 -1.000000e+00
   outer loop
     vertex -2.469200e-02  1.199746e+00  2.800000e+00
     vertex -9.045783e-02  1.196586e+00  2.800000e+00
     vertex -5.759659e-02  1.198617e+00  2.800000e+00
   endloop
 endfacet
 facet normal  0.000000e+00  0.000000e+00 -1.000000e+00
   outer loop
     vertex -2.469200e-02  1.199746e+00  2.800000e+00
     vertex -1.232510e-01  1.193654e+00  2.800000e+00
     vertex -9.045783e-02  1.196586e+00  2.800000e+00
   endloop
 endfacet
 facet normal  0.000000e+00  0.000000e+00 -1.000000e+00
   outer loop
     vertex -2.469200e-02  1.199746e+00  2.800000e+00
     vertex -1.559513e-01  1.189823e+00  2.800000e+00
     vertex -1.232510e-01  1.193654e+00  2.800000e+00
   endloop
 endfacet
 facet normal  0.000000e+00  0.000000e+00 -1.000000e+00
   outer loop
     vertex  8.231183e-03  1.199972e+00  2.800000e+00
     vertex -1.559513e-01  1.189823e+00  2.800000e+00
     vertex -2.469200e-02  1.199746e+00  2.800000e+00
   endloop
 endfacet
 facet normal  0.000000e+00  0.000000e+00 -1.000000e+00
   outer loop
     vertex  1.199548e+00  3.292086e-02  2.800000e+00
     vertex  1.200000e+00 -2.939152e-16  2.800000e+00
     vertex  1.199548e+00 -3.292086e-02  2.800000e+00
   endloop
 endfacet
 facet normal  0.000000e+00  0.000000e+00 -1.000000e+00
   outer loop
     vertex  1.198194e+00  6.581693e-02  2.800000e+00
     vertex  1.199548e+00 -3.292086e-02  2.800000e+00
     vertex  1.198194e+00 -6.581693e-02  2.800000e+00
   endloop
 endfacet
 facet normal  0.000000e+00  0.000000e+00 -1.000000e+00
   outer loop
     vertex  1.198194e+00  6.581693e-02  2.800000e+00
     vertex  1.199548e+00  3.292086e-02  2.800000e+00
     vertex  1.199548e+00 -3.292086e-02  2.800000e+00
   endloop
 endfacet
 facet normal  0.000000e+00 -0.000000e+00 -1.000000e+00
   outer loop
     vertex  1.198194e+00  6.581693e-02  2.800000e+00
     vertex  1.198194e+00 -6.581693e-02  2.800000e+00
     vertex  1.183776e+00 -1.966588e-01  2.800000e+00
   endloop
 endfacet
 facet normal  0.000000e+00  0.000000e+00 -1.000000e+00
   outer loop
     vertex  1.068645e-01  1.195232e+00  2.800000e+00
     vertex  4.114817e-02  1.199294e+00  2.800000e+00
     vertex  7.403418e-02  1.197714e+00  2.800000e+00
   endloop
 endfacet
 facet normal  0.000000e+00  0.000000e+00 -1.000000e+00
   outer loop
     vertex  1.068645e-01  1.195232e+00  2.800000e+00
     vertex  8.231183e-03  1.199972e+00  2.800000e+00
     vertex  4.114817e-02  1.199294e+00  2.800000e+00
   endloop
 endfacet
 facet normal  0.000000e+00  0.000000e+00 -1.000000e+00
   outer loop
     vertex  1.188725e+00  1.641090e-01  2.800000e+00
     vertex  1.195937e+00  9.866346e-02  2.800000e+00
     vertex  1.198194e+00  6.581693e-02  2.800000e+00
   endloop
 endfacet
 facet normal  0.000000e+00  0.000000e+00 -1.000000e+00
   outer loop
     vertex  1.188725e+00  1.641090e-01  2.800000e+00
     vertex  1.192780e+00  1.314357e-01  2.800000e+00
     vertex  1.195937e+00  9.866346e-02  2.800000e+00
   endloop
 endfacet
 facet normal  0.000000e+00  0.000000e+00 -1.000000e+00
   outer loop
     vertex  1.722590e-01  1.187572e+00  2.800000e+00
     vertex  1.068645e-01  1.195232e+00  2.800000e+00
     vertex  1.396143e-01  1.191851e+00  2.800000e+00
   endloop
 endfacet
 facet normal  0.000000e+00  0.000000e+00 -1.000000e+00
   outer loop
     vertex  1.722590e-01  1.187572e+00  2.800000e+00
     vertex  8.231183e-03  1.199972e+00  2.800000e+00
     vertex  1.068645e-01  1.195232e+00  2.800000e+00
   endloop
 endfacet
 facet normal  0.000000e+00  0.000000e+00 -1.000000e+00
   outer loop
     vertex  1.183776e+00  1.966588e-01  2.800000e+00
     vertex  1.188725e+00  1.641090e-01  2.800000e+00
     vertex  1.198194e+00  6.581693e-02  2.800000e+00
   endloop
 endfacet
 facet normal  0.000000e+00  0.000000e+00 -1.000000e+00
   outer loop
     vertex  1.183776e+00  1.966588e-01  2.800000e+00
     vertex  1.198194e+00  6.581693e-02  2.800000e+00
     vertex  1.183776e+00 -1.966588e-01  2.800000e+00
   endloop
 endfacet
 facet normal  0.000000e+00  0.000000e+00 -1.000000e+00
   outer loop
     vertex  2.047741e-01  1.182399e+00  2.800000e+00
     vertex  8.231183e-03  1.199972e+00  2.800000e+00
     vertex  1.722590e-01  1.187572e+00  2.800000e+00
   endloop
 endfacet
 facet normal  0.000000e+00  0.000000e+00 -1.000000e+00
   outer loop
     vertex  2.693174e-01  1.169388e+00  2.800000e+00
     vertex  2.047741e-01  1.182399e+00  2.800000e+00
     vertex  2.371350e-01  1.176336e+00  2.800000e+00
   endloop
 endfacet
 facet normal  0.000000e+00  0.000000e+00 -1.000000e+00
   outer loop
     vertex  3.012971e-01  1.161559e+00  2.800000e+00
     vertex  2.047741e-01  1.182399e+00  2.800000e+00
     vertex  2.693174e-01  1.169388e+00  2.800000e+00
   endloop
 endfacet
 facet normal  0.000000e+00  0.000000e+00 -1.000000e+00
   outer loop
     vertex  1.155114e+00  3.251343e-01  2.800000e+00
     vertex  1.177935e+00  2.290606e-01  2.800000e+00
     vertex  1.183776e+00  1.966588e-01  2.800000e+00
   endloop
 endfacet
 facet normal  0.000000e+00  0.000000e+00 -1.000000e+00
   outer loop
     vertex  1.155114e+00  3.251343e-01  2.800000e+00
     vertex  1.171208e+00  2.612899e-01  2.800000e+00
     vertex  1.177935e+00  2.290606e-01  2.800000e+00
   endloop
 endfacet
 facet normal  0.000000e+00  0.000000e+00 -1.000000e+00
   outer loop
     vertex  1.155114e+00  3.251343e-01  2.800000e+00
     vertex  1.163599e+00  2.933225e-01  2.800000e+00
     vertex  1.171208e+00  2.612899e-01  2.800000e+00
   endloop
 endfacet
 facet normal  0.000000e+00  0.000000e+00 -1.000000e+00
   outer loop
     vertex  3.330500e-01  1.152856e+00  2.800000e+00
     vertex  2.047741e-01  1.182399e+00  2.800000e+00
     vertex  3.012971e-01  1.161559e+00  2.800000e+00
   endloop
 endfacet
 facet normal  0.000000e+00  0.000000e+00 -1.000000e+00
   outer loop
     vertex  1.124470e+00  4.190064e-01  2.800000e+00
     vertex  1.135542e+00  3.880000e-01  2.800000e+00
     vertex  1.145759e+00  3.567014e-01  2.800000e+00
   endloop
 endfacet
 facet normal  0.000000e+00  0.000000e+00 -1.000000e+00
   outer loop
     vertex  4.267097e-01  1.121570e+00  2.800000e+00
     vertex  3.645521e-01  1.143286e+00  2.800000e+00
     vertex  3.957799e-01  1.132854e+00  2.800000e+00
   endloop
 endfacet
 facet normal  0.000000e+00  0.000000e+00 -1.000000e+00
   outer loop
     vertex  4.267097e-01  1.121570e+00  2.800000e+00
     vertex  3.330500e-01  1.152856e+00  2.800000e+00
     vertex  3.645521e-01  1.143286e+00  2.800000e+00
   endloop
 endfacet
 facet normal  0.000000e+00  0.000000e+00 -1.000000e+00
   outer loop
     vertex  1.112552e+00  4.496975e-01  2.800000e+00
     vertex  1.145759e+00  3.567014e-01  2.800000e+00
     vertex  1.155114e+00  3.251343e-01  2.800000e+00
   endloop
 endfacet
 facet normal  0.000000e+00  0.000000e+00 -1.000000e+00
   outer loop
     vertex  1.112552e+00  4.496975e-01  2.800000e+00
     vertex  1.155114e+00  3.251343e-01  2.800000e+00
     vertex  1.183776e+00  1.966588e-01  2.800000e+00
   endloop
 endfacet
 facet normal  0.000000e+00  0.000000e+00 -1.000000e+00
   outer loop
     vertex  1.112552e+00  4.496975e-01  2.800000e+00
     vertex  1.124470e+00  4.190064e-01  2.800000e+00
     vertex  1.145759e+00  3.567014e-01  2.800000e+00
   endloop
 endfacet
 facet normal  0.000000e+00  0.000000e+00 -1.000000e+00
   outer loop
     vertex  5.174799e-01  1.082689e+00  2.800000e+00
     vertex  3.330500e-01  1.152856e+00  2.800000e+00
     vertex  4.267097e-01  1.121570e+00  2.800000e+00
   endloop
 endfacet
 facet normal  0.000000e+00  0.000000e+00 -1.000000e+00
   outer loop
     vertex  5.174799e-01  1.082689e+00  2.800000e+00
     vertex  2.047741e-01  1.182399e+00  2.800000e+00
     vertex  3.330500e-01  1.152856e+00  2.800000e+00
   endloop
 endfacet
 facet normal  0.000000e+00  0.000000e+00 -1.000000e+00
   outer loop
     vertex  5.174799e-01  1.082689e+00  2.800000e+00
     vertex  4.573183e-01  1.109441e+00  2.800000e+00
     vertex  4.875826e-01  1.096478e+00  2.800000e+00
   endloop
 endfacet
 facet normal  0.000000e+00  0.000000e+00 -1.000000e+00
   outer loop
     vertex  5.174799e-01  1.082689e+00  2.800000e+00
     vertex  4.267097e-01  1.121570e+00  2.800000e+00
     vertex  4.573183e-01  1.109441e+00  2.800000e+00
   endloop
 endfacet
 facet normal  0.000000e+00  0.000000e+00 -1.000000e+00
   outer loop
     vertex  5.174799e-01  1.082689e+00  2.800000e+00
     vertex -1.559513e-01  1.189823e+00  2.800000e+00
     vertex  8.231183e-03  1.199972e+00  2.800000e+00
   endloop
 endfacet
 facet normal  0.000000e+00  0.000000e+00 -1.000000e+00
   outer loop
     vertex  5.174799e-01  1.082689e+00  2.800000e+00
     vertex  8.231183e-03  1.199972e+00  2.800000e+00
     vertex  2.047741e-01  1.182399e+00  2.800000e+00
   endloop
 endfacet
 facet normal  0.000000e+00  0.000000e+00 -1.000000e+00
   outer loop
     vertex  5.174799e-01  1.082689e+00  2.800000e+00
     vertex -1.885343e-01  1.185097e+00  2.800000e+00
     vertex -1.559513e-01  1.189823e+00  2.800000e+00
   endloop
 endfacet
 facet normal  0.000000e+00  0.000000e+00 -1.000000e+00
   outer loop
     vertex  1.071811e+00  5.396485e-01  2.800000e+00
     vertex  1.099796e+00  4.800501e-01  2.800000e+00
     vertex  1.112552e+00  4.496975e-01  2.800000e+00
   endloop
 endfacet
 facet normal  0.000000e+00  0.000000e+00 -1.000000e+00
   outer loop
     vertex  1.071811e+00  5.396485e-01  2.800000e+00
     vertex  1.086213e+00  5.100412e-01  2.800000e+00
     vertex  1.099796e+00  4.800501e-01  2.800000e+00
   endloop
 endfacet
 facet normal  0.000000e+00  0.000000e+00 -1.000000e+00
   outer loop
     vertex  1.071811e+00  5.396485e-01  2.800000e+00
     vertex  1.112552e+00  4.496975e-01  2.800000e+00
     vertex  1.183776e+00  1.966588e-01  2.800000e+00
   endloop
 endfacet
 facet normal  0.000000e+00  0.000000e+00 -1.000000e+00
   outer loop
     vertex  1.040600e+00  5.976223e-01  2.800000e+00
     vertex  1.056603e+00  5.688495e-01  2.800000e+00
     vertex  1.071811e+00  5.396485e-01  2.800000e+00
   endloop
 endfacet
 facet normal  0.000000e+00  0.000000e+00 -1.000000e+00
   outer loop
     vertex  1.040600e+00  5.976223e-01  2.800000e+00
     vertex  1.071811e+00  5.396485e-01  2.800000e+00
     vertex  1.183776e+00  1.966588e-01  2.800000e+00
   endloop
 endfacet
 facet normal  0.000000e+00  0.000000e+00 -1.000000e+00
   outer loop
     vertex  6.047460e-01  1.036476e+00  2.800000e+00
     vertex -1.885343e-01  1.185097e+00  2.800000e+00
     vertex  5.174799e-01  1.082689e+00  2.800000e+00
   endloop
 endfacet
 facet normal  0.000000e+00  0.000000e+00 -1.000000e+00
   outer loop
     vertex  6.047460e-01  1.036476e+00  2.800000e+00
     vertex  5.469877e-01  1.068084e+00  2.800000e+00
     vertex  5.760837e-01  1.052676e+00  2.800000e+00
   endloop
 endfacet
 facet normal  0.000000e+00  0.000000e+00 -1.000000e+00
   outer loop
     vertex  6.047460e-01  1.036476e+00  2.800000e+00
     vertex  5.174799e-01  1.082689e+00  2.800000e+00
     vertex  5.469877e-01  1.068084e+00  2.800000e+00
   endloop
 endfacet
 facet normal  0.000000e+00  0.000000e+00 -1.000000e+00
   outer loop
     vertex  6.047460e-01  1.036476e+00  2.800000e+00
     vertex -2.853341e-01  1.165583e+00  2.800000e+00
     vertex -1.885343e-01  1.185097e+00  2.800000e+00
   endloop
 endfacet
 facet normal  0.000000e+00  0.000000e+00 -1.000000e+00
   outer loop
     vertex  6.329531e-01  1.019495e+00  2.800000e+00
     vertex -2.853341e-01  1.165583e+00  2.800000e+00
     vertex  6.047460e-01  1.036476e+00  2.800000e+00
   endloop
 endfacet
 facet normal  0.000000e+00  0.000000e+00 -1.000000e+00
   outer loop
     vertex  9.879402e-01  6.811565e-01  2.800000e+00
     vertex  1.006255e+00  6.537969e-01  2.800000e+00
     vertex  1.023813e+00  6.259452e-01  2.800000e+00
   endloop
 endfacet
 facet normal  0.000000e+00  0.000000e+00 -1.000000e+00
   outer loop
     vertex  6.879171e-01  9.832447e-01  2.800000e+00
     vertex  6.329531e-01  1.019495e+00  2.800000e+00
     vertex  6.606838e-01  1.001747e+00  2.800000e+00
   endloop
 endfacet
 facet normal  0.000000e+00  0.000000e+00 -1.000000e+00
   outer loop
     vertex  9.490934e-01  7.343172e-01  2.800000e+00
     vertex  9.879402e-01  6.811565e-01  2.800000e+00
     vertex  1.023813e+00  6.259452e-01  2.800000e+00
   endloop
 endfacet
 facet normal  0.000000e+00  0.000000e+00 -1.000000e+00
   outer loop
     vertex  9.490934e-01  7.343172e-01  2.800000e+00
     vertex  1.023813e+00  6.259452e-01  2.800000e+00
     vertex  1.040600e+00  5.976223e-01  2.800000e+00
   endloop
 endfacet
 facet normal  0.000000e+00  0.000000e+00 -1.000000e+00
   outer loop
     vertex  9.490934e-01  7.343172e-01  2.800000e+00
     vertex  9.688815e-01  7.080033e-01  2.800000e+00
     vertex  9.879402e-01  6.811565e-01  2.800000e+00
   endloop
 endfacet
 facet normal  0.000000e+00  0.000000e+00 -1.000000e+00
   outer loop
     vertex  7.408101e-01  9.440341e-01  2.800000e+00
     vertex -2.853341e-01  1.165583e+00  2.800000e+00
     vertex  6.329531e-01  1.019495e+00  2.800000e+00
   endloop
 endfacet
 facet normal  0.000000e+00  0.000000e+00 -1.000000e+00
   outer loop
     vertex  7.408101e-01  9.440341e-01  2.800000e+00
     vertex  6.879171e-01  9.832447e-01  2.800000e+00
     vertex  7.146325e-01  9.640022e-01  2.800000e+00
   endloop
 endfacet
 facet normal  0.000000e+00  0.000000e+00 -1.000000e+00
   outer loop
     vertex  7.408101e-01  9.440341e-01  2.800000e+00
     vertex  6.329531e-01  1.019495e+00  2.800000e+00
     vertex  6.879171e-01  9.832447e-01  2.800000e+00
   endloop
 endfacet
 facet normal  0.000000e+00  0.000000e+00 -1.000000e+00
   outer loop
     vertex  7.408101e-01  9.440341e-01  2.800000e+00
     vertex -3.172034e-01  1.157317e+00  2.800000e+00
     vertex -2.853341e-01  1.165583e+00  2.800000e+00
   endloop
 endfacet
 facet normal  0.000000e+00  0.000000e+00 -1.000000e+00
   outer loop
     vertex  7.408101e-01  9.440341e-01  2.800000e+00
     vertex -3.488339e-01  1.148179e+00  2.800000e+00
     vertex -3.172034e-01  1.157317e+00  2.800000e+00
   endloop
 endfacet
 facet normal  0.000000e+00  0.000000e+00 -1.000000e+00
   outer loop
     vertex  8.855048e-01  8.098650e-01  2.800000e+00
     vertex  9.285909e-01  7.600783e-01  2.800000e+00
     vertex  9.490934e-01  7.343172e-01  2.800000e+00
   endloop
 endfacet
 facet normal  0.000000e+00  0.000000e+00 -1.000000e+00
   outer loop
     vertex  8.855048e-01  8.098650e-01  2.800000e+00
     vertex  9.073893e-01  7.852672e-01  2.800000e+00
     vertex  9.285909e-01  7.600783e-01  2.800000e+00
   endloop
 endfacet
 facet normal  0.000000e+00  0.000000e+00 -1.000000e+00
   outer loop
     vertex  8.855048e-01  8.098650e-01  2.800000e+00
     vertex  9.490934e-01  7.343172e-01  2.800000e+00
     vertex  1.040600e+00  5.976223e-01  2.800000e+00
   endloop
 endfacet
 facet normal  0.000000e+00  0.000000e+00 -1.000000e+00
   outer loop
     vertex  8.159199e-01  8.799288e-01  2.800000e+00
     vertex  7.664299e-01  9.233554e-01  2.800000e+00
     vertex  7.914728e-01  9.019816e-01  2.800000e+00
   endloop
 endfacet
 facet normal  0.000000e+00  0.000000e+00 -1.000000e+00
   outer loop
     vertex  8.397528e-01  8.572136e-01  2.800000e+00
     vertex -9.045783e-02 -1.196586e+00  2.800000e+00
     vertex -2.853341e-01 -1.165583e+00  2.800000e+00
   endloop
 endfacet
 facet normal  0.000000e+00  0.000000e+00 -1.000000e+00
   outer loop
     vertex  8.397528e-01  8.572136e-01  2.800000e+00
     vertex  1.183776e+00 -1.966588e-01  2.800000e+00
     vertex  1.056603e+00 -5.688495e-01  2.800000e+00
   endloop
 endfacet
 facet normal  0.000000e+00  0.000000e+00 -1.000000e+00
   outer loop
     vertex  8.397528e-01  8.572136e-01  2.800000e+00
     vertex  8.629536e-01  8.338532e-01  2.800000e+00
     vertex  8.855048e-01  8.098650e-01  2.800000e+00
   endloop
 endfacet
 facet normal  0.000000e+00 -0.000000e+00 -1.000000e+00
   outer loop
     vertex  8.397528e-01  8.572136e-01  2.800000e+00
     vertex  8.397528e-01 -8.572136e-01  2.800000e+00
     vertex  5.174799e-01 -1.082689e+00  2.800000e+00
   endloop
 endfacet
 facet normal  0.000000e+00  0.000000e+00 -1.000000e+00
   outer loop
     vertex  8.397528e-01  8.572136e-01  2.800000e+00
     vertex  7.664299e-01  9.233554e-01  2.800000e+00
     vertex  8.159199e-01  8.799288e-01  2.800000e+00
   endloop
 endfacet
 facet normal  0.000000e+00  0.000000e+00 -1.000000e+00
   outer loop
     vertex  8.397528e-01  8.572136e-01  2.800000e+00
     vertex  7.408101e-01  9.440341e-01  2.800000e+00
     vertex  7.664299e-01  9.233554e-01  2.800000e+00
   endloop
 endfacet
 facet normal  0.000000e+00  0.000000e+00 -1.000000e+00
   outer loop
     vertex  8.397528e-01  8.572136e-01  2.800000e+00
     vertex -8.743114e-01 -8.219364e-01  2.800000e+00
     vertex -8.965314e-01 -7.976412e-01  2.800000e+00
   endloop
 endfacet
 facet normal -0.000000e+00  0.000000e+00 -1.000000e+00
   outer loop
     vertex  8.397528e-01  8.572136e-01  2.800000e+00
     vertex -1.032303e+00 -6.118413e-01  2.800000e+00
     vertex -6.189078e-01  1.028082e+00  2.800000e+00
   endloop
 endfacet
 facet normal  0.000000e+00  0.000000e+00 -1.000000e+00
   outer loop
     vertex  8.397528e-01  8.572136e-01  2.800000e+00
     vertex -8.514333e-01 -8.456130e-01  2.800000e+00
     vertex -8.743114e-01 -8.219364e-01  2.800000e+00
   endloop
 endfacet
 facet normal  0.000000e+00  0.000000e+00 -1.000000e+00
   outer loop
     vertex  8.397528e-01  8.572136e-01  2.800000e+00
     vertex  8.855048e-01  8.098650e-01  2.800000e+00
     vertex  1.040600e+00  5.976223e-01  2.800000e+00
   endloop
 endfacet
 facet normal  0.000000e+00  0.000000e+00 -1.000000e+00
   outer loop
     vertex  8.397528e-01  8.572136e-01  2.800000e+00
     vertex -8.279143e-01 -8.686530e-01  2.800000e+00
     vertex -8.514333e-01 -8.456130e-01  2.800000e+00
   endloop
 endfacet
 facet normal  0.000000e+00  0.000000e+00 -1.000000e+00
   outer loop
     vertex  8.397528e-01  8.572136e-01  2.800000e+00
     vertex -8.037720e-01 -8.910390e-01  2.800000e+00
     vertex -8.279143e-01 -8.686530e-01  2.800000e+00
   endloop
 endfacet
 facet normal  0.000000e+00  0.000000e+00 -1.000000e+00
   outer loop
     vertex  8.397528e-01  8.572136e-01  2.800000e+00
     vertex -8.965314e-01 -7.976412e-01  2.800000e+00
     vertex -9.389305e-01 -7.472681e-01  2.800000e+00
   endloop
 endfacet
 facet normal  0.000000e+00  0.000000e+00 -1.000000e+00
   outer loop
     vertex  8.397528e-01  8.572136e-01  2.800000e+00
     vertex -7.790247e-01 -9.127544e-01  2.800000e+00
     vertex -8.037720e-01 -8.910390e-01  2.800000e+00
   endloop
 endfacet
 facet normal  0.000000e+00  0.000000e+00 -1.000000e+00
   outer loop
     vertex  8.397528e-01  8.572136e-01  2.800000e+00
     vertex -7.536909e-01 -9.337826e-01  2.800000e+00
     vertex -7.790247e-01 -9.127544e-01  2.800000e+00
   endloop
 endfacet
 facet normal  0.000000e+00  0.000000e+00 -1.000000e+00
   outer loop
     vertex  8.397528e-01  8.572136e-01  2.800000e+00
     vertex -7.277898e-01 -9.541080e-01  2.800000e+00
     vertex -7.536909e-01 -9.337826e-01  2.800000e+00
   endloop
 endfacet
 facet normal  0.000000e+00  0.000000e+00 -1.000000e+00
   outer loop
     vertex  8.397528e-01  8.572136e-01  2.800000e+00
     vertex -9.389305e-01 -7.472681e-01  2.800000e+00
     vertex -9.785029e-01 -6.946453e-01  2.800000e+00
   endloop
 endfacet
 facet normal  0.000000e+00  0.000000e+00 -1.000000e+00
   outer loop
     vertex  8.397528e-01  8.572136e-01  2.800000e+00
     vertex -7.013408e-01 -9.737151e-01  2.800000e+00
     vertex -7.277898e-01 -9.541080e-01  2.800000e+00
   endloop
 endfacet
 facet normal  0.000000e+00  0.000000e+00 -1.000000e+00
   outer loop
     vertex  8.397528e-01  8.572136e-01  2.800000e+00
     vertex -9.785029e-01 -6.946453e-01  2.800000e+00
     vertex -1.032303e+00 -6.118413e-01  2.800000e+00
   endloop
 endfacet
 facet normal  0.000000e+00  0.000000e+00 -1.000000e+00
   outer loop
     vertex  8.397528e-01  8.572136e-01  2.800000e+00
     vertex  2.047741e-01 -1.182399e+00  2.800000e+00
     vertex -9.045783e-02 -1.196586e+00  2.800000e+00
   endloop
 endfacet
 facet normal  0.000000e+00  0.000000e+00 -1.000000e+00
   outer loop
     vertex  8.397528e-01  8.572136e-01  2.800000e+00
     vertex -3.172034e-01 -1.157317e+00  2.800000e+00
     vertex -3.488339e-01 -1.148179e+00  2.800000e+00
   endloop
 endfacet
 facet normal  0.000000e+00  0.000000e+00 -1.000000e+00
   outer loop
     vertex  8.397528e-01  8.572136e-01  2.800000e+00
     vertex -2.853341e-01 -1.165583e+00  2.800000e+00
     vertex -3.172034e-01 -1.157317e+00  2.800000e+00
   endloop
 endfacet
 facet normal  0.000000e+00  0.000000e+00 -1.000000e+00
   outer loop
     vertex  8.397528e-01  8.572136e-01  2.800000e+00
     vertex -6.189078e-01 -1.028082e+00  2.800000e+00
     vertex -7.013408e-01 -9.737151e-01  2.800000e+00
   endloop
 endfacet
 facet normal  0.000000e+00  0.000000e+00 -1.000000e+00
   outer loop
     vertex  8.397528e-01  8.572136e-01  2.800000e+00
     vertex -3.488339e-01  1.148179e+00  2.800000e+00
     vertex  7.408101e-01  9.440341e-01  2.800000e+00
   endloop
 endfacet
 facet normal  0.000000e+00  0.000000e+00 -1.000000e+00
   outer loop
     vertex  8.397528e-01  8.572136e-01  2.800000e+00
     vertex  1.040600e+00  5.976223e-01  2.800000e+00
     vertex  1.183776e+00  1.966588e-01  2.800000e+00
   endloop
 endfacet
 facet normal  0.000000e+00  0.000000e+00 -1.000000e+00
   outer loop
     vertex  8.397528e-01  8.572136e-01  2.800000e+00
     vertex -4.724949e-01  1.103063e+00  2.800000e+00
     vertex -3.488339e-01  1.148179e+00  2.800000e+00
   endloop
 endfacet
 facet normal  0.000000e+00  0.000000e+00 -1.000000e+00
   outer loop
     vertex  8.397528e-01  8.572136e-01  2.800000e+00
     vertex -5.322839e-01 -1.075488e+00  2.800000e+00
     vertex -6.189078e-01 -1.028082e+00  2.800000e+00
   endloop
 endfacet
 facet normal  0.000000e+00  0.000000e+00 -1.000000e+00
   outer loop
     vertex  8.397528e-01  8.572136e-01  2.800000e+00
     vertex  1.183776e+00  1.966588e-01  2.800000e+00
     vertex  1.183776e+00 -1.966588e-01  2.800000e+00
   endloop
 endfacet
 facet normal  0.000000e+00  0.000000e+00 -1.000000e+00
   outer loop
     vertex  8.397528e-01  8.572136e-01  2.800000e+00
     vertex -4.420556e-01 -1.115611e+00  2.800000e+00
     vertex -5.322839e-01 -1.075488e+00  2.800000e+00
   endloop
 endfacet
 facet normal  0.000000e+00  0.000000e+00 -1.000000e+00
   outer loop
     vertex  8.397528e-01  8.572136e-01  2.800000e+00
     vertex  5.174799e-01 -1.082689e+00  2.800000e+00
     vertex  2.047741e-01 -1.182399e+00  2.800000e+00
   endloop
 endfacet
 facet normal  0.000000e+00  0.000000e+00 -1.000000e+00
   outer loop
     vertex  8.397528e-01  8.572136e-01  2.800000e+00
     vertex -6.189078e-01  1.028082e+00  2.800000e+00
     vertex -4.724949e-01  1.103063e+00  2.800000e+00
   endloop
 endfacet
 facet normal  0.000000e+00  0.000000e+00 -1.000000e+00
   outer loop
     vertex  8.397528e-01  8.572136e-01  2.800000e+00
     vertex  1.056603e+00 -5.688495e-01  2.800000e+00
     vertex  8.397528e-01 -8.572136e-01  2.800000e+00
   endloop
 endfacet
 facet normal  0.000000e+00  0.000000e+00 -1.000000e+00
   outer loop
     vertex  8.397528e-01  8.572136e-01  2.800000e+00
     vertex -3.488339e-01 -1.148179e+00  2.800000e+00
     vertex -4.420556e-01 -1.115611e+00  2.800000e+00
   endloop
 endfacet
endsolid
