ISO-10303-21;
HEADER;
FILE_DESCRIPTION(('FreeCAD Model'),'2;1');
FILE_NAME('Open CASCADE Shape Model','2026-08-11T15:35:13',('FreeCAD'),(
    'FreeCAD'),'Open CASCADE STEP processor 7.8','FreeCAD','Unknown');
FILE_SCHEMA(('AUTOMOTIVE_DESIGN { 1 0 10303 214 1 1 1 1 }'));
ENDSEC;
DATA;
#1 = APPLICATION_PROTOCOL_DEFINITION('international standard',
  'automotive_design',2000,#2);
#2 = APPLICATION_CONTEXT(
  'core data for automotive mechanical design processes');
#3 = SHAPE_DEFINITION_REPRESENTATION(#4,#10);
#4 = PRODUCT_DEFINITION_SHAPE('','',#5);
#5 = PRODUCT_DEFINITION('design','',#6,#9);
#6 = PRODUCT_DEFINITION_FORMATION('','',#7);
#7 = PRODUCT('Open CASCADE STEP translator 7.8 2',
  'Open CASCADE STEP translator 7.8 2','',(#8));
#8 = PRODUCT_CONTEXT('',#2,'mechanical');
#9 = PRODUCT_DEFINITION_CONTEXT('part definition',#2,'design');
#10 = ADVANCED_BREP_SHAPE_REPRESENTATION('',(#11,#15),#3165);
#11 = AXIS2_PLACEMENT_3D('',#12,#13,#14);
#12 = CARTESIAN_POINT('',(0.,0.,0.));
#13 = DIRECTION('',(0.,0.,1.));
#14 = DIRECTION('',(1.,0.,-0.));
#15 = MANIFOLD_SOLID_BREP('',#16);
#16 = CLOSED_SHELL('',(#17,#57,#88,#119,#168,#201,#243,#265,#328,#359,
    #383,#407,#440,#471,#495,#985,#1016,#1040,#1064,#1081,#1395,#1426,
    #1446,#1475,#1495,#1512,#1541,#1561,#1586,#1606,#1629,#1660,#1680,
    #1709,#1729,#1746,#1777,#1797,#1826,#1846,#1863,#1880,#1897,#1914,
    #1931,#1962,#1986,#2010,#2027,#2039,#2070,#2094,#2118,#2135,#2147,
    #2178,#2202,#2292,#2309,#2340,#2364,#2388,#2419,#2443,#2467,#2484,
    #2501,#2513,#2544,#2634,#2658,#2675,#2706,#2730,#2754,#2785,#2809,
    #2833,#2850,#2867,#2879,#2910,#2950,#2989,#3037,#3059,#3085,#3101,
    #3117,#3129,#3141,#3153));
#17 = ADVANCED_FACE('',(#18),#52,.F.);
#18 = FACE_BOUND('',#19,.F.);
#19 = EDGE_LOOP('',(#20,#30,#38,#46));
#20 = ORIENTED_EDGE('',*,*,#21,.T.);
#21 = EDGE_CURVE('',#22,#24,#26,.T.);
#22 = VERTEX_POINT('',#23);
#23 = CARTESIAN_POINT('',(124.3,-19.,12.));
#24 = VERTEX_POINT('',#25);
#25 = CARTESIAN_POINT('',(126.2,-19.,12.));
#26 = LINE('',#27,#28);
#27 = CARTESIAN_POINT('',(123.,-19.,12.));
#28 = VECTOR('',#29,1.);
#29 = DIRECTION('',(1.,0.,-0.));
#30 = ORIENTED_EDGE('',*,*,#31,.F.);
#31 = EDGE_CURVE('',#32,#24,#34,.T.);
#32 = VERTEX_POINT('',#33);
#33 = CARTESIAN_POINT('',(126.2,-19.,6.8));
#34 = LINE('',#35,#36);
#35 = CARTESIAN_POINT('',(126.2,-19.,6.65));
#36 = VECTOR('',#37,1.);
#37 = DIRECTION('',(0.,0.,1.));
#38 = ORIENTED_EDGE('',*,*,#39,.T.);
#39 = EDGE_CURVE('',#32,#40,#42,.T.);
#40 = VERTEX_POINT('',#41);
#41 = CARTESIAN_POINT('',(124.3,-19.,6.8));
#42 = LINE('',#43,#44);
#43 = CARTESIAN_POINT('',(58.4,-19.,6.8));
#44 = VECTOR('',#45,1.);
#45 = DIRECTION('',(-1.,-0.,0.));
#46 = ORIENTED_EDGE('',*,*,#47,.T.);
#47 = EDGE_CURVE('',#40,#22,#48,.T.);
#48 = LINE('',#49,#50);
#49 = CARTESIAN_POINT('',(124.3,-19.,6.5));
#50 = VECTOR('',#51,1.);
#51 = DIRECTION('',(0.,0.,1.));
#52 = PLANE('',#53);
#53 = AXIS2_PLACEMENT_3D('',#54,#55,#56);
#54 = CARTESIAN_POINT('',(123.,-19.,6.5));
#55 = DIRECTION('',(-0.,1.,0.));
#56 = DIRECTION('',(0.,0.,1.));
#57 = ADVANCED_FACE('',(#58),#83,.F.);
#58 = FACE_BOUND('',#59,.F.);
#59 = EDGE_LOOP('',(#60,#61,#69,#77));
#60 = ORIENTED_EDGE('',*,*,#21,.F.);
#61 = ORIENTED_EDGE('',*,*,#62,.T.);
#62 = EDGE_CURVE('',#22,#63,#65,.T.);
#63 = VERTEX_POINT('',#64);
#64 = CARTESIAN_POINT('',(124.3,-37.,12.));
#65 = LINE('',#66,#67);
#66 = CARTESIAN_POINT('',(124.3,-60.,12.));
#67 = VECTOR('',#68,1.);
#68 = DIRECTION('',(0.,-1.,0.));
#69 = ORIENTED_EDGE('',*,*,#70,.T.);
#70 = EDGE_CURVE('',#63,#71,#73,.T.);
#71 = VERTEX_POINT('',#72);
#72 = CARTESIAN_POINT('',(126.2,-37.,12.));
#73 = LINE('',#74,#75);
#74 = CARTESIAN_POINT('',(123.,-37.,12.));
#75 = VECTOR('',#76,1.);
#76 = DIRECTION('',(1.,0.,-0.));
#77 = ORIENTED_EDGE('',*,*,#78,.F.);
#78 = EDGE_CURVE('',#24,#71,#79,.T.);
#79 = LINE('',#80,#81);
#80 = CARTESIAN_POINT('',(126.2,-60.,12.));
#81 = VECTOR('',#82,1.);
#82 = DIRECTION('',(0.,-1.,0.));
#83 = PLANE('',#84);
#84 = AXIS2_PLACEMENT_3D('',#85,#86,#87);
#85 = CARTESIAN_POINT('',(123.,-37.,12.));
#86 = DIRECTION('',(0.,0.,1.));
#87 = DIRECTION('',(1.,0.,-0.));
#88 = ADVANCED_FACE('',(#89),#114,.T.);
#89 = FACE_BOUND('',#90,.T.);
#90 = EDGE_LOOP('',(#91,#92,#100,#108));
#91 = ORIENTED_EDGE('',*,*,#70,.T.);
#92 = ORIENTED_EDGE('',*,*,#93,.F.);
#93 = EDGE_CURVE('',#94,#71,#96,.T.);
#94 = VERTEX_POINT('',#95);
#95 = CARTESIAN_POINT('',(126.2,-37.,6.8));
#96 = LINE('',#97,#98);
#97 = CARTESIAN_POINT('',(126.2,-37.,6.65));
#98 = VECTOR('',#99,1.);
#99 = DIRECTION('',(0.,0.,1.));
#100 = ORIENTED_EDGE('',*,*,#101,.T.);
#101 = EDGE_CURVE('',#94,#102,#104,.T.);
#102 = VERTEX_POINT('',#103);
#103 = CARTESIAN_POINT('',(124.3,-37.,6.8));
#104 = LINE('',#105,#106);
#105 = CARTESIAN_POINT('',(58.4,-37.,6.8));
#106 = VECTOR('',#107,1.);
#107 = DIRECTION('',(-1.,-0.,0.));
#108 = ORIENTED_EDGE('',*,*,#109,.T.);
#109 = EDGE_CURVE('',#102,#63,#110,.T.);
#110 = LINE('',#111,#112);
#111 = CARTESIAN_POINT('',(124.3,-37.,6.5));
#112 = VECTOR('',#113,1.);
#113 = DIRECTION('',(0.,0.,1.));
#114 = PLANE('',#115);
#115 = AXIS2_PLACEMENT_3D('',#116,#117,#118);
#116 = CARTESIAN_POINT('',(123.,-37.,6.5));
#117 = DIRECTION('',(-0.,1.,0.));
#118 = DIRECTION('',(0.,0.,1.));
#119 = ADVANCED_FACE('',(#120),#163,.F.);
#120 = FACE_BOUND('',#121,.F.);
#121 = EDGE_LOOP('',(#122,#132,#138,#139,#140,#141,#149,#157));
#122 = ORIENTED_EDGE('',*,*,#123,.F.);
#123 = EDGE_CURVE('',#124,#126,#128,.T.);
#124 = VERTEX_POINT('',#125);
#125 = CARTESIAN_POINT('',(124.3,-83.,6.8));
#126 = VERTEX_POINT('',#127);
#127 = CARTESIAN_POINT('',(124.3,-83.,12.5));
#128 = LINE('',#129,#130);
#129 = CARTESIAN_POINT('',(124.3,-83.,6.5));
#130 = VECTOR('',#131,1.);
#131 = DIRECTION('',(0.,0.,1.));
#132 = ORIENTED_EDGE('',*,*,#133,.T.);
#133 = EDGE_CURVE('',#124,#102,#134,.T.);
#134 = LINE('',#135,#136);
#135 = CARTESIAN_POINT('',(124.3,-83.,6.8));
#136 = VECTOR('',#137,1.);
#137 = DIRECTION('',(-0.,1.,0.));
#138 = ORIENTED_EDGE('',*,*,#109,.T.);
#139 = ORIENTED_EDGE('',*,*,#62,.F.);
#140 = ORIENTED_EDGE('',*,*,#47,.F.);
#141 = ORIENTED_EDGE('',*,*,#142,.T.);
#142 = EDGE_CURVE('',#40,#143,#145,.T.);
#143 = VERTEX_POINT('',#144);
#144 = CARTESIAN_POINT('',(124.3,-2.,6.8));
#145 = LINE('',#146,#147);
#146 = CARTESIAN_POINT('',(124.3,-83.,6.8));
#147 = VECTOR('',#148,1.);
#148 = DIRECTION('',(-0.,1.,0.));
#149 = ORIENTED_EDGE('',*,*,#150,.T.);
#150 = EDGE_CURVE('',#143,#151,#153,.T.);
#151 = VERTEX_POINT('',#152);
#152 = CARTESIAN_POINT('',(124.3,-2.,12.5));
#153 = LINE('',#154,#155);
#154 = CARTESIAN_POINT('',(124.3,-2.,6.5));
#155 = VECTOR('',#156,1.);
#156 = DIRECTION('',(0.,0.,1.));
#157 = ORIENTED_EDGE('',*,*,#158,.F.);
#158 = EDGE_CURVE('',#126,#151,#159,.T.);
#159 = LINE('',#160,#161);
#160 = CARTESIAN_POINT('',(124.3,-83.,12.5));
#161 = VECTOR('',#162,1.);
#162 = DIRECTION('',(-0.,1.,0.));
#163 = PLANE('',#164);
#164 = AXIS2_PLACEMENT_3D('',#165,#166,#167);
#165 = CARTESIAN_POINT('',(124.3,-83.,6.5));
#166 = DIRECTION('',(1.,0.,-0.));
#167 = DIRECTION('',(0.,0.,1.));
#168 = ADVANCED_FACE('',(#169),#196,.F.);
#169 = FACE_BOUND('',#170,.F.);
#170 = EDGE_LOOP('',(#171,#180,#188,#195));
#171 = ORIENTED_EDGE('',*,*,#172,.F.);
#172 = EDGE_CURVE('',#173,#126,#175,.T.);
#173 = VERTEX_POINT('',#174);
#174 = CARTESIAN_POINT('',(118.,-89.3,12.5));
#175 = CIRCLE('',#176,6.3);
#176 = AXIS2_PLACEMENT_3D('',#177,#178,#179);
#177 = CARTESIAN_POINT('',(118.,-83.,12.5));
#178 = DIRECTION('',(0.,0.,1.));
#179 = DIRECTION('',(1.,0.,-0.));
#180 = ORIENTED_EDGE('',*,*,#181,.F.);
#181 = EDGE_CURVE('',#182,#173,#184,.T.);
#182 = VERTEX_POINT('',#183);
#183 = CARTESIAN_POINT('',(118.,-89.3,6.8));
#184 = LINE('',#185,#186);
#185 = CARTESIAN_POINT('',(118.,-89.3,6.5));
#186 = VECTOR('',#187,1.);
#187 = DIRECTION('',(0.,0.,1.));
#188 = ORIENTED_EDGE('',*,*,#189,.T.);
#189 = EDGE_CURVE('',#182,#124,#190,.T.);
#190 = CIRCLE('',#191,6.3);
#191 = AXIS2_PLACEMENT_3D('',#192,#193,#194);
#192 = CARTESIAN_POINT('',(118.,-83.,6.8));
#193 = DIRECTION('',(0.,0.,1.));
#194 = DIRECTION('',(1.,0.,-0.));
#195 = ORIENTED_EDGE('',*,*,#123,.T.);
#196 = CYLINDRICAL_SURFACE('',#197,6.3);
#197 = AXIS2_PLACEMENT_3D('',#198,#199,#200);
#198 = CARTESIAN_POINT('',(118.,-83.,6.5));
#199 = DIRECTION('',(0.,0.,1.));
#200 = DIRECTION('',(1.,0.,-0.));
#201 = ADVANCED_FACE('',(#202),#238,.F.);
#202 = FACE_BOUND('',#203,.F.);
#203 = EDGE_LOOP('',(#204,#215,#223,#232));
#204 = ORIENTED_EDGE('',*,*,#205,.F.);
#205 = EDGE_CURVE('',#206,#208,#210,.T.);
#206 = VERTEX_POINT('',#207);
#207 = CARTESIAN_POINT('',(-4.3,-83.,12.5));
#208 = VERTEX_POINT('',#209);
#209 = CARTESIAN_POINT('',(2.,-89.3,12.5));
#210 = CIRCLE('',#211,6.3);
#211 = AXIS2_PLACEMENT_3D('',#212,#213,#214);
#212 = CARTESIAN_POINT('',(2.,-83.,12.5));
#213 = DIRECTION('',(0.,0.,1.));
#214 = DIRECTION('',(1.,0.,-0.));
#215 = ORIENTED_EDGE('',*,*,#216,.F.);
#216 = EDGE_CURVE('',#217,#206,#219,.T.);
#217 = VERTEX_POINT('',#218);
#218 = CARTESIAN_POINT('',(-4.3,-83.,6.8));
#219 = LINE('',#220,#221);
#220 = CARTESIAN_POINT('',(-4.3,-83.,6.5));
#221 = VECTOR('',#222,1.);
#222 = DIRECTION('',(0.,0.,1.));
#223 = ORIENTED_EDGE('',*,*,#224,.T.);
#224 = EDGE_CURVE('',#217,#225,#227,.T.);
#225 = VERTEX_POINT('',#226);
#226 = CARTESIAN_POINT('',(2.,-89.3,6.8));
#227 = CIRCLE('',#228,6.3);
#228 = AXIS2_PLACEMENT_3D('',#229,#230,#231);
#229 = CARTESIAN_POINT('',(2.,-83.,6.8));
#230 = DIRECTION('',(0.,0.,1.));
#231 = DIRECTION('',(1.,0.,-0.));
#232 = ORIENTED_EDGE('',*,*,#233,.T.);
#233 = EDGE_CURVE('',#225,#208,#234,.T.);
#234 = LINE('',#235,#236);
#235 = CARTESIAN_POINT('',(2.,-89.3,6.5));
#236 = VECTOR('',#237,1.);
#237 = DIRECTION('',(0.,0.,1.));
#238 = CYLINDRICAL_SURFACE('',#239,6.3);
#239 = AXIS2_PLACEMENT_3D('',#240,#241,#242);
#240 = CARTESIAN_POINT('',(2.,-83.,6.5));
#241 = DIRECTION('',(0.,0.,1.));
#242 = DIRECTION('',(1.,0.,-0.));
#243 = ADVANCED_FACE('',(#244),#260,.T.);
#244 = FACE_BOUND('',#245,.T.);
#245 = EDGE_LOOP('',(#246,#252,#253,#259));
#246 = ORIENTED_EDGE('',*,*,#247,.T.);
#247 = EDGE_CURVE('',#182,#225,#248,.T.);
#248 = LINE('',#249,#250);
#249 = CARTESIAN_POINT('',(2.,-89.3,6.8));
#250 = VECTOR('',#251,1.);
#251 = DIRECTION('',(-1.,-0.,0.));
#252 = ORIENTED_EDGE('',*,*,#233,.T.);
#253 = ORIENTED_EDGE('',*,*,#254,.F.);
#254 = EDGE_CURVE('',#173,#208,#255,.T.);
#255 = LINE('',#256,#257);
#256 = CARTESIAN_POINT('',(2.,-89.3,12.5));
#257 = VECTOR('',#258,1.);
#258 = DIRECTION('',(-1.,-0.,0.));
#259 = ORIENTED_EDGE('',*,*,#181,.F.);
#260 = PLANE('',#261);
#261 = AXIS2_PLACEMENT_3D('',#262,#263,#264);
#262 = CARTESIAN_POINT('',(2.,-89.3,6.5));
#263 = DIRECTION('',(-0.,1.,0.));
#264 = DIRECTION('',(0.,0.,1.));
#265 = ADVANCED_FACE('',(#266),#323,.T.);
#266 = FACE_BOUND('',#267,.T.);
#267 = EDGE_LOOP('',(#268,#269,#277,#285,#293,#301,#309,#317));
#268 = ORIENTED_EDGE('',*,*,#216,.F.);
#269 = ORIENTED_EDGE('',*,*,#270,.T.);
#270 = EDGE_CURVE('',#217,#271,#273,.T.);
#271 = VERTEX_POINT('',#272);
#272 = CARTESIAN_POINT('',(-4.3,-51.,6.8));
#273 = LINE('',#274,#275);
#274 = CARTESIAN_POINT('',(-4.3,-83.,6.8));
#275 = VECTOR('',#276,1.);
#276 = DIRECTION('',(-0.,1.,0.));
#277 = ORIENTED_EDGE('',*,*,#278,.T.);
#278 = EDGE_CURVE('',#271,#279,#281,.T.);
#279 = VERTEX_POINT('',#280);
#280 = CARTESIAN_POINT('',(-4.3,-51.,9.));
#281 = LINE('',#282,#283);
#282 = CARTESIAN_POINT('',(-4.3,-51.,6.5));
#283 = VECTOR('',#284,1.);
#284 = DIRECTION('',(0.,0.,1.));
#285 = ORIENTED_EDGE('',*,*,#286,.F.);
#286 = EDGE_CURVE('',#287,#279,#289,.T.);
#287 = VERTEX_POINT('',#288);
#288 = CARTESIAN_POINT('',(-4.3,-37.,9.));
#289 = LINE('',#290,#291);
#290 = CARTESIAN_POINT('',(-4.3,-67.,9.));
#291 = VECTOR('',#292,1.);
#292 = DIRECTION('',(0.,-1.,0.));
#293 = ORIENTED_EDGE('',*,*,#294,.F.);
#294 = EDGE_CURVE('',#295,#287,#297,.T.);
#295 = VERTEX_POINT('',#296);
#296 = CARTESIAN_POINT('',(-4.3,-37.,6.8));
#297 = LINE('',#298,#299);
#298 = CARTESIAN_POINT('',(-4.3,-37.,6.5));
#299 = VECTOR('',#300,1.);
#300 = DIRECTION('',(0.,0.,1.));
#301 = ORIENTED_EDGE('',*,*,#302,.T.);
#302 = EDGE_CURVE('',#295,#303,#305,.T.);
#303 = VERTEX_POINT('',#304);
#304 = CARTESIAN_POINT('',(-4.3,-2.,6.8));
#305 = LINE('',#306,#307);
#306 = CARTESIAN_POINT('',(-4.3,-83.,6.8));
#307 = VECTOR('',#308,1.);
#308 = DIRECTION('',(-0.,1.,0.));
#309 = ORIENTED_EDGE('',*,*,#310,.T.);
#310 = EDGE_CURVE('',#303,#311,#313,.T.);
#311 = VERTEX_POINT('',#312);
#312 = CARTESIAN_POINT('',(-4.3,-2.,12.5));
#313 = LINE('',#314,#315);
#314 = CARTESIAN_POINT('',(-4.3,-2.,6.5));
#315 = VECTOR('',#316,1.);
#316 = DIRECTION('',(0.,0.,1.));
#317 = ORIENTED_EDGE('',*,*,#318,.F.);
#318 = EDGE_CURVE('',#206,#311,#319,.T.);
#319 = LINE('',#320,#321);
#320 = CARTESIAN_POINT('',(-4.3,-83.,12.5));
#321 = VECTOR('',#322,1.);
#322 = DIRECTION('',(-0.,1.,0.));
#323 = PLANE('',#324);
#324 = AXIS2_PLACEMENT_3D('',#325,#326,#327);
#325 = CARTESIAN_POINT('',(-4.3,-83.,6.5));
#326 = DIRECTION('',(1.,0.,-0.));
#327 = DIRECTION('',(0.,0.,1.));
#328 = ADVANCED_FACE('',(#329),#354,.F.);
#329 = FACE_BOUND('',#330,.F.);
#330 = EDGE_LOOP('',(#331,#339,#340,#348));
#331 = ORIENTED_EDGE('',*,*,#332,.T.);
#332 = EDGE_CURVE('',#333,#287,#335,.T.);
#333 = VERTEX_POINT('',#334);
#334 = CARTESIAN_POINT('',(-6.2,-37.,9.));
#335 = LINE('',#336,#337);
#336 = CARTESIAN_POINT('',(-7.,-37.,9.));
#337 = VECTOR('',#338,1.);
#338 = DIRECTION('',(1.,0.,-0.));
#339 = ORIENTED_EDGE('',*,*,#294,.F.);
#340 = ORIENTED_EDGE('',*,*,#341,.T.);
#341 = EDGE_CURVE('',#295,#342,#344,.T.);
#342 = VERTEX_POINT('',#343);
#343 = CARTESIAN_POINT('',(-6.2,-37.,6.8));
#344 = LINE('',#345,#346);
#345 = CARTESIAN_POINT('',(-6.6,-37.,6.8));
#346 = VECTOR('',#347,1.);
#347 = DIRECTION('',(-1.,-0.,0.));
#348 = ORIENTED_EDGE('',*,*,#349,.T.);
#349 = EDGE_CURVE('',#342,#333,#350,.T.);
#350 = LINE('',#351,#352);
#351 = CARTESIAN_POINT('',(-6.2,-37.,6.65));
#352 = VECTOR('',#353,1.);
#353 = DIRECTION('',(0.,0.,1.));
#354 = PLANE('',#355);
#355 = AXIS2_PLACEMENT_3D('',#356,#357,#358);
#356 = CARTESIAN_POINT('',(-7.,-37.,6.5));
#357 = DIRECTION('',(-0.,1.,0.));
#358 = DIRECTION('',(0.,0.,1.));
#359 = ADVANCED_FACE('',(#360),#378,.F.);
#360 = FACE_BOUND('',#361,.F.);
#361 = EDGE_LOOP('',(#362,#363,#371,#377));
#362 = ORIENTED_EDGE('',*,*,#332,.F.);
#363 = ORIENTED_EDGE('',*,*,#364,.T.);
#364 = EDGE_CURVE('',#333,#365,#367,.T.);
#365 = VERTEX_POINT('',#366);
#366 = CARTESIAN_POINT('',(-6.2,-51.,9.));
#367 = LINE('',#368,#369);
#368 = CARTESIAN_POINT('',(-6.2,-67.,9.));
#369 = VECTOR('',#370,1.);
#370 = DIRECTION('',(0.,-1.,0.));
#371 = ORIENTED_EDGE('',*,*,#372,.T.);
#372 = EDGE_CURVE('',#365,#279,#373,.T.);
#373 = LINE('',#374,#375);
#374 = CARTESIAN_POINT('',(-7.,-51.,9.));
#375 = VECTOR('',#376,1.);
#376 = DIRECTION('',(1.,0.,-0.));
#377 = ORIENTED_EDGE('',*,*,#286,.F.);
#378 = PLANE('',#379);
#379 = AXIS2_PLACEMENT_3D('',#380,#381,#382);
#380 = CARTESIAN_POINT('',(-7.,-51.,9.));
#381 = DIRECTION('',(0.,0.,1.));
#382 = DIRECTION('',(1.,0.,-0.));
#383 = ADVANCED_FACE('',(#384),#402,.T.);
#384 = FACE_BOUND('',#385,.T.);
#385 = EDGE_LOOP('',(#386,#387,#388,#396));
#386 = ORIENTED_EDGE('',*,*,#372,.T.);
#387 = ORIENTED_EDGE('',*,*,#278,.F.);
#388 = ORIENTED_EDGE('',*,*,#389,.T.);
#389 = EDGE_CURVE('',#271,#390,#392,.T.);
#390 = VERTEX_POINT('',#391);
#391 = CARTESIAN_POINT('',(-6.2,-51.,6.8));
#392 = LINE('',#393,#394);
#393 = CARTESIAN_POINT('',(-6.6,-51.,6.8));
#394 = VECTOR('',#395,1.);
#395 = DIRECTION('',(-1.,-0.,0.));
#396 = ORIENTED_EDGE('',*,*,#397,.T.);
#397 = EDGE_CURVE('',#390,#365,#398,.T.);
#398 = LINE('',#399,#400);
#399 = CARTESIAN_POINT('',(-6.2,-51.,6.65));
#400 = VECTOR('',#401,1.);
#401 = DIRECTION('',(0.,0.,1.));
#402 = PLANE('',#403);
#403 = AXIS2_PLACEMENT_3D('',#404,#405,#406);
#404 = CARTESIAN_POINT('',(-7.,-51.,6.5));
#405 = DIRECTION('',(-0.,1.,0.));
#406 = DIRECTION('',(0.,0.,1.));
#407 = ADVANCED_FACE('',(#408),#435,.F.);
#408 = FACE_BOUND('',#409,.F.);
#409 = EDGE_LOOP('',(#410,#419,#427,#434));
#410 = ORIENTED_EDGE('',*,*,#411,.F.);
#411 = EDGE_CURVE('',#412,#311,#414,.T.);
#412 = VERTEX_POINT('',#413);
#413 = CARTESIAN_POINT('',(2.,4.3,12.5));
#414 = CIRCLE('',#415,6.3);
#415 = AXIS2_PLACEMENT_3D('',#416,#417,#418);
#416 = CARTESIAN_POINT('',(2.,-2.,12.5));
#417 = DIRECTION('',(0.,0.,1.));
#418 = DIRECTION('',(1.,0.,-0.));
#419 = ORIENTED_EDGE('',*,*,#420,.F.);
#420 = EDGE_CURVE('',#421,#412,#423,.T.);
#421 = VERTEX_POINT('',#422);
#422 = CARTESIAN_POINT('',(2.,4.3,6.8));
#423 = LINE('',#424,#425);
#424 = CARTESIAN_POINT('',(2.,4.3,6.5));
#425 = VECTOR('',#426,1.);
#426 = DIRECTION('',(0.,0.,1.));
#427 = ORIENTED_EDGE('',*,*,#428,.T.);
#428 = EDGE_CURVE('',#421,#303,#429,.T.);
#429 = CIRCLE('',#430,6.3);
#430 = AXIS2_PLACEMENT_3D('',#431,#432,#433);
#431 = CARTESIAN_POINT('',(2.,-2.,6.8));
#432 = DIRECTION('',(0.,0.,1.));
#433 = DIRECTION('',(1.,0.,-0.));
#434 = ORIENTED_EDGE('',*,*,#310,.T.);
#435 = CYLINDRICAL_SURFACE('',#436,6.3);
#436 = AXIS2_PLACEMENT_3D('',#437,#438,#439);
#437 = CARTESIAN_POINT('',(2.,-2.,6.5));
#438 = DIRECTION('',(0.,0.,1.));
#439 = DIRECTION('',(1.,0.,-0.));
#440 = ADVANCED_FACE('',(#441),#466,.F.);
#441 = FACE_BOUND('',#442,.F.);
#442 = EDGE_LOOP('',(#443,#451,#452,#460));
#443 = ORIENTED_EDGE('',*,*,#444,.T.);
#444 = EDGE_CURVE('',#445,#421,#447,.T.);
#445 = VERTEX_POINT('',#446);
#446 = CARTESIAN_POINT('',(118.,4.3,6.8));
#447 = LINE('',#448,#449);
#448 = CARTESIAN_POINT('',(2.,4.3,6.8));
#449 = VECTOR('',#450,1.);
#450 = DIRECTION('',(-1.,-0.,0.));
#451 = ORIENTED_EDGE('',*,*,#420,.T.);
#452 = ORIENTED_EDGE('',*,*,#453,.F.);
#453 = EDGE_CURVE('',#454,#412,#456,.T.);
#454 = VERTEX_POINT('',#455);
#455 = CARTESIAN_POINT('',(118.,4.3,12.5));
#456 = LINE('',#457,#458);
#457 = CARTESIAN_POINT('',(2.,4.3,12.5));
#458 = VECTOR('',#459,1.);
#459 = DIRECTION('',(-1.,-0.,0.));
#460 = ORIENTED_EDGE('',*,*,#461,.F.);
#461 = EDGE_CURVE('',#445,#454,#462,.T.);
#462 = LINE('',#463,#464);
#463 = CARTESIAN_POINT('',(118.,4.3,6.5));
#464 = VECTOR('',#465,1.);
#465 = DIRECTION('',(0.,0.,1.));
#466 = PLANE('',#467);
#467 = AXIS2_PLACEMENT_3D('',#468,#469,#470);
#468 = CARTESIAN_POINT('',(2.,4.3,6.5));
#469 = DIRECTION('',(-0.,1.,0.));
#470 = DIRECTION('',(0.,0.,1.));
#471 = ADVANCED_FACE('',(#472),#490,.F.);
#472 = FACE_BOUND('',#473,.F.);
#473 = EDGE_LOOP('',(#474,#481,#482,#489));
#474 = ORIENTED_EDGE('',*,*,#475,.F.);
#475 = EDGE_CURVE('',#151,#454,#476,.T.);
#476 = CIRCLE('',#477,6.3);
#477 = AXIS2_PLACEMENT_3D('',#478,#479,#480);
#478 = CARTESIAN_POINT('',(118.,-2.,12.5));
#479 = DIRECTION('',(0.,0.,1.));
#480 = DIRECTION('',(1.,0.,-0.));
#481 = ORIENTED_EDGE('',*,*,#150,.F.);
#482 = ORIENTED_EDGE('',*,*,#483,.T.);
#483 = EDGE_CURVE('',#143,#445,#484,.T.);
#484 = CIRCLE('',#485,6.3);
#485 = AXIS2_PLACEMENT_3D('',#486,#487,#488);
#486 = CARTESIAN_POINT('',(118.,-2.,6.8));
#487 = DIRECTION('',(0.,0.,1.));
#488 = DIRECTION('',(1.,0.,-0.));
#489 = ORIENTED_EDGE('',*,*,#461,.T.);
#490 = CYLINDRICAL_SURFACE('',#491,6.3);
#491 = AXIS2_PLACEMENT_3D('',#492,#493,#494);
#492 = CARTESIAN_POINT('',(118.,-2.,6.5));
#493 = DIRECTION('',(0.,0.,1.));
#494 = DIRECTION('',(1.,0.,-0.));
#495 = ADVANCED_FACE('',(#496,#506,#540,#574,#608,#642,#676,#741,#806,
    #871,#936,#947,#958,#969),#980,.T.);
#496 = FACE_BOUND('',#497,.T.);
#497 = EDGE_LOOP('',(#498,#499,#500,#501,#502,#503,#504,#505));
#498 = ORIENTED_EDGE('',*,*,#318,.T.);
#499 = ORIENTED_EDGE('',*,*,#411,.F.);
#500 = ORIENTED_EDGE('',*,*,#453,.F.);
#501 = ORIENTED_EDGE('',*,*,#475,.F.);
#502 = ORIENTED_EDGE('',*,*,#158,.F.);
#503 = ORIENTED_EDGE('',*,*,#172,.F.);
#504 = ORIENTED_EDGE('',*,*,#254,.T.);
#505 = ORIENTED_EDGE('',*,*,#205,.F.);
#506 = FACE_BOUND('',#507,.T.);
#507 = EDGE_LOOP('',(#508,#518,#526,#534));
#508 = ORIENTED_EDGE('',*,*,#509,.F.);
#509 = EDGE_CURVE('',#510,#512,#514,.T.);
#510 = VERTEX_POINT('',#511);
#511 = CARTESIAN_POINT('',(73.2,-60.,12.5));
#512 = VERTEX_POINT('',#513);
#513 = CARTESIAN_POINT('',(46.8,-60.,12.5));
#514 = LINE('',#515,#516);
#515 = CARTESIAN_POINT('',(24.4,-60.,12.5));
#516 = VECTOR('',#517,1.);
#517 = DIRECTION('',(-1.,-0.,0.));
#518 = ORIENTED_EDGE('',*,*,#519,.T.);
#519 = EDGE_CURVE('',#510,#520,#522,.T.);
#520 = VERTEX_POINT('',#521);
#521 = CARTESIAN_POINT('',(73.2,-44.,12.5));
#522 = LINE('',#523,#524);
#523 = CARTESIAN_POINT('',(73.2,-75.6,12.5));
#524 = VECTOR('',#525,1.);
#525 = DIRECTION('',(-0.,1.,0.));
#526 = ORIENTED_EDGE('',*,*,#527,.T.);
#527 = EDGE_CURVE('',#520,#528,#530,.T.);
#528 = VERTEX_POINT('',#529);
#529 = CARTESIAN_POINT('',(46.8,-44.,12.5));
#530 = LINE('',#531,#532);
#531 = CARTESIAN_POINT('',(24.4,-44.,12.5));
#532 = VECTOR('',#533,1.);
#533 = DIRECTION('',(-1.,-0.,0.));
#534 = ORIENTED_EDGE('',*,*,#535,.F.);
#535 = EDGE_CURVE('',#512,#528,#536,.T.);
#536 = LINE('',#537,#538);
#537 = CARTESIAN_POINT('',(46.8,-75.6,12.5));
#538 = VECTOR('',#539,1.);
#539 = DIRECTION('',(-0.,1.,0.));
#540 = FACE_BOUND('',#541,.T.);
#541 = EDGE_LOOP('',(#542,#552,#560,#568));
#542 = ORIENTED_EDGE('',*,*,#543,.T.);
#543 = EDGE_CURVE('',#544,#546,#548,.T.);
#544 = VERTEX_POINT('',#545);
#545 = CARTESIAN_POINT('',(45.8,-41.45,12.5));
#546 = VERTEX_POINT('',#547);
#547 = CARTESIAN_POINT('',(74.2,-41.45,12.5));
#548 = LINE('',#549,#550);
#549 = CARTESIAN_POINT('',(45.8,-41.45,12.5));
#550 = VECTOR('',#551,1.);
#551 = DIRECTION('',(1.,0.,-0.));
#552 = ORIENTED_EDGE('',*,*,#553,.T.);
#553 = EDGE_CURVE('',#546,#554,#556,.T.);
#554 = VERTEX_POINT('',#555);
#555 = CARTESIAN_POINT('',(74.2,-40.85,12.5));
#556 = LINE('',#557,#558);
#557 = CARTESIAN_POINT('',(74.2,-41.45,12.5));
#558 = VECTOR('',#559,1.);
#559 = DIRECTION('',(-0.,1.,0.));
#560 = ORIENTED_EDGE('',*,*,#561,.F.);
#561 = EDGE_CURVE('',#562,#554,#564,.T.);
#562 = VERTEX_POINT('',#563);
#563 = CARTESIAN_POINT('',(45.8,-40.85,12.5));
#564 = LINE('',#565,#566);
#565 = CARTESIAN_POINT('',(45.8,-40.85,12.5));
#566 = VECTOR('',#567,1.);
#567 = DIRECTION('',(1.,0.,-0.));
#568 = ORIENTED_EDGE('',*,*,#569,.F.);
#569 = EDGE_CURVE('',#544,#562,#570,.T.);
#570 = LINE('',#571,#572);
#571 = CARTESIAN_POINT('',(45.8,-41.45,12.5));
#572 = VECTOR('',#573,1.);
#573 = DIRECTION('',(-0.,1.,0.));
#574 = FACE_BOUND('',#575,.T.);
#575 = EDGE_LOOP('',(#576,#586,#594,#602));
#576 = ORIENTED_EDGE('',*,*,#577,.T.);
#577 = EDGE_CURVE('',#578,#580,#582,.T.);
#578 = VERTEX_POINT('',#579);
#579 = CARTESIAN_POINT('',(45.8,-69.15,12.5));
#580 = VERTEX_POINT('',#581);
#581 = CARTESIAN_POINT('',(74.2,-69.15,12.5));
#582 = LINE('',#583,#584);
#583 = CARTESIAN_POINT('',(45.8,-69.15,12.5));
#584 = VECTOR('',#585,1.);
#585 = DIRECTION('',(1.,0.,-0.));
#586 = ORIENTED_EDGE('',*,*,#587,.T.);
#587 = EDGE_CURVE('',#580,#588,#590,.T.);
#588 = VERTEX_POINT('',#589);
#589 = CARTESIAN_POINT('',(74.2,-68.55,12.5));
#590 = LINE('',#591,#592);
#591 = CARTESIAN_POINT('',(74.2,-69.15,12.5));
#592 = VECTOR('',#593,1.);
#593 = DIRECTION('',(-0.,1.,0.));
#594 = ORIENTED_EDGE('',*,*,#595,.F.);
#595 = EDGE_CURVE('',#596,#588,#598,.T.);
#596 = VERTEX_POINT('',#597);
#597 = CARTESIAN_POINT('',(45.8,-68.55,12.5));
#598 = LINE('',#599,#600);
#599 = CARTESIAN_POINT('',(45.8,-68.55,12.5));
#600 = VECTOR('',#601,1.);
#601 = DIRECTION('',(1.,0.,-0.));
#602 = ORIENTED_EDGE('',*,*,#603,.F.);
#603 = EDGE_CURVE('',#578,#596,#604,.T.);
#604 = LINE('',#605,#606);
#605 = CARTESIAN_POINT('',(45.8,-69.15,12.5));
#606 = VECTOR('',#607,1.);
#607 = DIRECTION('',(-0.,1.,0.));
#608 = FACE_BOUND('',#609,.T.);
#609 = EDGE_LOOP('',(#610,#620,#628,#636));
#610 = ORIENTED_EDGE('',*,*,#611,.T.);
#611 = EDGE_CURVE('',#612,#614,#616,.T.);
#612 = VERTEX_POINT('',#613);
#613 = CARTESIAN_POINT('',(44.4,-67.75,12.5));
#614 = VERTEX_POINT('',#615);
#615 = CARTESIAN_POINT('',(45.2,-67.75,12.5));
#616 = LINE('',#617,#618);
#617 = CARTESIAN_POINT('',(44.4,-67.75,12.5));
#618 = VECTOR('',#619,1.);
#619 = DIRECTION('',(1.,0.,-0.));
#620 = ORIENTED_EDGE('',*,*,#621,.T.);
#621 = EDGE_CURVE('',#614,#622,#624,.T.);
#622 = VERTEX_POINT('',#623);
#623 = CARTESIAN_POINT('',(45.2,-42.25,12.5));
#624 = LINE('',#625,#626);
#625 = CARTESIAN_POINT('',(45.2,-67.75,12.5));
#626 = VECTOR('',#627,1.);
#627 = DIRECTION('',(-0.,1.,0.));
#628 = ORIENTED_EDGE('',*,*,#629,.F.);
#629 = EDGE_CURVE('',#630,#622,#632,.T.);
#630 = VERTEX_POINT('',#631);
#631 = CARTESIAN_POINT('',(44.4,-42.25,12.5));
#632 = LINE('',#633,#634);
#633 = CARTESIAN_POINT('',(44.4,-42.25,12.5));
#634 = VECTOR('',#635,1.);
#635 = DIRECTION('',(1.,0.,-0.));
#636 = ORIENTED_EDGE('',*,*,#637,.F.);
#637 = EDGE_CURVE('',#612,#630,#638,.T.);
#638 = LINE('',#639,#640);
#639 = CARTESIAN_POINT('',(44.4,-67.75,12.5));
#640 = VECTOR('',#641,1.);
#641 = DIRECTION('',(-0.,1.,0.));
#642 = FACE_BOUND('',#643,.T.);
#643 = EDGE_LOOP('',(#644,#654,#662,#670));
#644 = ORIENTED_EDGE('',*,*,#645,.T.);
#645 = EDGE_CURVE('',#646,#648,#650,.T.);
#646 = VERTEX_POINT('',#647);
#647 = CARTESIAN_POINT('',(74.8,-67.75,12.5));
#648 = VERTEX_POINT('',#649);
#649 = CARTESIAN_POINT('',(75.6,-67.75,12.5));
#650 = LINE('',#651,#652);
#651 = CARTESIAN_POINT('',(74.8,-67.75,12.5));
#652 = VECTOR('',#653,1.);
#653 = DIRECTION('',(1.,0.,-0.));
#654 = ORIENTED_EDGE('',*,*,#655,.T.);
#655 = EDGE_CURVE('',#648,#656,#658,.T.);
#656 = VERTEX_POINT('',#657);
#657 = CARTESIAN_POINT('',(75.6,-42.25,12.5));
#658 = LINE('',#659,#660);
#659 = CARTESIAN_POINT('',(75.6,-67.75,12.5));
#660 = VECTOR('',#661,1.);
#661 = DIRECTION('',(-0.,1.,0.));
#662 = ORIENTED_EDGE('',*,*,#663,.F.);
#663 = EDGE_CURVE('',#664,#656,#666,.T.);
#664 = VERTEX_POINT('',#665);
#665 = CARTESIAN_POINT('',(74.8,-42.25,12.5));
#666 = LINE('',#667,#668);
#667 = CARTESIAN_POINT('',(74.8,-42.25,12.5));
#668 = VECTOR('',#669,1.);
#669 = DIRECTION('',(1.,0.,-0.));
#670 = ORIENTED_EDGE('',*,*,#671,.F.);
#671 = EDGE_CURVE('',#646,#664,#672,.T.);
#672 = LINE('',#673,#674);
#673 = CARTESIAN_POINT('',(74.8,-67.75,12.5));
#674 = VECTOR('',#675,1.);
#675 = DIRECTION('',(-0.,1.,0.));
#676 = FACE_BOUND('',#677,.T.);
#677 = EDGE_LOOP('',(#678,#689,#698,#707,#716,#725,#734));
#678 = ORIENTED_EDGE('',*,*,#679,.T.);
#679 = EDGE_CURVE('',#680,#682,#684,.T.);
#680 = VERTEX_POINT('',#681);
#681 = CARTESIAN_POINT('',(8.341926568713,-77.80192656871,12.5));
#682 = VERTEX_POINT('',#683);
#683 = CARTESIAN_POINT('',(7.198073431287,-76.65807343128,12.5));
#684 = CIRCLE('',#685,4.);
#685 = AXIS2_PLACEMENT_3D('',#686,#687,#688);
#686 = CARTESIAN_POINT('',(5.,-80.,12.5));
#687 = DIRECTION('',(0.,0.,1.));
#688 = DIRECTION('',(1.,0.,-0.));
#689 = ORIENTED_EDGE('',*,*,#690,.T.);
#690 = EDGE_CURVE('',#682,#691,#693,.T.);
#691 = VERTEX_POINT('',#692);
#692 = CARTESIAN_POINT('',(2.,-77.35424868893,12.5));
#693 = CIRCLE('',#694,4.);
#694 = AXIS2_PLACEMENT_3D('',#695,#696,#697);
#695 = CARTESIAN_POINT('',(5.,-80.,12.5));
#696 = DIRECTION('',(0.,0.,1.));
#697 = DIRECTION('',(1.,0.,-0.));
#698 = ORIENTED_EDGE('',*,*,#699,.T.);
#699 = EDGE_CURVE('',#691,#700,#702,.T.);
#700 = VERTEX_POINT('',#701);
#701 = CARTESIAN_POINT('',(2.,-82.64575131106,12.5));
#702 = CIRCLE('',#703,4.);
#703 = AXIS2_PLACEMENT_3D('',#704,#705,#706);
#704 = CARTESIAN_POINT('',(5.,-80.,12.5));
#705 = DIRECTION('',(0.,0.,1.));
#706 = DIRECTION('',(1.,0.,-0.));
#707 = ORIENTED_EDGE('',*,*,#708,.T.);
#708 = EDGE_CURVE('',#700,#709,#711,.T.);
#709 = VERTEX_POINT('',#710);
#710 = CARTESIAN_POINT('',(2.354248688935,-83.,12.5));
#711 = CIRCLE('',#712,4.);
#712 = AXIS2_PLACEMENT_3D('',#713,#714,#715);
#713 = CARTESIAN_POINT('',(5.,-80.,12.5));
#714 = DIRECTION('',(0.,0.,1.));
#715 = DIRECTION('',(1.,0.,-0.));
#716 = ORIENTED_EDGE('',*,*,#717,.T.);
#717 = EDGE_CURVE('',#709,#718,#720,.T.);
#718 = VERTEX_POINT('',#719);
#719 = CARTESIAN_POINT('',(7.645751311064,-83.,12.5));
#720 = CIRCLE('',#721,4.);
#721 = AXIS2_PLACEMENT_3D('',#722,#723,#724);
#722 = CARTESIAN_POINT('',(5.,-80.,12.5));
#723 = DIRECTION('',(0.,0.,1.));
#724 = DIRECTION('',(1.,0.,-0.));
#725 = ORIENTED_EDGE('',*,*,#726,.T.);
#726 = EDGE_CURVE('',#718,#727,#729,.T.);
#727 = VERTEX_POINT('',#728);
#728 = CARTESIAN_POINT('',(9.,-80.,12.5));
#729 = CIRCLE('',#730,4.);
#730 = AXIS2_PLACEMENT_3D('',#731,#732,#733);
#731 = CARTESIAN_POINT('',(5.,-80.,12.5));
#732 = DIRECTION('',(0.,0.,1.));
#733 = DIRECTION('',(1.,0.,-0.));
#734 = ORIENTED_EDGE('',*,*,#735,.T.);
#735 = EDGE_CURVE('',#727,#680,#736,.T.);
#736 = CIRCLE('',#737,4.);
#737 = AXIS2_PLACEMENT_3D('',#738,#739,#740);
#738 = CARTESIAN_POINT('',(5.,-80.,12.5));
#739 = DIRECTION('',(0.,0.,1.));
#740 = DIRECTION('',(1.,0.,-0.));
#741 = FACE_BOUND('',#742,.T.);
#742 = EDGE_LOOP('',(#743,#754,#763,#772,#781,#790,#799));
#743 = ORIENTED_EDGE('',*,*,#744,.T.);
#744 = EDGE_CURVE('',#745,#747,#749,.T.);
#745 = VERTEX_POINT('',#746);
#746 = CARTESIAN_POINT('',(7.198073431287,-8.341926568713,12.5));
#747 = VERTEX_POINT('',#748);
#748 = CARTESIAN_POINT('',(8.341926568713,-7.198073431287,12.5));
#749 = CIRCLE('',#750,4.);
#750 = AXIS2_PLACEMENT_3D('',#751,#752,#753);
#751 = CARTESIAN_POINT('',(5.,-5.,12.5));
#752 = DIRECTION('',(0.,0.,1.));
#753 = DIRECTION('',(1.,0.,-0.));
#754 = ORIENTED_EDGE('',*,*,#755,.T.);
#755 = EDGE_CURVE('',#747,#756,#758,.T.);
#756 = VERTEX_POINT('',#757);
#757 = CARTESIAN_POINT('',(9.,-5.,12.5));
#758 = CIRCLE('',#759,4.);
#759 = AXIS2_PLACEMENT_3D('',#760,#761,#762);
#760 = CARTESIAN_POINT('',(5.,-5.,12.5));
#761 = DIRECTION('',(0.,0.,1.));
#762 = DIRECTION('',(1.,0.,-0.));
#763 = ORIENTED_EDGE('',*,*,#764,.T.);
#764 = EDGE_CURVE('',#756,#765,#767,.T.);
#765 = VERTEX_POINT('',#766);
#766 = CARTESIAN_POINT('',(7.645751311064,-2.,12.5));
#767 = CIRCLE('',#768,4.);
#768 = AXIS2_PLACEMENT_3D('',#769,#770,#771);
#769 = CARTESIAN_POINT('',(5.,-5.,12.5));
#770 = DIRECTION('',(0.,0.,1.));
#771 = DIRECTION('',(1.,0.,-0.));
#772 = ORIENTED_EDGE('',*,*,#773,.T.);
#773 = EDGE_CURVE('',#765,#774,#776,.T.);
#774 = VERTEX_POINT('',#775);
#775 = CARTESIAN_POINT('',(2.354248688935,-2.,12.5));
#776 = CIRCLE('',#777,4.);
#777 = AXIS2_PLACEMENT_3D('',#778,#779,#780);
#778 = CARTESIAN_POINT('',(5.,-5.,12.5));
#779 = DIRECTION('',(0.,0.,1.));
#780 = DIRECTION('',(1.,0.,-0.));
#781 = ORIENTED_EDGE('',*,*,#782,.T.);
#782 = EDGE_CURVE('',#774,#783,#785,.T.);
#783 = VERTEX_POINT('',#784);
#784 = CARTESIAN_POINT('',(2.,-2.354248688935,12.5));
#785 = CIRCLE('',#786,4.);
#786 = AXIS2_PLACEMENT_3D('',#787,#788,#789);
#787 = CARTESIAN_POINT('',(5.,-5.,12.5));
#788 = DIRECTION('',(0.,0.,1.));
#789 = DIRECTION('',(1.,0.,-0.));
#790 = ORIENTED_EDGE('',*,*,#791,.T.);
#791 = EDGE_CURVE('',#783,#792,#794,.T.);
#792 = VERTEX_POINT('',#793);
#793 = CARTESIAN_POINT('',(2.,-7.645751311065,12.5));
#794 = CIRCLE('',#795,4.);
#795 = AXIS2_PLACEMENT_3D('',#796,#797,#798);
#796 = CARTESIAN_POINT('',(5.,-5.,12.5));
#797 = DIRECTION('',(0.,0.,1.));
#798 = DIRECTION('',(1.,0.,-0.));
#799 = ORIENTED_EDGE('',*,*,#800,.T.);
#800 = EDGE_CURVE('',#792,#745,#801,.T.);
#801 = CIRCLE('',#802,4.);
#802 = AXIS2_PLACEMENT_3D('',#803,#804,#805);
#803 = CARTESIAN_POINT('',(5.,-5.,12.5));
#804 = DIRECTION('',(0.,0.,1.));
#805 = DIRECTION('',(1.,0.,-0.));
#806 = FACE_BOUND('',#807,.T.);
#807 = EDGE_LOOP('',(#808,#819,#828,#837,#846,#855,#864));
#808 = ORIENTED_EDGE('',*,*,#809,.T.);
#809 = EDGE_CURVE('',#810,#812,#814,.T.);
#810 = VERTEX_POINT('',#811);
#811 = CARTESIAN_POINT('',(112.80192656871,-76.65807343128,12.5));
#812 = VERTEX_POINT('',#813);
#813 = CARTESIAN_POINT('',(111.65807343128,-77.80192656871,12.5));
#814 = CIRCLE('',#815,4.);
#815 = AXIS2_PLACEMENT_3D('',#816,#817,#818);
#816 = CARTESIAN_POINT('',(115.,-80.,12.5));
#817 = DIRECTION('',(0.,0.,1.));
#818 = DIRECTION('',(1.,0.,-0.));
#819 = ORIENTED_EDGE('',*,*,#820,.T.);
#820 = EDGE_CURVE('',#812,#821,#823,.T.);
#821 = VERTEX_POINT('',#822);
#822 = CARTESIAN_POINT('',(112.35424868893,-83.,12.5));
#823 = CIRCLE('',#824,4.);
#824 = AXIS2_PLACEMENT_3D('',#825,#826,#827);
#825 = CARTESIAN_POINT('',(115.,-80.,12.5));
#826 = DIRECTION('',(0.,0.,1.));
#827 = DIRECTION('',(1.,0.,-0.));
#828 = ORIENTED_EDGE('',*,*,#829,.T.);
#829 = EDGE_CURVE('',#821,#830,#832,.T.);
#830 = VERTEX_POINT('',#831);
#831 = CARTESIAN_POINT('',(117.64575131106,-83.,12.5));
#832 = CIRCLE('',#833,4.);
#833 = AXIS2_PLACEMENT_3D('',#834,#835,#836);
#834 = CARTESIAN_POINT('',(115.,-80.,12.5));
#835 = DIRECTION('',(0.,0.,1.));
#836 = DIRECTION('',(1.,0.,-0.));
#837 = ORIENTED_EDGE('',*,*,#838,.T.);
#838 = EDGE_CURVE('',#830,#839,#841,.T.);
#839 = VERTEX_POINT('',#840);
#840 = CARTESIAN_POINT('',(118.,-82.64575131106,12.5));
#841 = CIRCLE('',#842,4.);
#842 = AXIS2_PLACEMENT_3D('',#843,#844,#845);
#843 = CARTESIAN_POINT('',(115.,-80.,12.5));
#844 = DIRECTION('',(0.,0.,1.));
#845 = DIRECTION('',(1.,0.,-0.));
#846 = ORIENTED_EDGE('',*,*,#847,.T.);
#847 = EDGE_CURVE('',#839,#848,#850,.T.);
#848 = VERTEX_POINT('',#849);
#849 = CARTESIAN_POINT('',(119.,-80.,12.5));
#850 = CIRCLE('',#851,4.);
#851 = AXIS2_PLACEMENT_3D('',#852,#853,#854);
#852 = CARTESIAN_POINT('',(115.,-80.,12.5));
#853 = DIRECTION('',(0.,0.,1.));
#854 = DIRECTION('',(1.,0.,-0.));
#855 = ORIENTED_EDGE('',*,*,#856,.T.);
#856 = EDGE_CURVE('',#848,#857,#859,.T.);
#857 = VERTEX_POINT('',#858);
#858 = CARTESIAN_POINT('',(118.,-77.35424868893,12.5));
#859 = CIRCLE('',#860,4.);
#860 = AXIS2_PLACEMENT_3D('',#861,#862,#863);
#861 = CARTESIAN_POINT('',(115.,-80.,12.5));
#862 = DIRECTION('',(0.,0.,1.));
#863 = DIRECTION('',(1.,0.,-0.));
#864 = ORIENTED_EDGE('',*,*,#865,.T.);
#865 = EDGE_CURVE('',#857,#810,#866,.T.);
#866 = CIRCLE('',#867,4.);
#867 = AXIS2_PLACEMENT_3D('',#868,#869,#870);
#868 = CARTESIAN_POINT('',(115.,-80.,12.5));
#869 = DIRECTION('',(0.,0.,1.));
#870 = DIRECTION('',(1.,0.,-0.));
#871 = FACE_BOUND('',#872,.T.);
#872 = EDGE_LOOP('',(#873,#884,#893,#902,#911,#920,#929));
#873 = ORIENTED_EDGE('',*,*,#874,.T.);
#874 = EDGE_CURVE('',#875,#877,#879,.T.);
#875 = VERTEX_POINT('',#876);
#876 = CARTESIAN_POINT('',(111.65807343128,-7.198073431287,12.5));
#877 = VERTEX_POINT('',#878);
#878 = CARTESIAN_POINT('',(112.80192656871,-8.341926568713,12.5));
#879 = CIRCLE('',#880,4.);
#880 = AXIS2_PLACEMENT_3D('',#881,#882,#883);
#881 = CARTESIAN_POINT('',(115.,-5.,12.5));
#882 = DIRECTION('',(0.,0.,1.));
#883 = DIRECTION('',(1.,0.,-0.));
#884 = ORIENTED_EDGE('',*,*,#885,.T.);
#885 = EDGE_CURVE('',#877,#886,#888,.T.);
#886 = VERTEX_POINT('',#887);
#887 = CARTESIAN_POINT('',(118.,-7.645751311065,12.5));
#888 = CIRCLE('',#889,4.);
#889 = AXIS2_PLACEMENT_3D('',#890,#891,#892);
#890 = CARTESIAN_POINT('',(115.,-5.,12.5));
#891 = DIRECTION('',(0.,0.,1.));
#892 = DIRECTION('',(1.,0.,-0.));
#893 = ORIENTED_EDGE('',*,*,#894,.T.);
#894 = EDGE_CURVE('',#886,#895,#897,.T.);
#895 = VERTEX_POINT('',#896);
#896 = CARTESIAN_POINT('',(119.,-5.,12.5));
#897 = CIRCLE('',#898,4.);
#898 = AXIS2_PLACEMENT_3D('',#899,#900,#901);
#899 = CARTESIAN_POINT('',(115.,-5.,12.5));
#900 = DIRECTION('',(0.,0.,1.));
#901 = DIRECTION('',(1.,0.,-0.));
#902 = ORIENTED_EDGE('',*,*,#903,.T.);
#903 = EDGE_CURVE('',#895,#904,#906,.T.);
#904 = VERTEX_POINT('',#905);
#905 = CARTESIAN_POINT('',(118.,-2.354248688935,12.5));
#906 = CIRCLE('',#907,4.);
#907 = AXIS2_PLACEMENT_3D('',#908,#909,#910);
#908 = CARTESIAN_POINT('',(115.,-5.,12.5));
#909 = DIRECTION('',(0.,0.,1.));
#910 = DIRECTION('',(1.,0.,-0.));
#911 = ORIENTED_EDGE('',*,*,#912,.T.);
#912 = EDGE_CURVE('',#904,#913,#915,.T.);
#913 = VERTEX_POINT('',#914);
#914 = CARTESIAN_POINT('',(117.64575131106,-2.,12.5));
#915 = CIRCLE('',#916,4.);
#916 = AXIS2_PLACEMENT_3D('',#917,#918,#919);
#917 = CARTESIAN_POINT('',(115.,-5.,12.5));
#918 = DIRECTION('',(0.,0.,1.));
#919 = DIRECTION('',(1.,0.,-0.));
#920 = ORIENTED_EDGE('',*,*,#921,.T.);
#921 = EDGE_CURVE('',#913,#922,#924,.T.);
#922 = VERTEX_POINT('',#923);
#923 = CARTESIAN_POINT('',(112.35424868893,-2.,12.5));
#924 = CIRCLE('',#925,4.);
#925 = AXIS2_PLACEMENT_3D('',#926,#927,#928);
#926 = CARTESIAN_POINT('',(115.,-5.,12.5));
#927 = DIRECTION('',(0.,0.,1.));
#928 = DIRECTION('',(1.,0.,-0.));
#929 = ORIENTED_EDGE('',*,*,#930,.T.);
#930 = EDGE_CURVE('',#922,#875,#931,.T.);
#931 = CIRCLE('',#932,4.);
#932 = AXIS2_PLACEMENT_3D('',#933,#934,#935);
#933 = CARTESIAN_POINT('',(115.,-5.,12.5));
#934 = DIRECTION('',(0.,0.,1.));
#935 = DIRECTION('',(1.,0.,-0.));
#936 = FACE_BOUND('',#937,.T.);
#937 = EDGE_LOOP('',(#938));
#938 = ORIENTED_EDGE('',*,*,#939,.T.);
#939 = EDGE_CURVE('',#940,#940,#942,.T.);
#940 = VERTEX_POINT('',#941);
#941 = CARTESIAN_POINT('',(84.6,-80.,12.5));
#942 = CIRCLE('',#943,2.6);
#943 = AXIS2_PLACEMENT_3D('',#944,#945,#946);
#944 = CARTESIAN_POINT('',(82.,-80.,12.5));
#945 = DIRECTION('',(0.,0.,1.));
#946 = DIRECTION('',(1.,0.,-0.));
#947 = FACE_BOUND('',#948,.T.);
#948 = EDGE_LOOP('',(#949));
#949 = ORIENTED_EDGE('',*,*,#950,.T.);
#950 = EDGE_CURVE('',#951,#951,#953,.T.);
#951 = VERTEX_POINT('',#952);
#952 = CARTESIAN_POINT('',(95.6,-80.,12.5));
#953 = CIRCLE('',#954,2.6);
#954 = AXIS2_PLACEMENT_3D('',#955,#956,#957);
#955 = CARTESIAN_POINT('',(93.,-80.,12.5));
#956 = DIRECTION('',(0.,0.,1.));
#957 = DIRECTION('',(1.,0.,-0.));
#958 = FACE_BOUND('',#959,.T.);
#959 = EDGE_LOOP('',(#960));
#960 = ORIENTED_EDGE('',*,*,#961,.T.);
#961 = EDGE_CURVE('',#962,#962,#964,.T.);
#962 = VERTEX_POINT('',#963);
#963 = CARTESIAN_POINT('',(106.6,-80.,12.5));
#964 = CIRCLE('',#965,2.6);
#965 = AXIS2_PLACEMENT_3D('',#966,#967,#968);
#966 = CARTESIAN_POINT('',(104.,-80.,12.5));
#967 = DIRECTION('',(0.,0.,1.));
#968 = DIRECTION('',(1.,0.,-0.));
#969 = FACE_BOUND('',#970,.T.);
#970 = EDGE_LOOP('',(#971));
#971 = ORIENTED_EDGE('',*,*,#972,.T.);
#972 = EDGE_CURVE('',#973,#973,#975,.T.);
#973 = VERTEX_POINT('',#974);
#974 = CARTESIAN_POINT('',(72.7,-76.,12.5));
#975 = CIRCLE('',#976,1.7);
#976 = AXIS2_PLACEMENT_3D('',#977,#978,#979);
#977 = CARTESIAN_POINT('',(71.,-76.,12.5));
#978 = DIRECTION('',(0.,0.,1.));
#979 = DIRECTION('',(1.,0.,-0.));
#980 = PLANE('',#981);
#981 = AXIS2_PLACEMENT_3D('',#982,#983,#984);
#982 = CARTESIAN_POINT('',(60.,-42.5,12.5));
#983 = DIRECTION('',(-0.,-0.,-1.));
#984 = DIRECTION('',(-1.,0.,0.));
#985 = ADVANCED_FACE('',(#986),#1011,.T.);
#986 = FACE_BOUND('',#987,.T.);
#987 = EDGE_LOOP('',(#988,#996,#997,#1005));
#988 = ORIENTED_EDGE('',*,*,#989,.F.);
#989 = EDGE_CURVE('',#510,#990,#992,.T.);
#990 = VERTEX_POINT('',#991);
#991 = CARTESIAN_POINT('',(73.2,-60.,15.5));
#992 = LINE('',#993,#994);
#993 = CARTESIAN_POINT('',(73.2,-60.,12.));
#994 = VECTOR('',#995,1.);
#995 = DIRECTION('',(0.,0.,1.));
#996 = ORIENTED_EDGE('',*,*,#509,.T.);
#997 = ORIENTED_EDGE('',*,*,#998,.T.);
#998 = EDGE_CURVE('',#512,#999,#1001,.T.);
#999 = VERTEX_POINT('',#1000);
#1000 = CARTESIAN_POINT('',(46.8,-60.,15.5));
#1001 = LINE('',#1002,#1003);
#1002 = CARTESIAN_POINT('',(46.8,-60.,12.));
#1003 = VECTOR('',#1004,1.);
#1004 = DIRECTION('',(0.,0.,1.));
#1005 = ORIENTED_EDGE('',*,*,#1006,.F.);
#1006 = EDGE_CURVE('',#990,#999,#1007,.T.);
#1007 = LINE('',#1008,#1009);
#1008 = CARTESIAN_POINT('',(24.4,-60.,15.5));
#1009 = VECTOR('',#1010,1.);
#1010 = DIRECTION('',(-1.,-0.,0.));
#1011 = PLANE('',#1012);
#1012 = AXIS2_PLACEMENT_3D('',#1013,#1014,#1015);
#1013 = CARTESIAN_POINT('',(46.8,-60.,12.));
#1014 = DIRECTION('',(-0.,1.,0.));
#1015 = DIRECTION('',(0.,0.,1.));
#1016 = ADVANCED_FACE('',(#1017),#1035,.F.);
#1017 = FACE_BOUND('',#1018,.F.);
#1018 = EDGE_LOOP('',(#1019,#1020,#1021,#1029));
#1019 = ORIENTED_EDGE('',*,*,#989,.F.);
#1020 = ORIENTED_EDGE('',*,*,#519,.T.);
#1021 = ORIENTED_EDGE('',*,*,#1022,.T.);
#1022 = EDGE_CURVE('',#520,#1023,#1025,.T.);
#1023 = VERTEX_POINT('',#1024);
#1024 = CARTESIAN_POINT('',(73.2,-44.,15.5));
#1025 = LINE('',#1026,#1027);
#1026 = CARTESIAN_POINT('',(73.2,-44.,12.));
#1027 = VECTOR('',#1028,1.);
#1028 = DIRECTION('',(0.,0.,1.));
#1029 = ORIENTED_EDGE('',*,*,#1030,.F.);
#1030 = EDGE_CURVE('',#990,#1023,#1031,.T.);
#1031 = LINE('',#1032,#1033);
#1032 = CARTESIAN_POINT('',(73.2,-75.6,15.5));
#1033 = VECTOR('',#1034,1.);
#1034 = DIRECTION('',(-0.,1.,0.));
#1035 = PLANE('',#1036);
#1036 = AXIS2_PLACEMENT_3D('',#1037,#1038,#1039);
#1037 = CARTESIAN_POINT('',(73.2,-60.,12.));
#1038 = DIRECTION('',(1.,0.,-0.));
#1039 = DIRECTION('',(0.,0.,1.));
#1040 = ADVANCED_FACE('',(#1041),#1059,.T.);
#1041 = FACE_BOUND('',#1042,.T.);
#1042 = EDGE_LOOP('',(#1043,#1044,#1045,#1053));
#1043 = ORIENTED_EDGE('',*,*,#998,.F.);
#1044 = ORIENTED_EDGE('',*,*,#535,.T.);
#1045 = ORIENTED_EDGE('',*,*,#1046,.T.);
#1046 = EDGE_CURVE('',#528,#1047,#1049,.T.);
#1047 = VERTEX_POINT('',#1048);
#1048 = CARTESIAN_POINT('',(46.8,-44.,15.5));
#1049 = LINE('',#1050,#1051);
#1050 = CARTESIAN_POINT('',(46.8,-44.,12.));
#1051 = VECTOR('',#1052,1.);
#1052 = DIRECTION('',(0.,0.,1.));
#1053 = ORIENTED_EDGE('',*,*,#1054,.F.);
#1054 = EDGE_CURVE('',#999,#1047,#1055,.T.);
#1055 = LINE('',#1056,#1057);
#1056 = CARTESIAN_POINT('',(46.8,-75.6,15.5));
#1057 = VECTOR('',#1058,1.);
#1058 = DIRECTION('',(-0.,1.,0.));
#1059 = PLANE('',#1060);
#1060 = AXIS2_PLACEMENT_3D('',#1061,#1062,#1063);
#1061 = CARTESIAN_POINT('',(46.8,-60.,12.));
#1062 = DIRECTION('',(1.,0.,-0.));
#1063 = DIRECTION('',(0.,0.,1.));
#1064 = ADVANCED_FACE('',(#1065),#1076,.F.);
#1065 = FACE_BOUND('',#1066,.F.);
#1066 = EDGE_LOOP('',(#1067,#1068,#1069,#1070));
#1067 = ORIENTED_EDGE('',*,*,#1022,.F.);
#1068 = ORIENTED_EDGE('',*,*,#527,.T.);
#1069 = ORIENTED_EDGE('',*,*,#1046,.T.);
#1070 = ORIENTED_EDGE('',*,*,#1071,.F.);
#1071 = EDGE_CURVE('',#1023,#1047,#1072,.T.);
#1072 = LINE('',#1073,#1074);
#1073 = CARTESIAN_POINT('',(24.4,-44.,15.5));
#1074 = VECTOR('',#1075,1.);
#1075 = DIRECTION('',(-1.,-0.,0.));
#1076 = PLANE('',#1077);
#1077 = AXIS2_PLACEMENT_3D('',#1078,#1079,#1080);
#1078 = CARTESIAN_POINT('',(46.8,-44.,12.));
#1079 = DIRECTION('',(-0.,1.,0.));
#1080 = DIRECTION('',(0.,0.,1.));
#1081 = ADVANCED_FACE('',(#1082,#1152,#1158,#1205,#1252,#1299,#1346,
    #1357,#1368,#1379),#1390,.T.);
#1082 = FACE_BOUND('',#1083,.T.);
#1083 = EDGE_LOOP('',(#1084,#1095,#1103,#1112,#1120,#1129,#1137,#1146));
#1084 = ORIENTED_EDGE('',*,*,#1085,.T.);
#1085 = EDGE_CURVE('',#1086,#1088,#1090,.T.);
#1086 = VERTEX_POINT('',#1087);
#1087 = CARTESIAN_POINT('',(-6.2,-83.,15.5));
#1088 = VERTEX_POINT('',#1089);
#1089 = CARTESIAN_POINT('',(2.,-91.2,15.5));
#1090 = CIRCLE('',#1091,8.2);
#1091 = AXIS2_PLACEMENT_3D('',#1092,#1093,#1094);
#1092 = CARTESIAN_POINT('',(2.,-83.,15.5));
#1093 = DIRECTION('',(0.,0.,1.));
#1094 = DIRECTION('',(1.,0.,-0.));
#1095 = ORIENTED_EDGE('',*,*,#1096,.T.);
#1096 = EDGE_CURVE('',#1088,#1097,#1099,.T.);
#1097 = VERTEX_POINT('',#1098);
#1098 = CARTESIAN_POINT('',(118.,-91.2,15.5));
#1099 = LINE('',#1100,#1101);
#1100 = CARTESIAN_POINT('',(2.,-91.2,15.5));
#1101 = VECTOR('',#1102,1.);
#1102 = DIRECTION('',(1.,0.,-0.));
#1103 = ORIENTED_EDGE('',*,*,#1104,.T.);
#1104 = EDGE_CURVE('',#1097,#1105,#1107,.T.);
#1105 = VERTEX_POINT('',#1106);
#1106 = CARTESIAN_POINT('',(126.2,-83.,15.5));
#1107 = CIRCLE('',#1108,8.2);
#1108 = AXIS2_PLACEMENT_3D('',#1109,#1110,#1111);
#1109 = CARTESIAN_POINT('',(118.,-83.,15.5));
#1110 = DIRECTION('',(0.,0.,1.));
#1111 = DIRECTION('',(1.,0.,-0.));
#1112 = ORIENTED_EDGE('',*,*,#1113,.T.);
#1113 = EDGE_CURVE('',#1105,#1114,#1116,.T.);
#1114 = VERTEX_POINT('',#1115);
#1115 = CARTESIAN_POINT('',(126.2,-2.,15.5));
#1116 = LINE('',#1117,#1118);
#1117 = CARTESIAN_POINT('',(126.2,-83.,15.5));
#1118 = VECTOR('',#1119,1.);
#1119 = DIRECTION('',(-0.,1.,0.));
#1120 = ORIENTED_EDGE('',*,*,#1121,.T.);
#1121 = EDGE_CURVE('',#1114,#1122,#1124,.T.);
#1122 = VERTEX_POINT('',#1123);
#1123 = CARTESIAN_POINT('',(118.,6.2,15.5));
#1124 = CIRCLE('',#1125,8.2);
#1125 = AXIS2_PLACEMENT_3D('',#1126,#1127,#1128);
#1126 = CARTESIAN_POINT('',(118.,-2.,15.5));
#1127 = DIRECTION('',(0.,0.,1.));
#1128 = DIRECTION('',(1.,0.,-0.));
#1129 = ORIENTED_EDGE('',*,*,#1130,.F.);
#1130 = EDGE_CURVE('',#1131,#1122,#1133,.T.);
#1131 = VERTEX_POINT('',#1132);
#1132 = CARTESIAN_POINT('',(2.,6.2,15.5));
#1133 = LINE('',#1134,#1135);
#1134 = CARTESIAN_POINT('',(2.,6.2,15.5));
#1135 = VECTOR('',#1136,1.);
#1136 = DIRECTION('',(1.,0.,-0.));
#1137 = ORIENTED_EDGE('',*,*,#1138,.T.);
#1138 = EDGE_CURVE('',#1131,#1139,#1141,.T.);
#1139 = VERTEX_POINT('',#1140);
#1140 = CARTESIAN_POINT('',(-6.2,-2.,15.5));
#1141 = CIRCLE('',#1142,8.2);
#1142 = AXIS2_PLACEMENT_3D('',#1143,#1144,#1145);
#1143 = CARTESIAN_POINT('',(2.,-2.,15.5));
#1144 = DIRECTION('',(0.,0.,1.));
#1145 = DIRECTION('',(1.,0.,-0.));
#1146 = ORIENTED_EDGE('',*,*,#1147,.F.);
#1147 = EDGE_CURVE('',#1086,#1139,#1148,.T.);
#1148 = LINE('',#1149,#1150);
#1149 = CARTESIAN_POINT('',(-6.2,-83.,15.5));
#1150 = VECTOR('',#1151,1.);
#1151 = DIRECTION('',(-0.,1.,0.));
#1152 = FACE_BOUND('',#1153,.T.);
#1153 = EDGE_LOOP('',(#1154,#1155,#1156,#1157));
#1154 = ORIENTED_EDGE('',*,*,#1006,.T.);
#1155 = ORIENTED_EDGE('',*,*,#1054,.T.);
#1156 = ORIENTED_EDGE('',*,*,#1071,.F.);
#1157 = ORIENTED_EDGE('',*,*,#1030,.F.);
#1158 = FACE_BOUND('',#1159,.T.);
#1159 = EDGE_LOOP('',(#1160,#1171,#1180,#1189,#1198));
#1160 = ORIENTED_EDGE('',*,*,#1161,.F.);
#1161 = EDGE_CURVE('',#1162,#1164,#1166,.T.);
#1162 = VERTEX_POINT('',#1163);
#1163 = CARTESIAN_POINT('',(2.,-4.218975032409,15.5));
#1164 = VERTEX_POINT('',#1165);
#1165 = CARTESIAN_POINT('',(2.,-5.781024967591,15.5));
#1166 = CIRCLE('',#1167,3.1);
#1167 = AXIS2_PLACEMENT_3D('',#1168,#1169,#1170);
#1168 = CARTESIAN_POINT('',(5.,-5.,15.5));
#1169 = DIRECTION('',(0.,0.,1.));
#1170 = DIRECTION('',(1.,0.,-0.));
#1171 = ORIENTED_EDGE('',*,*,#1172,.F.);
#1172 = EDGE_CURVE('',#1173,#1162,#1175,.T.);
#1173 = VERTEX_POINT('',#1174);
#1174 = CARTESIAN_POINT('',(4.218975032409,-2.,15.5));
#1175 = CIRCLE('',#1176,3.1);
#1176 = AXIS2_PLACEMENT_3D('',#1177,#1178,#1179);
#1177 = CARTESIAN_POINT('',(5.,-5.,15.5));
#1178 = DIRECTION('',(0.,0.,1.));
#1179 = DIRECTION('',(1.,0.,-0.));
#1180 = ORIENTED_EDGE('',*,*,#1181,.F.);
#1181 = EDGE_CURVE('',#1182,#1173,#1184,.T.);
#1182 = VERTEX_POINT('',#1183);
#1183 = CARTESIAN_POINT('',(5.781024967591,-2.,15.5));
#1184 = CIRCLE('',#1185,3.1);
#1185 = AXIS2_PLACEMENT_3D('',#1186,#1187,#1188);
#1186 = CARTESIAN_POINT('',(5.,-5.,15.5));
#1187 = DIRECTION('',(0.,0.,1.));
#1188 = DIRECTION('',(1.,0.,-0.));
#1189 = ORIENTED_EDGE('',*,*,#1190,.F.);
#1190 = EDGE_CURVE('',#1191,#1182,#1193,.T.);
#1191 = VERTEX_POINT('',#1192);
#1192 = CARTESIAN_POINT('',(8.1,-5.,15.5));
#1193 = CIRCLE('',#1194,3.1);
#1194 = AXIS2_PLACEMENT_3D('',#1195,#1196,#1197);
#1195 = CARTESIAN_POINT('',(5.,-5.,15.5));
#1196 = DIRECTION('',(0.,0.,1.));
#1197 = DIRECTION('',(1.,0.,-0.));
#1198 = ORIENTED_EDGE('',*,*,#1199,.F.);
#1199 = EDGE_CURVE('',#1164,#1191,#1200,.T.);
#1200 = CIRCLE('',#1201,3.1);
#1201 = AXIS2_PLACEMENT_3D('',#1202,#1203,#1204);
#1202 = CARTESIAN_POINT('',(5.,-5.,15.5));
#1203 = DIRECTION('',(0.,0.,1.));
#1204 = DIRECTION('',(1.,0.,-0.));
#1205 = FACE_BOUND('',#1206,.T.);
#1206 = EDGE_LOOP('',(#1207,#1218,#1227,#1236,#1245));
#1207 = ORIENTED_EDGE('',*,*,#1208,.F.);
#1208 = EDGE_CURVE('',#1209,#1211,#1213,.T.);
#1209 = VERTEX_POINT('',#1210);
#1210 = CARTESIAN_POINT('',(4.218975032409,-83.,15.5));
#1211 = VERTEX_POINT('',#1212);
#1212 = CARTESIAN_POINT('',(5.781024967591,-83.,15.5));
#1213 = CIRCLE('',#1214,3.1);
#1214 = AXIS2_PLACEMENT_3D('',#1215,#1216,#1217);
#1215 = CARTESIAN_POINT('',(5.,-80.,15.5));
#1216 = DIRECTION('',(0.,0.,1.));
#1217 = DIRECTION('',(1.,0.,-0.));
#1218 = ORIENTED_EDGE('',*,*,#1219,.F.);
#1219 = EDGE_CURVE('',#1220,#1209,#1222,.T.);
#1220 = VERTEX_POINT('',#1221);
#1221 = CARTESIAN_POINT('',(2.,-80.78102496759,15.5));
#1222 = CIRCLE('',#1223,3.1);
#1223 = AXIS2_PLACEMENT_3D('',#1224,#1225,#1226);
#1224 = CARTESIAN_POINT('',(5.,-80.,15.5));
#1225 = DIRECTION('',(0.,0.,1.));
#1226 = DIRECTION('',(1.,0.,-0.));
#1227 = ORIENTED_EDGE('',*,*,#1228,.F.);
#1228 = EDGE_CURVE('',#1229,#1220,#1231,.T.);
#1229 = VERTEX_POINT('',#1230);
#1230 = CARTESIAN_POINT('',(2.,-79.21897503241,15.5));
#1231 = CIRCLE('',#1232,3.1);
#1232 = AXIS2_PLACEMENT_3D('',#1233,#1234,#1235);
#1233 = CARTESIAN_POINT('',(5.,-80.,15.5));
#1234 = DIRECTION('',(0.,0.,1.));
#1235 = DIRECTION('',(1.,0.,-0.));
#1236 = ORIENTED_EDGE('',*,*,#1237,.F.);
#1237 = EDGE_CURVE('',#1238,#1229,#1240,.T.);
#1238 = VERTEX_POINT('',#1239);
#1239 = CARTESIAN_POINT('',(8.1,-80.,15.5));
#1240 = CIRCLE('',#1241,3.1);
#1241 = AXIS2_PLACEMENT_3D('',#1242,#1243,#1244);
#1242 = CARTESIAN_POINT('',(5.,-80.,15.5));
#1243 = DIRECTION('',(0.,0.,1.));
#1244 = DIRECTION('',(1.,0.,-0.));
#1245 = ORIENTED_EDGE('',*,*,#1246,.F.);
#1246 = EDGE_CURVE('',#1211,#1238,#1247,.T.);
#1247 = CIRCLE('',#1248,3.1);
#1248 = AXIS2_PLACEMENT_3D('',#1249,#1250,#1251);
#1249 = CARTESIAN_POINT('',(5.,-80.,15.5));
#1250 = DIRECTION('',(0.,0.,1.));
#1251 = DIRECTION('',(1.,0.,-0.));
#1252 = FACE_BOUND('',#1253,.T.);
#1253 = EDGE_LOOP('',(#1254,#1265,#1274,#1283,#1292));
#1254 = ORIENTED_EDGE('',*,*,#1255,.F.);
#1255 = EDGE_CURVE('',#1256,#1258,#1260,.T.);
#1256 = VERTEX_POINT('',#1257);
#1257 = CARTESIAN_POINT('',(115.78102496759,-2.,15.5));
#1258 = VERTEX_POINT('',#1259);
#1259 = CARTESIAN_POINT('',(114.2189750324,-2.,15.5));
#1260 = CIRCLE('',#1261,3.1);
#1261 = AXIS2_PLACEMENT_3D('',#1262,#1263,#1264);
#1262 = CARTESIAN_POINT('',(115.,-5.,15.5));
#1263 = DIRECTION('',(0.,0.,1.));
#1264 = DIRECTION('',(1.,0.,-0.));
#1265 = ORIENTED_EDGE('',*,*,#1266,.F.);
#1266 = EDGE_CURVE('',#1267,#1256,#1269,.T.);
#1267 = VERTEX_POINT('',#1268);
#1268 = CARTESIAN_POINT('',(118.,-4.21897503241,15.5));
#1269 = CIRCLE('',#1270,3.1);
#1270 = AXIS2_PLACEMENT_3D('',#1271,#1272,#1273);
#1271 = CARTESIAN_POINT('',(115.,-5.,15.5));
#1272 = DIRECTION('',(0.,0.,1.));
#1273 = DIRECTION('',(1.,0.,-0.));
#1274 = ORIENTED_EDGE('',*,*,#1275,.F.);
#1275 = EDGE_CURVE('',#1276,#1267,#1278,.T.);
#1276 = VERTEX_POINT('',#1277);
#1277 = CARTESIAN_POINT('',(118.1,-5.,15.5));
#1278 = CIRCLE('',#1279,3.1);
#1279 = AXIS2_PLACEMENT_3D('',#1280,#1281,#1282);
#1280 = CARTESIAN_POINT('',(115.,-5.,15.5));
#1281 = DIRECTION('',(0.,0.,1.));
#1282 = DIRECTION('',(1.,0.,-0.));
#1283 = ORIENTED_EDGE('',*,*,#1284,.F.);
#1284 = EDGE_CURVE('',#1285,#1276,#1287,.T.);
#1285 = VERTEX_POINT('',#1286);
#1286 = CARTESIAN_POINT('',(118.,-5.78102496759,15.5));
#1287 = CIRCLE('',#1288,3.1);
#1288 = AXIS2_PLACEMENT_3D('',#1289,#1290,#1291);
#1289 = CARTESIAN_POINT('',(115.,-5.,15.5));
#1290 = DIRECTION('',(0.,0.,1.));
#1291 = DIRECTION('',(1.,0.,-0.));
#1292 = ORIENTED_EDGE('',*,*,#1293,.F.);
#1293 = EDGE_CURVE('',#1258,#1285,#1294,.T.);
#1294 = CIRCLE('',#1295,3.1);
#1295 = AXIS2_PLACEMENT_3D('',#1296,#1297,#1298);
#1296 = CARTESIAN_POINT('',(115.,-5.,15.5));
#1297 = DIRECTION('',(0.,0.,1.));
#1298 = DIRECTION('',(1.,0.,-0.));
#1299 = FACE_BOUND('',#1300,.T.);
#1300 = EDGE_LOOP('',(#1301,#1312,#1321,#1330,#1339));
#1301 = ORIENTED_EDGE('',*,*,#1302,.F.);
#1302 = EDGE_CURVE('',#1303,#1305,#1307,.T.);
#1303 = VERTEX_POINT('',#1304);
#1304 = CARTESIAN_POINT('',(118.,-80.78102496759,15.5));
#1305 = VERTEX_POINT('',#1306);
#1306 = CARTESIAN_POINT('',(118.1,-80.,15.5));
#1307 = CIRCLE('',#1308,3.1);
#1308 = AXIS2_PLACEMENT_3D('',#1309,#1310,#1311);
#1309 = CARTESIAN_POINT('',(115.,-80.,15.5));
#1310 = DIRECTION('',(0.,0.,1.));
#1311 = DIRECTION('',(1.,0.,-0.));
#1312 = ORIENTED_EDGE('',*,*,#1313,.F.);
#1313 = EDGE_CURVE('',#1314,#1303,#1316,.T.);
#1314 = VERTEX_POINT('',#1315);
#1315 = CARTESIAN_POINT('',(115.78102496759,-83.,15.5));
#1316 = CIRCLE('',#1317,3.1);
#1317 = AXIS2_PLACEMENT_3D('',#1318,#1319,#1320);
#1318 = CARTESIAN_POINT('',(115.,-80.,15.5));
#1319 = DIRECTION('',(0.,0.,1.));
#1320 = DIRECTION('',(1.,0.,-0.));
#1321 = ORIENTED_EDGE('',*,*,#1322,.F.);
#1322 = EDGE_CURVE('',#1323,#1314,#1325,.T.);
#1323 = VERTEX_POINT('',#1324);
#1324 = CARTESIAN_POINT('',(114.2189750324,-83.,15.5));
#1325 = CIRCLE('',#1326,3.1);
#1326 = AXIS2_PLACEMENT_3D('',#1327,#1328,#1329);
#1327 = CARTESIAN_POINT('',(115.,-80.,15.5));
#1328 = DIRECTION('',(0.,0.,1.));
#1329 = DIRECTION('',(1.,0.,-0.));
#1330 = ORIENTED_EDGE('',*,*,#1331,.F.);
#1331 = EDGE_CURVE('',#1332,#1323,#1334,.T.);
#1332 = VERTEX_POINT('',#1333);
#1333 = CARTESIAN_POINT('',(118.,-79.21897503241,15.5));
#1334 = CIRCLE('',#1335,3.1);
#1335 = AXIS2_PLACEMENT_3D('',#1336,#1337,#1338);
#1336 = CARTESIAN_POINT('',(115.,-80.,15.5));
#1337 = DIRECTION('',(0.,0.,1.));
#1338 = DIRECTION('',(1.,0.,-0.));
#1339 = ORIENTED_EDGE('',*,*,#1340,.F.);
#1340 = EDGE_CURVE('',#1305,#1332,#1341,.T.);
#1341 = CIRCLE('',#1342,3.1);
#1342 = AXIS2_PLACEMENT_3D('',#1343,#1344,#1345);
#1343 = CARTESIAN_POINT('',(115.,-80.,15.5));
#1344 = DIRECTION('',(0.,0.,1.));
#1345 = DIRECTION('',(1.,0.,-0.));
#1346 = FACE_BOUND('',#1347,.T.);
#1347 = EDGE_LOOP('',(#1348));
#1348 = ORIENTED_EDGE('',*,*,#1349,.F.);
#1349 = EDGE_CURVE('',#1350,#1350,#1352,.T.);
#1350 = VERTEX_POINT('',#1351);
#1351 = CARTESIAN_POINT('',(84.6,-80.,15.5));
#1352 = CIRCLE('',#1353,2.6);
#1353 = AXIS2_PLACEMENT_3D('',#1354,#1355,#1356);
#1354 = CARTESIAN_POINT('',(82.,-80.,15.5));
#1355 = DIRECTION('',(0.,0.,1.));
#1356 = DIRECTION('',(1.,0.,-0.));
#1357 = FACE_BOUND('',#1358,.T.);
#1358 = EDGE_LOOP('',(#1359));
#1359 = ORIENTED_EDGE('',*,*,#1360,.F.);
#1360 = EDGE_CURVE('',#1361,#1361,#1363,.T.);
#1361 = VERTEX_POINT('',#1362);
#1362 = CARTESIAN_POINT('',(95.6,-80.,15.5));
#1363 = CIRCLE('',#1364,2.6);
#1364 = AXIS2_PLACEMENT_3D('',#1365,#1366,#1367);
#1365 = CARTESIAN_POINT('',(93.,-80.,15.5));
#1366 = DIRECTION('',(0.,0.,1.));
#1367 = DIRECTION('',(1.,0.,-0.));
#1368 = FACE_BOUND('',#1369,.T.);
#1369 = EDGE_LOOP('',(#1370));
#1370 = ORIENTED_EDGE('',*,*,#1371,.F.);
#1371 = EDGE_CURVE('',#1372,#1372,#1374,.T.);
#1372 = VERTEX_POINT('',#1373);
#1373 = CARTESIAN_POINT('',(106.6,-80.,15.5));
#1374 = CIRCLE('',#1375,2.6);
#1375 = AXIS2_PLACEMENT_3D('',#1376,#1377,#1378);
#1376 = CARTESIAN_POINT('',(104.,-80.,15.5));
#1377 = DIRECTION('',(0.,0.,1.));
#1378 = DIRECTION('',(1.,0.,-0.));
#1379 = FACE_BOUND('',#1380,.T.);
#1380 = EDGE_LOOP('',(#1381));
#1381 = ORIENTED_EDGE('',*,*,#1382,.F.);
#1382 = EDGE_CURVE('',#1383,#1383,#1385,.T.);
#1383 = VERTEX_POINT('',#1384);
#1384 = CARTESIAN_POINT('',(72.7,-76.,15.5));
#1385 = CIRCLE('',#1386,1.7);
#1386 = AXIS2_PLACEMENT_3D('',#1387,#1388,#1389);
#1387 = CARTESIAN_POINT('',(71.,-76.,15.5));
#1388 = DIRECTION('',(0.,0.,1.));
#1389 = DIRECTION('',(1.,0.,-0.));
#1390 = PLANE('',#1391);
#1391 = AXIS2_PLACEMENT_3D('',#1392,#1393,#1394);
#1392 = CARTESIAN_POINT('',(60.,-42.5,15.5));
#1393 = DIRECTION('',(0.,0.,1.));
#1394 = DIRECTION('',(1.,0.,-0.));
#1395 = ADVANCED_FACE('',(#1396),#1421,.T.);
#1396 = FACE_BOUND('',#1397,.T.);
#1397 = EDGE_LOOP('',(#1398,#1406,#1407,#1408,#1409,#1410,#1411,#1412,
    #1413,#1414));
#1398 = ORIENTED_EDGE('',*,*,#1399,.T.);
#1399 = EDGE_CURVE('',#1400,#756,#1402,.T.);
#1400 = VERTEX_POINT('',#1401);
#1401 = CARTESIAN_POINT('',(9.,-5.,1.6));
#1402 = LINE('',#1403,#1404);
#1403 = CARTESIAN_POINT('',(9.,-5.,1.6));
#1404 = VECTOR('',#1405,1.);
#1405 = DIRECTION('',(0.,0.,1.));
#1406 = ORIENTED_EDGE('',*,*,#755,.F.);
#1407 = ORIENTED_EDGE('',*,*,#744,.F.);
#1408 = ORIENTED_EDGE('',*,*,#800,.F.);
#1409 = ORIENTED_EDGE('',*,*,#791,.F.);
#1410 = ORIENTED_EDGE('',*,*,#782,.F.);
#1411 = ORIENTED_EDGE('',*,*,#773,.F.);
#1412 = ORIENTED_EDGE('',*,*,#764,.F.);
#1413 = ORIENTED_EDGE('',*,*,#1399,.F.);
#1414 = ORIENTED_EDGE('',*,*,#1415,.T.);
#1415 = EDGE_CURVE('',#1400,#1400,#1416,.T.);
#1416 = CIRCLE('',#1417,4.);
#1417 = AXIS2_PLACEMENT_3D('',#1418,#1419,#1420);
#1418 = CARTESIAN_POINT('',(5.,-5.,1.6));
#1419 = DIRECTION('',(0.,0.,1.));
#1420 = DIRECTION('',(1.,0.,-0.));
#1421 = CYLINDRICAL_SURFACE('',#1422,4.);
#1422 = AXIS2_PLACEMENT_3D('',#1423,#1424,#1425);
#1423 = CARTESIAN_POINT('',(5.,-5.,1.6));
#1424 = DIRECTION('',(0.,0.,1.));
#1425 = DIRECTION('',(1.,0.,-0.));
#1426 = ADVANCED_FACE('',(#1427,#1430),#1441,.F.);
#1427 = FACE_BOUND('',#1428,.F.);
#1428 = EDGE_LOOP('',(#1429));
#1429 = ORIENTED_EDGE('',*,*,#1415,.T.);
#1430 = FACE_BOUND('',#1431,.F.);
#1431 = EDGE_LOOP('',(#1432));
#1432 = ORIENTED_EDGE('',*,*,#1433,.F.);
#1433 = EDGE_CURVE('',#1434,#1434,#1436,.T.);
#1434 = VERTEX_POINT('',#1435);
#1435 = CARTESIAN_POINT('',(6.7,-5.,1.6));
#1436 = CIRCLE('',#1437,1.7);
#1437 = AXIS2_PLACEMENT_3D('',#1438,#1439,#1440);
#1438 = CARTESIAN_POINT('',(5.,-5.,1.6));
#1439 = DIRECTION('',(0.,0.,1.));
#1440 = DIRECTION('',(1.,0.,-0.));
#1441 = PLANE('',#1442);
#1442 = AXIS2_PLACEMENT_3D('',#1443,#1444,#1445);
#1443 = CARTESIAN_POINT('',(5.,-5.,1.6));
#1444 = DIRECTION('',(0.,0.,1.));
#1445 = DIRECTION('',(1.,0.,-0.));
#1446 = ADVANCED_FACE('',(#1447),#1470,.F.);
#1447 = FACE_BOUND('',#1448,.F.);
#1448 = EDGE_LOOP('',(#1449,#1450,#1458,#1465,#1466,#1467,#1468,#1469));
#1449 = ORIENTED_EDGE('',*,*,#1190,.F.);
#1450 = ORIENTED_EDGE('',*,*,#1451,.F.);
#1451 = EDGE_CURVE('',#1452,#1191,#1454,.T.);
#1452 = VERTEX_POINT('',#1453);
#1453 = CARTESIAN_POINT('',(8.1,-5.,12.5));
#1454 = LINE('',#1455,#1456);
#1455 = CARTESIAN_POINT('',(8.1,-5.,12.5));
#1456 = VECTOR('',#1457,1.);
#1457 = DIRECTION('',(0.,0.,1.));
#1458 = ORIENTED_EDGE('',*,*,#1459,.T.);
#1459 = EDGE_CURVE('',#1452,#1452,#1460,.T.);
#1460 = CIRCLE('',#1461,3.1);
#1461 = AXIS2_PLACEMENT_3D('',#1462,#1463,#1464);
#1462 = CARTESIAN_POINT('',(5.,-5.,12.5));
#1463 = DIRECTION('',(0.,0.,1.));
#1464 = DIRECTION('',(1.,0.,-0.));
#1465 = ORIENTED_EDGE('',*,*,#1451,.T.);
#1466 = ORIENTED_EDGE('',*,*,#1199,.F.);
#1467 = ORIENTED_EDGE('',*,*,#1161,.F.);
#1468 = ORIENTED_EDGE('',*,*,#1172,.F.);
#1469 = ORIENTED_EDGE('',*,*,#1181,.F.);
#1470 = CYLINDRICAL_SURFACE('',#1471,3.1);
#1471 = AXIS2_PLACEMENT_3D('',#1472,#1473,#1474);
#1472 = CARTESIAN_POINT('',(5.,-5.,12.5));
#1473 = DIRECTION('',(0.,0.,1.));
#1474 = DIRECTION('',(1.,0.,-0.));
#1475 = ADVANCED_FACE('',(#1476,#1479),#1490,.T.);
#1476 = FACE_BOUND('',#1477,.T.);
#1477 = EDGE_LOOP('',(#1478));
#1478 = ORIENTED_EDGE('',*,*,#1459,.T.);
#1479 = FACE_BOUND('',#1480,.T.);
#1480 = EDGE_LOOP('',(#1481));
#1481 = ORIENTED_EDGE('',*,*,#1482,.F.);
#1482 = EDGE_CURVE('',#1483,#1483,#1485,.T.);
#1483 = VERTEX_POINT('',#1484);
#1484 = CARTESIAN_POINT('',(6.7,-5.,12.5));
#1485 = CIRCLE('',#1486,1.7);
#1486 = AXIS2_PLACEMENT_3D('',#1487,#1488,#1489);
#1487 = CARTESIAN_POINT('',(5.,-5.,12.5));
#1488 = DIRECTION('',(0.,0.,1.));
#1489 = DIRECTION('',(1.,0.,-0.));
#1490 = PLANE('',#1491);
#1491 = AXIS2_PLACEMENT_3D('',#1492,#1493,#1494);
#1492 = CARTESIAN_POINT('',(5.,-5.,12.5));
#1493 = DIRECTION('',(0.,0.,1.));
#1494 = DIRECTION('',(1.,0.,-0.));
#1495 = ADVANCED_FACE('',(#1496),#1507,.F.);
#1496 = FACE_BOUND('',#1497,.F.);
#1497 = EDGE_LOOP('',(#1498,#1499,#1505,#1506));
#1498 = ORIENTED_EDGE('',*,*,#1433,.T.);
#1499 = ORIENTED_EDGE('',*,*,#1500,.T.);
#1500 = EDGE_CURVE('',#1434,#1483,#1501,.T.);
#1501 = LINE('',#1502,#1503);
#1502 = CARTESIAN_POINT('',(6.7,-5.,1.));
#1503 = VECTOR('',#1504,1.);
#1504 = DIRECTION('',(0.,0.,1.));
#1505 = ORIENTED_EDGE('',*,*,#1482,.F.);
#1506 = ORIENTED_EDGE('',*,*,#1500,.F.);
#1507 = CYLINDRICAL_SURFACE('',#1508,1.7);
#1508 = AXIS2_PLACEMENT_3D('',#1509,#1510,#1511);
#1509 = CARTESIAN_POINT('',(5.,-5.,1.));
#1510 = DIRECTION('',(0.,0.,1.));
#1511 = DIRECTION('',(1.,0.,-0.));
#1512 = ADVANCED_FACE('',(#1513),#1536,.F.);
#1513 = FACE_BOUND('',#1514,.F.);
#1514 = EDGE_LOOP('',(#1515,#1516,#1524,#1531,#1532,#1533,#1534,#1535));
#1515 = ORIENTED_EDGE('',*,*,#1237,.F.);
#1516 = ORIENTED_EDGE('',*,*,#1517,.F.);
#1517 = EDGE_CURVE('',#1518,#1238,#1520,.T.);
#1518 = VERTEX_POINT('',#1519);
#1519 = CARTESIAN_POINT('',(8.1,-80.,12.5));
#1520 = LINE('',#1521,#1522);
#1521 = CARTESIAN_POINT('',(8.1,-80.,12.5));
#1522 = VECTOR('',#1523,1.);
#1523 = DIRECTION('',(0.,0.,1.));
#1524 = ORIENTED_EDGE('',*,*,#1525,.T.);
#1525 = EDGE_CURVE('',#1518,#1518,#1526,.T.);
#1526 = CIRCLE('',#1527,3.1);
#1527 = AXIS2_PLACEMENT_3D('',#1528,#1529,#1530);
#1528 = CARTESIAN_POINT('',(5.,-80.,12.5));
#1529 = DIRECTION('',(0.,0.,1.));
#1530 = DIRECTION('',(1.,0.,-0.));
#1531 = ORIENTED_EDGE('',*,*,#1517,.T.);
#1532 = ORIENTED_EDGE('',*,*,#1246,.F.);
#1533 = ORIENTED_EDGE('',*,*,#1208,.F.);
#1534 = ORIENTED_EDGE('',*,*,#1219,.F.);
#1535 = ORIENTED_EDGE('',*,*,#1228,.F.);
#1536 = CYLINDRICAL_SURFACE('',#1537,3.1);
#1537 = AXIS2_PLACEMENT_3D('',#1538,#1539,#1540);
#1538 = CARTESIAN_POINT('',(5.,-80.,12.5));
#1539 = DIRECTION('',(0.,0.,1.));
#1540 = DIRECTION('',(1.,0.,-0.));
#1541 = ADVANCED_FACE('',(#1542,#1545),#1556,.T.);
#1542 = FACE_BOUND('',#1543,.T.);
#1543 = EDGE_LOOP('',(#1544));
#1544 = ORIENTED_EDGE('',*,*,#1525,.T.);
#1545 = FACE_BOUND('',#1546,.T.);
#1546 = EDGE_LOOP('',(#1547));
#1547 = ORIENTED_EDGE('',*,*,#1548,.F.);
#1548 = EDGE_CURVE('',#1549,#1549,#1551,.T.);
#1549 = VERTEX_POINT('',#1550);
#1550 = CARTESIAN_POINT('',(6.7,-80.,12.5));
#1551 = CIRCLE('',#1552,1.7);
#1552 = AXIS2_PLACEMENT_3D('',#1553,#1554,#1555);
#1553 = CARTESIAN_POINT('',(5.,-80.,12.5));
#1554 = DIRECTION('',(0.,0.,1.));
#1555 = DIRECTION('',(1.,0.,-0.));
#1556 = PLANE('',#1557);
#1557 = AXIS2_PLACEMENT_3D('',#1558,#1559,#1560);
#1558 = CARTESIAN_POINT('',(5.,-80.,12.5));
#1559 = DIRECTION('',(0.,0.,1.));
#1560 = DIRECTION('',(1.,0.,-0.));
#1561 = ADVANCED_FACE('',(#1562),#1581,.F.);
#1562 = FACE_BOUND('',#1563,.F.);
#1563 = EDGE_LOOP('',(#1564,#1573,#1579,#1580));
#1564 = ORIENTED_EDGE('',*,*,#1565,.T.);
#1565 = EDGE_CURVE('',#1566,#1566,#1568,.T.);
#1566 = VERTEX_POINT('',#1567);
#1567 = CARTESIAN_POINT('',(6.7,-80.,1.6));
#1568 = CIRCLE('',#1569,1.7);
#1569 = AXIS2_PLACEMENT_3D('',#1570,#1571,#1572);
#1570 = CARTESIAN_POINT('',(5.,-80.,1.6));
#1571 = DIRECTION('',(0.,0.,1.));
#1572 = DIRECTION('',(1.,0.,-0.));
#1573 = ORIENTED_EDGE('',*,*,#1574,.T.);
#1574 = EDGE_CURVE('',#1566,#1549,#1575,.T.);
#1575 = LINE('',#1576,#1577);
#1576 = CARTESIAN_POINT('',(6.7,-80.,1.));
#1577 = VECTOR('',#1578,1.);
#1578 = DIRECTION('',(0.,0.,1.));
#1579 = ORIENTED_EDGE('',*,*,#1548,.F.);
#1580 = ORIENTED_EDGE('',*,*,#1574,.F.);
#1581 = CYLINDRICAL_SURFACE('',#1582,1.7);
#1582 = AXIS2_PLACEMENT_3D('',#1583,#1584,#1585);
#1583 = CARTESIAN_POINT('',(5.,-80.,1.));
#1584 = DIRECTION('',(0.,0.,1.));
#1585 = DIRECTION('',(1.,0.,-0.));
#1586 = ADVANCED_FACE('',(#1587,#1598),#1601,.F.);
#1587 = FACE_BOUND('',#1588,.F.);
#1588 = EDGE_LOOP('',(#1589));
#1589 = ORIENTED_EDGE('',*,*,#1590,.T.);
#1590 = EDGE_CURVE('',#1591,#1591,#1593,.T.);
#1591 = VERTEX_POINT('',#1592);
#1592 = CARTESIAN_POINT('',(9.,-80.,1.6));
#1593 = CIRCLE('',#1594,4.);
#1594 = AXIS2_PLACEMENT_3D('',#1595,#1596,#1597);
#1595 = CARTESIAN_POINT('',(5.,-80.,1.6));
#1596 = DIRECTION('',(0.,0.,1.));
#1597 = DIRECTION('',(1.,0.,-0.));
#1598 = FACE_BOUND('',#1599,.F.);
#1599 = EDGE_LOOP('',(#1600));
#1600 = ORIENTED_EDGE('',*,*,#1565,.F.);
#1601 = PLANE('',#1602);
#1602 = AXIS2_PLACEMENT_3D('',#1603,#1604,#1605);
#1603 = CARTESIAN_POINT('',(5.,-80.,1.6));
#1604 = DIRECTION('',(0.,0.,1.));
#1605 = DIRECTION('',(1.,0.,-0.));
#1606 = ADVANCED_FACE('',(#1607),#1624,.T.);
#1607 = FACE_BOUND('',#1608,.T.);
#1608 = EDGE_LOOP('',(#1609,#1615,#1616,#1617,#1618,#1619,#1620,#1621,
    #1622,#1623));
#1609 = ORIENTED_EDGE('',*,*,#1610,.T.);
#1610 = EDGE_CURVE('',#1591,#727,#1611,.T.);
#1611 = LINE('',#1612,#1613);
#1612 = CARTESIAN_POINT('',(9.,-80.,1.6));
#1613 = VECTOR('',#1614,1.);
#1614 = DIRECTION('',(0.,0.,1.));
#1615 = ORIENTED_EDGE('',*,*,#726,.F.);
#1616 = ORIENTED_EDGE('',*,*,#717,.F.);
#1617 = ORIENTED_EDGE('',*,*,#708,.F.);
#1618 = ORIENTED_EDGE('',*,*,#699,.F.);
#1619 = ORIENTED_EDGE('',*,*,#690,.F.);
#1620 = ORIENTED_EDGE('',*,*,#679,.F.);
#1621 = ORIENTED_EDGE('',*,*,#735,.F.);
#1622 = ORIENTED_EDGE('',*,*,#1610,.F.);
#1623 = ORIENTED_EDGE('',*,*,#1590,.T.);
#1624 = CYLINDRICAL_SURFACE('',#1625,4.);
#1625 = AXIS2_PLACEMENT_3D('',#1626,#1627,#1628);
#1626 = CARTESIAN_POINT('',(5.,-80.,1.6));
#1627 = DIRECTION('',(0.,0.,1.));
#1628 = DIRECTION('',(1.,0.,-0.));
#1629 = ADVANCED_FACE('',(#1630),#1655,.T.);
#1630 = FACE_BOUND('',#1631,.T.);
#1631 = EDGE_LOOP('',(#1632,#1640,#1641,#1642,#1643,#1644,#1645,#1646,
    #1647,#1648));
#1632 = ORIENTED_EDGE('',*,*,#1633,.T.);
#1633 = EDGE_CURVE('',#1634,#895,#1636,.T.);
#1634 = VERTEX_POINT('',#1635);
#1635 = CARTESIAN_POINT('',(119.,-5.,1.6));
#1636 = LINE('',#1637,#1638);
#1637 = CARTESIAN_POINT('',(119.,-5.,1.6));
#1638 = VECTOR('',#1639,1.);
#1639 = DIRECTION('',(0.,0.,1.));
#1640 = ORIENTED_EDGE('',*,*,#894,.F.);
#1641 = ORIENTED_EDGE('',*,*,#885,.F.);
#1642 = ORIENTED_EDGE('',*,*,#874,.F.);
#1643 = ORIENTED_EDGE('',*,*,#930,.F.);
#1644 = ORIENTED_EDGE('',*,*,#921,.F.);
#1645 = ORIENTED_EDGE('',*,*,#912,.F.);
#1646 = ORIENTED_EDGE('',*,*,#903,.F.);
#1647 = ORIENTED_EDGE('',*,*,#1633,.F.);
#1648 = ORIENTED_EDGE('',*,*,#1649,.T.);
#1649 = EDGE_CURVE('',#1634,#1634,#1650,.T.);
#1650 = CIRCLE('',#1651,4.);
#1651 = AXIS2_PLACEMENT_3D('',#1652,#1653,#1654);
#1652 = CARTESIAN_POINT('',(115.,-5.,1.6));
#1653 = DIRECTION('',(0.,0.,1.));
#1654 = DIRECTION('',(1.,0.,-0.));
#1655 = CYLINDRICAL_SURFACE('',#1656,4.);
#1656 = AXIS2_PLACEMENT_3D('',#1657,#1658,#1659);
#1657 = CARTESIAN_POINT('',(115.,-5.,1.6));
#1658 = DIRECTION('',(0.,0.,1.));
#1659 = DIRECTION('',(1.,0.,-0.));
#1660 = ADVANCED_FACE('',(#1661,#1664),#1675,.F.);
#1661 = FACE_BOUND('',#1662,.F.);
#1662 = EDGE_LOOP('',(#1663));
#1663 = ORIENTED_EDGE('',*,*,#1649,.T.);
#1664 = FACE_BOUND('',#1665,.F.);
#1665 = EDGE_LOOP('',(#1666));
#1666 = ORIENTED_EDGE('',*,*,#1667,.F.);
#1667 = EDGE_CURVE('',#1668,#1668,#1670,.T.);
#1668 = VERTEX_POINT('',#1669);
#1669 = CARTESIAN_POINT('',(116.7,-5.,1.6));
#1670 = CIRCLE('',#1671,1.7);
#1671 = AXIS2_PLACEMENT_3D('',#1672,#1673,#1674);
#1672 = CARTESIAN_POINT('',(115.,-5.,1.6));
#1673 = DIRECTION('',(0.,0.,1.));
#1674 = DIRECTION('',(1.,0.,-0.));
#1675 = PLANE('',#1676);
#1676 = AXIS2_PLACEMENT_3D('',#1677,#1678,#1679);
#1677 = CARTESIAN_POINT('',(115.,-5.,1.6));
#1678 = DIRECTION('',(0.,0.,1.));
#1679 = DIRECTION('',(1.,0.,-0.));
#1680 = ADVANCED_FACE('',(#1681),#1704,.F.);
#1681 = FACE_BOUND('',#1682,.F.);
#1682 = EDGE_LOOP('',(#1683,#1684,#1692,#1699,#1700,#1701,#1702,#1703));
#1683 = ORIENTED_EDGE('',*,*,#1275,.F.);
#1684 = ORIENTED_EDGE('',*,*,#1685,.F.);
#1685 = EDGE_CURVE('',#1686,#1276,#1688,.T.);
#1686 = VERTEX_POINT('',#1687);
#1687 = CARTESIAN_POINT('',(118.1,-5.,12.5));
#1688 = LINE('',#1689,#1690);
#1689 = CARTESIAN_POINT('',(118.1,-5.,12.5));
#1690 = VECTOR('',#1691,1.);
#1691 = DIRECTION('',(0.,0.,1.));
#1692 = ORIENTED_EDGE('',*,*,#1693,.T.);
#1693 = EDGE_CURVE('',#1686,#1686,#1694,.T.);
#1694 = CIRCLE('',#1695,3.1);
#1695 = AXIS2_PLACEMENT_3D('',#1696,#1697,#1698);
#1696 = CARTESIAN_POINT('',(115.,-5.,12.5));
#1697 = DIRECTION('',(0.,0.,1.));
#1698 = DIRECTION('',(1.,0.,-0.));
#1699 = ORIENTED_EDGE('',*,*,#1685,.T.);
#1700 = ORIENTED_EDGE('',*,*,#1284,.F.);
#1701 = ORIENTED_EDGE('',*,*,#1293,.F.);
#1702 = ORIENTED_EDGE('',*,*,#1255,.F.);
#1703 = ORIENTED_EDGE('',*,*,#1266,.F.);
#1704 = CYLINDRICAL_SURFACE('',#1705,3.1);
#1705 = AXIS2_PLACEMENT_3D('',#1706,#1707,#1708);
#1706 = CARTESIAN_POINT('',(115.,-5.,12.5));
#1707 = DIRECTION('',(0.,0.,1.));
#1708 = DIRECTION('',(1.,0.,-0.));
#1709 = ADVANCED_FACE('',(#1710,#1713),#1724,.T.);
#1710 = FACE_BOUND('',#1711,.T.);
#1711 = EDGE_LOOP('',(#1712));
#1712 = ORIENTED_EDGE('',*,*,#1693,.T.);
#1713 = FACE_BOUND('',#1714,.T.);
#1714 = EDGE_LOOP('',(#1715));
#1715 = ORIENTED_EDGE('',*,*,#1716,.F.);
#1716 = EDGE_CURVE('',#1717,#1717,#1719,.T.);
#1717 = VERTEX_POINT('',#1718);
#1718 = CARTESIAN_POINT('',(116.7,-5.,12.5));
#1719 = CIRCLE('',#1720,1.7);
#1720 = AXIS2_PLACEMENT_3D('',#1721,#1722,#1723);
#1721 = CARTESIAN_POINT('',(115.,-5.,12.5));
#1722 = DIRECTION('',(0.,0.,1.));
#1723 = DIRECTION('',(1.,0.,-0.));
#1724 = PLANE('',#1725);
#1725 = AXIS2_PLACEMENT_3D('',#1726,#1727,#1728);
#1726 = CARTESIAN_POINT('',(115.,-5.,12.5));
#1727 = DIRECTION('',(0.,0.,1.));
#1728 = DIRECTION('',(1.,0.,-0.));
#1729 = ADVANCED_FACE('',(#1730),#1741,.F.);
#1730 = FACE_BOUND('',#1731,.F.);
#1731 = EDGE_LOOP('',(#1732,#1733,#1739,#1740));
#1732 = ORIENTED_EDGE('',*,*,#1667,.T.);
#1733 = ORIENTED_EDGE('',*,*,#1734,.T.);
#1734 = EDGE_CURVE('',#1668,#1717,#1735,.T.);
#1735 = LINE('',#1736,#1737);
#1736 = CARTESIAN_POINT('',(116.7,-5.,1.));
#1737 = VECTOR('',#1738,1.);
#1738 = DIRECTION('',(0.,0.,1.));
#1739 = ORIENTED_EDGE('',*,*,#1716,.F.);
#1740 = ORIENTED_EDGE('',*,*,#1734,.F.);
#1741 = CYLINDRICAL_SURFACE('',#1742,1.7);
#1742 = AXIS2_PLACEMENT_3D('',#1743,#1744,#1745);
#1743 = CARTESIAN_POINT('',(115.,-5.,1.));
#1744 = DIRECTION('',(0.,0.,1.));
#1745 = DIRECTION('',(1.,0.,-0.));
#1746 = ADVANCED_FACE('',(#1747),#1772,.T.);
#1747 = FACE_BOUND('',#1748,.T.);
#1748 = EDGE_LOOP('',(#1749,#1757,#1758,#1759,#1760,#1761,#1762,#1763,
    #1764,#1765));
#1749 = ORIENTED_EDGE('',*,*,#1750,.T.);
#1750 = EDGE_CURVE('',#1751,#848,#1753,.T.);
#1751 = VERTEX_POINT('',#1752);
#1752 = CARTESIAN_POINT('',(119.,-80.,1.6));
#1753 = LINE('',#1754,#1755);
#1754 = CARTESIAN_POINT('',(119.,-80.,1.6));
#1755 = VECTOR('',#1756,1.);
#1756 = DIRECTION('',(0.,0.,1.));
#1757 = ORIENTED_EDGE('',*,*,#847,.F.);
#1758 = ORIENTED_EDGE('',*,*,#838,.F.);
#1759 = ORIENTED_EDGE('',*,*,#829,.F.);
#1760 = ORIENTED_EDGE('',*,*,#820,.F.);
#1761 = ORIENTED_EDGE('',*,*,#809,.F.);
#1762 = ORIENTED_EDGE('',*,*,#865,.F.);
#1763 = ORIENTED_EDGE('',*,*,#856,.F.);
#1764 = ORIENTED_EDGE('',*,*,#1750,.F.);
#1765 = ORIENTED_EDGE('',*,*,#1766,.T.);
#1766 = EDGE_CURVE('',#1751,#1751,#1767,.T.);
#1767 = CIRCLE('',#1768,4.);
#1768 = AXIS2_PLACEMENT_3D('',#1769,#1770,#1771);
#1769 = CARTESIAN_POINT('',(115.,-80.,1.6));
#1770 = DIRECTION('',(0.,0.,1.));
#1771 = DIRECTION('',(1.,0.,-0.));
#1772 = CYLINDRICAL_SURFACE('',#1773,4.);
#1773 = AXIS2_PLACEMENT_3D('',#1774,#1775,#1776);
#1774 = CARTESIAN_POINT('',(115.,-80.,1.6));
#1775 = DIRECTION('',(0.,0.,1.));
#1776 = DIRECTION('',(1.,0.,-0.));
#1777 = ADVANCED_FACE('',(#1778,#1781),#1792,.F.);
#1778 = FACE_BOUND('',#1779,.F.);
#1779 = EDGE_LOOP('',(#1780));
#1780 = ORIENTED_EDGE('',*,*,#1766,.T.);
#1781 = FACE_BOUND('',#1782,.F.);
#1782 = EDGE_LOOP('',(#1783));
#1783 = ORIENTED_EDGE('',*,*,#1784,.F.);
#1784 = EDGE_CURVE('',#1785,#1785,#1787,.T.);
#1785 = VERTEX_POINT('',#1786);
#1786 = CARTESIAN_POINT('',(116.7,-80.,1.6));
#1787 = CIRCLE('',#1788,1.7);
#1788 = AXIS2_PLACEMENT_3D('',#1789,#1790,#1791);
#1789 = CARTESIAN_POINT('',(115.,-80.,1.6));
#1790 = DIRECTION('',(0.,0.,1.));
#1791 = DIRECTION('',(1.,0.,-0.));
#1792 = PLANE('',#1793);
#1793 = AXIS2_PLACEMENT_3D('',#1794,#1795,#1796);
#1794 = CARTESIAN_POINT('',(115.,-80.,1.6));
#1795 = DIRECTION('',(0.,0.,1.));
#1796 = DIRECTION('',(1.,0.,-0.));
#1797 = ADVANCED_FACE('',(#1798),#1821,.F.);
#1798 = FACE_BOUND('',#1799,.F.);
#1799 = EDGE_LOOP('',(#1800,#1801,#1809,#1816,#1817,#1818,#1819,#1820));
#1800 = ORIENTED_EDGE('',*,*,#1340,.F.);
#1801 = ORIENTED_EDGE('',*,*,#1802,.F.);
#1802 = EDGE_CURVE('',#1803,#1305,#1805,.T.);
#1803 = VERTEX_POINT('',#1804);
#1804 = CARTESIAN_POINT('',(118.1,-80.,12.5));
#1805 = LINE('',#1806,#1807);
#1806 = CARTESIAN_POINT('',(118.1,-80.,12.5));
#1807 = VECTOR('',#1808,1.);
#1808 = DIRECTION('',(0.,0.,1.));
#1809 = ORIENTED_EDGE('',*,*,#1810,.T.);
#1810 = EDGE_CURVE('',#1803,#1803,#1811,.T.);
#1811 = CIRCLE('',#1812,3.1);
#1812 = AXIS2_PLACEMENT_3D('',#1813,#1814,#1815);
#1813 = CARTESIAN_POINT('',(115.,-80.,12.5));
#1814 = DIRECTION('',(0.,0.,1.));
#1815 = DIRECTION('',(1.,0.,-0.));
#1816 = ORIENTED_EDGE('',*,*,#1802,.T.);
#1817 = ORIENTED_EDGE('',*,*,#1302,.F.);
#1818 = ORIENTED_EDGE('',*,*,#1313,.F.);
#1819 = ORIENTED_EDGE('',*,*,#1322,.F.);
#1820 = ORIENTED_EDGE('',*,*,#1331,.F.);
#1821 = CYLINDRICAL_SURFACE('',#1822,3.1);
#1822 = AXIS2_PLACEMENT_3D('',#1823,#1824,#1825);
#1823 = CARTESIAN_POINT('',(115.,-80.,12.5));
#1824 = DIRECTION('',(0.,0.,1.));
#1825 = DIRECTION('',(1.,0.,-0.));
#1826 = ADVANCED_FACE('',(#1827,#1830),#1841,.T.);
#1827 = FACE_BOUND('',#1828,.T.);
#1828 = EDGE_LOOP('',(#1829));
#1829 = ORIENTED_EDGE('',*,*,#1810,.T.);
#1830 = FACE_BOUND('',#1831,.T.);
#1831 = EDGE_LOOP('',(#1832));
#1832 = ORIENTED_EDGE('',*,*,#1833,.F.);
#1833 = EDGE_CURVE('',#1834,#1834,#1836,.T.);
#1834 = VERTEX_POINT('',#1835);
#1835 = CARTESIAN_POINT('',(116.7,-80.,12.5));
#1836 = CIRCLE('',#1837,1.7);
#1837 = AXIS2_PLACEMENT_3D('',#1838,#1839,#1840);
#1838 = CARTESIAN_POINT('',(115.,-80.,12.5));
#1839 = DIRECTION('',(0.,0.,1.));
#1840 = DIRECTION('',(1.,0.,-0.));
#1841 = PLANE('',#1842);
#1842 = AXIS2_PLACEMENT_3D('',#1843,#1844,#1845);
#1843 = CARTESIAN_POINT('',(115.,-80.,12.5));
#1844 = DIRECTION('',(0.,0.,1.));
#1845 = DIRECTION('',(1.,0.,-0.));
#1846 = ADVANCED_FACE('',(#1847),#1858,.F.);
#1847 = FACE_BOUND('',#1848,.F.);
#1848 = EDGE_LOOP('',(#1849,#1850,#1856,#1857));
#1849 = ORIENTED_EDGE('',*,*,#1784,.T.);
#1850 = ORIENTED_EDGE('',*,*,#1851,.T.);
#1851 = EDGE_CURVE('',#1785,#1834,#1852,.T.);
#1852 = LINE('',#1853,#1854);
#1853 = CARTESIAN_POINT('',(116.7,-80.,1.));
#1854 = VECTOR('',#1855,1.);
#1855 = DIRECTION('',(0.,0.,1.));
#1856 = ORIENTED_EDGE('',*,*,#1833,.F.);
#1857 = ORIENTED_EDGE('',*,*,#1851,.F.);
#1858 = CYLINDRICAL_SURFACE('',#1859,1.7);
#1859 = AXIS2_PLACEMENT_3D('',#1860,#1861,#1862);
#1860 = CARTESIAN_POINT('',(115.,-80.,1.));
#1861 = DIRECTION('',(0.,0.,1.));
#1862 = DIRECTION('',(1.,0.,-0.));
#1863 = ADVANCED_FACE('',(#1864),#1875,.F.);
#1864 = FACE_BOUND('',#1865,.F.);
#1865 = EDGE_LOOP('',(#1866,#1867,#1873,#1874));
#1866 = ORIENTED_EDGE('',*,*,#1349,.F.);
#1867 = ORIENTED_EDGE('',*,*,#1868,.F.);
#1868 = EDGE_CURVE('',#940,#1350,#1869,.T.);
#1869 = LINE('',#1870,#1871);
#1870 = CARTESIAN_POINT('',(84.6,-80.,12.));
#1871 = VECTOR('',#1872,1.);
#1872 = DIRECTION('',(0.,0.,1.));
#1873 = ORIENTED_EDGE('',*,*,#939,.T.);
#1874 = ORIENTED_EDGE('',*,*,#1868,.T.);
#1875 = CYLINDRICAL_SURFACE('',#1876,2.6);
#1876 = AXIS2_PLACEMENT_3D('',#1877,#1878,#1879);
#1877 = CARTESIAN_POINT('',(82.,-80.,12.));
#1878 = DIRECTION('',(0.,0.,1.));
#1879 = DIRECTION('',(1.,0.,-0.));
#1880 = ADVANCED_FACE('',(#1881),#1892,.F.);
#1881 = FACE_BOUND('',#1882,.F.);
#1882 = EDGE_LOOP('',(#1883,#1884,#1890,#1891));
#1883 = ORIENTED_EDGE('',*,*,#1360,.F.);
#1884 = ORIENTED_EDGE('',*,*,#1885,.F.);
#1885 = EDGE_CURVE('',#951,#1361,#1886,.T.);
#1886 = LINE('',#1887,#1888);
#1887 = CARTESIAN_POINT('',(95.6,-80.,12.));
#1888 = VECTOR('',#1889,1.);
#1889 = DIRECTION('',(0.,0.,1.));
#1890 = ORIENTED_EDGE('',*,*,#950,.T.);
#1891 = ORIENTED_EDGE('',*,*,#1885,.T.);
#1892 = CYLINDRICAL_SURFACE('',#1893,2.6);
#1893 = AXIS2_PLACEMENT_3D('',#1894,#1895,#1896);
#1894 = CARTESIAN_POINT('',(93.,-80.,12.));
#1895 = DIRECTION('',(0.,0.,1.));
#1896 = DIRECTION('',(1.,0.,-0.));
#1897 = ADVANCED_FACE('',(#1898),#1909,.F.);
#1898 = FACE_BOUND('',#1899,.F.);
#1899 = EDGE_LOOP('',(#1900,#1901,#1907,#1908));
#1900 = ORIENTED_EDGE('',*,*,#1371,.F.);
#1901 = ORIENTED_EDGE('',*,*,#1902,.F.);
#1902 = EDGE_CURVE('',#962,#1372,#1903,.T.);
#1903 = LINE('',#1904,#1905);
#1904 = CARTESIAN_POINT('',(106.6,-80.,12.));
#1905 = VECTOR('',#1906,1.);
#1906 = DIRECTION('',(0.,0.,1.));
#1907 = ORIENTED_EDGE('',*,*,#961,.T.);
#1908 = ORIENTED_EDGE('',*,*,#1902,.T.);
#1909 = CYLINDRICAL_SURFACE('',#1910,2.6);
#1910 = AXIS2_PLACEMENT_3D('',#1911,#1912,#1913);
#1911 = CARTESIAN_POINT('',(104.,-80.,12.));
#1912 = DIRECTION('',(0.,0.,1.));
#1913 = DIRECTION('',(1.,0.,-0.));
#1914 = ADVANCED_FACE('',(#1915),#1926,.F.);
#1915 = FACE_BOUND('',#1916,.F.);
#1916 = EDGE_LOOP('',(#1917,#1918,#1924,#1925));
#1917 = ORIENTED_EDGE('',*,*,#1382,.F.);
#1918 = ORIENTED_EDGE('',*,*,#1919,.F.);
#1919 = EDGE_CURVE('',#973,#1383,#1920,.T.);
#1920 = LINE('',#1921,#1922);
#1921 = CARTESIAN_POINT('',(72.7,-76.,12.));
#1922 = VECTOR('',#1923,1.);
#1923 = DIRECTION('',(0.,0.,1.));
#1924 = ORIENTED_EDGE('',*,*,#972,.T.);
#1925 = ORIENTED_EDGE('',*,*,#1919,.T.);
#1926 = CYLINDRICAL_SURFACE('',#1927,1.7);
#1927 = AXIS2_PLACEMENT_3D('',#1928,#1929,#1930);
#1928 = CARTESIAN_POINT('',(71.,-76.,12.));
#1929 = DIRECTION('',(0.,0.,1.));
#1930 = DIRECTION('',(1.,0.,-0.));
#1931 = ADVANCED_FACE('',(#1932),#1957,.F.);
#1932 = FACE_BOUND('',#1933,.F.);
#1933 = EDGE_LOOP('',(#1934,#1944,#1950,#1951));
#1934 = ORIENTED_EDGE('',*,*,#1935,.F.);
#1935 = EDGE_CURVE('',#1936,#1938,#1940,.T.);
#1936 = VERTEX_POINT('',#1937);
#1937 = CARTESIAN_POINT('',(45.8,-41.45,9.));
#1938 = VERTEX_POINT('',#1939);
#1939 = CARTESIAN_POINT('',(74.2,-41.45,9.));
#1940 = LINE('',#1941,#1942);
#1941 = CARTESIAN_POINT('',(45.8,-41.45,9.));
#1942 = VECTOR('',#1943,1.);
#1943 = DIRECTION('',(1.,0.,-0.));
#1944 = ORIENTED_EDGE('',*,*,#1945,.T.);
#1945 = EDGE_CURVE('',#1936,#544,#1946,.T.);
#1946 = LINE('',#1947,#1948);
#1947 = CARTESIAN_POINT('',(45.8,-41.45,9.));
#1948 = VECTOR('',#1949,1.);
#1949 = DIRECTION('',(0.,0.,1.));
#1950 = ORIENTED_EDGE('',*,*,#543,.T.);
#1951 = ORIENTED_EDGE('',*,*,#1952,.F.);
#1952 = EDGE_CURVE('',#1938,#546,#1953,.T.);
#1953 = LINE('',#1954,#1955);
#1954 = CARTESIAN_POINT('',(74.2,-41.45,9.));
#1955 = VECTOR('',#1956,1.);
#1956 = DIRECTION('',(0.,0.,1.));
#1957 = PLANE('',#1958);
#1958 = AXIS2_PLACEMENT_3D('',#1959,#1960,#1961);
#1959 = CARTESIAN_POINT('',(45.8,-41.45,9.));
#1960 = DIRECTION('',(-0.,1.,0.));
#1961 = DIRECTION('',(0.,0.,1.));
#1962 = ADVANCED_FACE('',(#1963),#1981,.F.);
#1963 = FACE_BOUND('',#1964,.F.);
#1964 = EDGE_LOOP('',(#1965,#1966,#1974,#1980));
#1965 = ORIENTED_EDGE('',*,*,#1945,.F.);
#1966 = ORIENTED_EDGE('',*,*,#1967,.T.);
#1967 = EDGE_CURVE('',#1936,#1968,#1970,.T.);
#1968 = VERTEX_POINT('',#1969);
#1969 = CARTESIAN_POINT('',(45.8,-40.85,9.));
#1970 = LINE('',#1971,#1972);
#1971 = CARTESIAN_POINT('',(45.8,-41.45,9.));
#1972 = VECTOR('',#1973,1.);
#1973 = DIRECTION('',(-0.,1.,0.));
#1974 = ORIENTED_EDGE('',*,*,#1975,.T.);
#1975 = EDGE_CURVE('',#1968,#562,#1976,.T.);
#1976 = LINE('',#1977,#1978);
#1977 = CARTESIAN_POINT('',(45.8,-40.85,9.));
#1978 = VECTOR('',#1979,1.);
#1979 = DIRECTION('',(0.,0.,1.));
#1980 = ORIENTED_EDGE('',*,*,#569,.F.);
#1981 = PLANE('',#1982);
#1982 = AXIS2_PLACEMENT_3D('',#1983,#1984,#1985);
#1983 = CARTESIAN_POINT('',(45.8,-41.45,9.));
#1984 = DIRECTION('',(1.,0.,-0.));
#1985 = DIRECTION('',(0.,0.,1.));
#1986 = ADVANCED_FACE('',(#1987),#2005,.T.);
#1987 = FACE_BOUND('',#1988,.T.);
#1988 = EDGE_LOOP('',(#1989,#1990,#1998,#2004));
#1989 = ORIENTED_EDGE('',*,*,#1952,.F.);
#1990 = ORIENTED_EDGE('',*,*,#1991,.T.);
#1991 = EDGE_CURVE('',#1938,#1992,#1994,.T.);
#1992 = VERTEX_POINT('',#1993);
#1993 = CARTESIAN_POINT('',(74.2,-40.85,9.));
#1994 = LINE('',#1995,#1996);
#1995 = CARTESIAN_POINT('',(74.2,-41.45,9.));
#1996 = VECTOR('',#1997,1.);
#1997 = DIRECTION('',(-0.,1.,0.));
#1998 = ORIENTED_EDGE('',*,*,#1999,.T.);
#1999 = EDGE_CURVE('',#1992,#554,#2000,.T.);
#2000 = LINE('',#2001,#2002);
#2001 = CARTESIAN_POINT('',(74.2,-40.85,9.));
#2002 = VECTOR('',#2003,1.);
#2003 = DIRECTION('',(0.,0.,1.));
#2004 = ORIENTED_EDGE('',*,*,#553,.F.);
#2005 = PLANE('',#2006);
#2006 = AXIS2_PLACEMENT_3D('',#2007,#2008,#2009);
#2007 = CARTESIAN_POINT('',(74.2,-41.45,9.));
#2008 = DIRECTION('',(1.,0.,-0.));
#2009 = DIRECTION('',(0.,0.,1.));
#2010 = ADVANCED_FACE('',(#2011),#2022,.T.);
#2011 = FACE_BOUND('',#2012,.T.);
#2012 = EDGE_LOOP('',(#2013,#2019,#2020,#2021));
#2013 = ORIENTED_EDGE('',*,*,#2014,.F.);
#2014 = EDGE_CURVE('',#1968,#1992,#2015,.T.);
#2015 = LINE('',#2016,#2017);
#2016 = CARTESIAN_POINT('',(45.8,-40.85,9.));
#2017 = VECTOR('',#2018,1.);
#2018 = DIRECTION('',(1.,0.,-0.));
#2019 = ORIENTED_EDGE('',*,*,#1975,.T.);
#2020 = ORIENTED_EDGE('',*,*,#561,.T.);
#2021 = ORIENTED_EDGE('',*,*,#1999,.F.);
#2022 = PLANE('',#2023);
#2023 = AXIS2_PLACEMENT_3D('',#2024,#2025,#2026);
#2024 = CARTESIAN_POINT('',(45.8,-40.85,9.));
#2025 = DIRECTION('',(-0.,1.,0.));
#2026 = DIRECTION('',(0.,0.,1.));
#2027 = ADVANCED_FACE('',(#2028),#2034,.F.);
#2028 = FACE_BOUND('',#2029,.F.);
#2029 = EDGE_LOOP('',(#2030,#2031,#2032,#2033));
#2030 = ORIENTED_EDGE('',*,*,#1967,.F.);
#2031 = ORIENTED_EDGE('',*,*,#1935,.T.);
#2032 = ORIENTED_EDGE('',*,*,#1991,.T.);
#2033 = ORIENTED_EDGE('',*,*,#2014,.F.);
#2034 = PLANE('',#2035);
#2035 = AXIS2_PLACEMENT_3D('',#2036,#2037,#2038);
#2036 = CARTESIAN_POINT('',(45.8,-41.45,9.));
#2037 = DIRECTION('',(0.,0.,1.));
#2038 = DIRECTION('',(1.,0.,-0.));
#2039 = ADVANCED_FACE('',(#2040),#2065,.F.);
#2040 = FACE_BOUND('',#2041,.F.);
#2041 = EDGE_LOOP('',(#2042,#2052,#2058,#2059));
#2042 = ORIENTED_EDGE('',*,*,#2043,.F.);
#2043 = EDGE_CURVE('',#2044,#2046,#2048,.T.);
#2044 = VERTEX_POINT('',#2045);
#2045 = CARTESIAN_POINT('',(45.8,-69.15,9.));
#2046 = VERTEX_POINT('',#2047);
#2047 = CARTESIAN_POINT('',(74.2,-69.15,9.));
#2048 = LINE('',#2049,#2050);
#2049 = CARTESIAN_POINT('',(45.8,-69.15,9.));
#2050 = VECTOR('',#2051,1.);
#2051 = DIRECTION('',(1.,0.,-0.));
#2052 = ORIENTED_EDGE('',*,*,#2053,.T.);
#2053 = EDGE_CURVE('',#2044,#578,#2054,.T.);
#2054 = LINE('',#2055,#2056);
#2055 = CARTESIAN_POINT('',(45.8,-69.15,9.));
#2056 = VECTOR('',#2057,1.);
#2057 = DIRECTION('',(0.,0.,1.));
#2058 = ORIENTED_EDGE('',*,*,#577,.T.);
#2059 = ORIENTED_EDGE('',*,*,#2060,.F.);
#2060 = EDGE_CURVE('',#2046,#580,#2061,.T.);
#2061 = LINE('',#2062,#2063);
#2062 = CARTESIAN_POINT('',(74.2,-69.15,9.));
#2063 = VECTOR('',#2064,1.);
#2064 = DIRECTION('',(0.,0.,1.));
#2065 = PLANE('',#2066);
#2066 = AXIS2_PLACEMENT_3D('',#2067,#2068,#2069);
#2067 = CARTESIAN_POINT('',(45.8,-69.15,9.));
#2068 = DIRECTION('',(-0.,1.,0.));
#2069 = DIRECTION('',(0.,0.,1.));
#2070 = ADVANCED_FACE('',(#2071),#2089,.F.);
#2071 = FACE_BOUND('',#2072,.F.);
#2072 = EDGE_LOOP('',(#2073,#2074,#2082,#2088));
#2073 = ORIENTED_EDGE('',*,*,#2053,.F.);
#2074 = ORIENTED_EDGE('',*,*,#2075,.T.);
#2075 = EDGE_CURVE('',#2044,#2076,#2078,.T.);
#2076 = VERTEX_POINT('',#2077);
#2077 = CARTESIAN_POINT('',(45.8,-68.55,9.));
#2078 = LINE('',#2079,#2080);
#2079 = CARTESIAN_POINT('',(45.8,-69.15,9.));
#2080 = VECTOR('',#2081,1.);
#2081 = DIRECTION('',(-0.,1.,0.));
#2082 = ORIENTED_EDGE('',*,*,#2083,.T.);
#2083 = EDGE_CURVE('',#2076,#596,#2084,.T.);
#2084 = LINE('',#2085,#2086);
#2085 = CARTESIAN_POINT('',(45.8,-68.55,9.));
#2086 = VECTOR('',#2087,1.);
#2087 = DIRECTION('',(0.,0.,1.));
#2088 = ORIENTED_EDGE('',*,*,#603,.F.);
#2089 = PLANE('',#2090);
#2090 = AXIS2_PLACEMENT_3D('',#2091,#2092,#2093);
#2091 = CARTESIAN_POINT('',(45.8,-69.15,9.));
#2092 = DIRECTION('',(1.,0.,-0.));
#2093 = DIRECTION('',(0.,0.,1.));
#2094 = ADVANCED_FACE('',(#2095),#2113,.T.);
#2095 = FACE_BOUND('',#2096,.T.);
#2096 = EDGE_LOOP('',(#2097,#2098,#2106,#2112));
#2097 = ORIENTED_EDGE('',*,*,#2060,.F.);
#2098 = ORIENTED_EDGE('',*,*,#2099,.T.);
#2099 = EDGE_CURVE('',#2046,#2100,#2102,.T.);
#2100 = VERTEX_POINT('',#2101);
#2101 = CARTESIAN_POINT('',(74.2,-68.55,9.));
#2102 = LINE('',#2103,#2104);
#2103 = CARTESIAN_POINT('',(74.2,-69.15,9.));
#2104 = VECTOR('',#2105,1.);
#2105 = DIRECTION('',(-0.,1.,0.));
#2106 = ORIENTED_EDGE('',*,*,#2107,.T.);
#2107 = EDGE_CURVE('',#2100,#588,#2108,.T.);
#2108 = LINE('',#2109,#2110);
#2109 = CARTESIAN_POINT('',(74.2,-68.55,9.));
#2110 = VECTOR('',#2111,1.);
#2111 = DIRECTION('',(0.,0.,1.));
#2112 = ORIENTED_EDGE('',*,*,#587,.F.);
#2113 = PLANE('',#2114);
#2114 = AXIS2_PLACEMENT_3D('',#2115,#2116,#2117);
#2115 = CARTESIAN_POINT('',(74.2,-69.15,9.));
#2116 = DIRECTION('',(1.,0.,-0.));
#2117 = DIRECTION('',(0.,0.,1.));
#2118 = ADVANCED_FACE('',(#2119),#2130,.T.);
#2119 = FACE_BOUND('',#2120,.T.);
#2120 = EDGE_LOOP('',(#2121,#2127,#2128,#2129));
#2121 = ORIENTED_EDGE('',*,*,#2122,.F.);
#2122 = EDGE_CURVE('',#2076,#2100,#2123,.T.);
#2123 = LINE('',#2124,#2125);
#2124 = CARTESIAN_POINT('',(45.8,-68.55,9.));
#2125 = VECTOR('',#2126,1.);
#2126 = DIRECTION('',(1.,0.,-0.));
#2127 = ORIENTED_EDGE('',*,*,#2083,.T.);
#2128 = ORIENTED_EDGE('',*,*,#595,.T.);
#2129 = ORIENTED_EDGE('',*,*,#2107,.F.);
#2130 = PLANE('',#2131);
#2131 = AXIS2_PLACEMENT_3D('',#2132,#2133,#2134);
#2132 = CARTESIAN_POINT('',(45.8,-68.55,9.));
#2133 = DIRECTION('',(-0.,1.,0.));
#2134 = DIRECTION('',(0.,0.,1.));
#2135 = ADVANCED_FACE('',(#2136),#2142,.F.);
#2136 = FACE_BOUND('',#2137,.F.);
#2137 = EDGE_LOOP('',(#2138,#2139,#2140,#2141));
#2138 = ORIENTED_EDGE('',*,*,#2075,.F.);
#2139 = ORIENTED_EDGE('',*,*,#2043,.T.);
#2140 = ORIENTED_EDGE('',*,*,#2099,.T.);
#2141 = ORIENTED_EDGE('',*,*,#2122,.F.);
#2142 = PLANE('',#2143);
#2143 = AXIS2_PLACEMENT_3D('',#2144,#2145,#2146);
#2144 = CARTESIAN_POINT('',(45.8,-69.15,9.));
#2145 = DIRECTION('',(0.,0.,1.));
#2146 = DIRECTION('',(1.,0.,-0.));
#2147 = ADVANCED_FACE('',(#2148),#2173,.F.);
#2148 = FACE_BOUND('',#2149,.F.);
#2149 = EDGE_LOOP('',(#2150,#2160,#2166,#2167));
#2150 = ORIENTED_EDGE('',*,*,#2151,.F.);
#2151 = EDGE_CURVE('',#2152,#2154,#2156,.T.);
#2152 = VERTEX_POINT('',#2153);
#2153 = CARTESIAN_POINT('',(44.4,-67.75,9.));
#2154 = VERTEX_POINT('',#2155);
#2155 = CARTESIAN_POINT('',(45.2,-67.75,9.));
#2156 = LINE('',#2157,#2158);
#2157 = CARTESIAN_POINT('',(44.4,-67.75,9.));
#2158 = VECTOR('',#2159,1.);
#2159 = DIRECTION('',(1.,0.,-0.));
#2160 = ORIENTED_EDGE('',*,*,#2161,.T.);
#2161 = EDGE_CURVE('',#2152,#612,#2162,.T.);
#2162 = LINE('',#2163,#2164);
#2163 = CARTESIAN_POINT('',(44.4,-67.75,9.));
#2164 = VECTOR('',#2165,1.);
#2165 = DIRECTION('',(0.,0.,1.));
#2166 = ORIENTED_EDGE('',*,*,#611,.T.);
#2167 = ORIENTED_EDGE('',*,*,#2168,.F.);
#2168 = EDGE_CURVE('',#2154,#614,#2169,.T.);
#2169 = LINE('',#2170,#2171);
#2170 = CARTESIAN_POINT('',(45.2,-67.75,9.));
#2171 = VECTOR('',#2172,1.);
#2172 = DIRECTION('',(0.,0.,1.));
#2173 = PLANE('',#2174);
#2174 = AXIS2_PLACEMENT_3D('',#2175,#2176,#2177);
#2175 = CARTESIAN_POINT('',(44.4,-67.75,9.));
#2176 = DIRECTION('',(-0.,1.,0.));
#2177 = DIRECTION('',(0.,0.,1.));
#2178 = ADVANCED_FACE('',(#2179),#2197,.F.);
#2179 = FACE_BOUND('',#2180,.F.);
#2180 = EDGE_LOOP('',(#2181,#2182,#2190,#2196));
#2181 = ORIENTED_EDGE('',*,*,#2161,.F.);
#2182 = ORIENTED_EDGE('',*,*,#2183,.T.);
#2183 = EDGE_CURVE('',#2152,#2184,#2186,.T.);
#2184 = VERTEX_POINT('',#2185);
#2185 = CARTESIAN_POINT('',(44.4,-42.25,9.));
#2186 = LINE('',#2187,#2188);
#2187 = CARTESIAN_POINT('',(44.4,-67.75,9.));
#2188 = VECTOR('',#2189,1.);
#2189 = DIRECTION('',(-0.,1.,0.));
#2190 = ORIENTED_EDGE('',*,*,#2191,.T.);
#2191 = EDGE_CURVE('',#2184,#630,#2192,.T.);
#2192 = LINE('',#2193,#2194);
#2193 = CARTESIAN_POINT('',(44.4,-42.25,9.));
#2194 = VECTOR('',#2195,1.);
#2195 = DIRECTION('',(0.,0.,1.));
#2196 = ORIENTED_EDGE('',*,*,#637,.F.);
#2197 = PLANE('',#2198);
#2198 = AXIS2_PLACEMENT_3D('',#2199,#2200,#2201);
#2199 = CARTESIAN_POINT('',(44.4,-67.75,9.));
#2200 = DIRECTION('',(1.,0.,-0.));
#2201 = DIRECTION('',(0.,0.,1.));
#2202 = ADVANCED_FACE('',(#2203,#2253),#2287,.T.);
#2203 = FACE_BOUND('',#2204,.T.);
#2204 = EDGE_LOOP('',(#2205,#2206,#2214,#2222,#2230,#2238,#2246,#2252));
#2205 = ORIENTED_EDGE('',*,*,#2168,.F.);
#2206 = ORIENTED_EDGE('',*,*,#2207,.T.);
#2207 = EDGE_CURVE('',#2154,#2208,#2210,.T.);
#2208 = VERTEX_POINT('',#2209);
#2209 = CARTESIAN_POINT('',(45.2,-66.,9.));
#2210 = LINE('',#2211,#2212);
#2211 = CARTESIAN_POINT('',(45.2,-67.75,9.));
#2212 = VECTOR('',#2213,1.);
#2213 = DIRECTION('',(-0.,1.,0.));
#2214 = ORIENTED_EDGE('',*,*,#2215,.T.);
#2215 = EDGE_CURVE('',#2208,#2216,#2218,.T.);
#2216 = VERTEX_POINT('',#2217);
#2217 = CARTESIAN_POINT('',(45.2,-66.,9.2));
#2218 = LINE('',#2219,#2220);
#2219 = CARTESIAN_POINT('',(45.2,-66.,9.));
#2220 = VECTOR('',#2221,1.);
#2221 = DIRECTION('',(0.,0.,1.));
#2222 = ORIENTED_EDGE('',*,*,#2223,.T.);
#2223 = EDGE_CURVE('',#2216,#2224,#2226,.T.);
#2224 = VERTEX_POINT('',#2225);
#2225 = CARTESIAN_POINT('',(45.2,-44.,9.2));
#2226 = LINE('',#2227,#2228);
#2227 = CARTESIAN_POINT('',(45.2,-66.,9.2));
#2228 = VECTOR('',#2229,1.);
#2229 = DIRECTION('',(-0.,1.,0.));
#2230 = ORIENTED_EDGE('',*,*,#2231,.F.);
#2231 = EDGE_CURVE('',#2232,#2224,#2234,.T.);
#2232 = VERTEX_POINT('',#2233);
#2233 = CARTESIAN_POINT('',(45.2,-44.,9.));
#2234 = LINE('',#2235,#2236);
#2235 = CARTESIAN_POINT('',(45.2,-44.,9.));
#2236 = VECTOR('',#2237,1.);
#2237 = DIRECTION('',(0.,0.,1.));
#2238 = ORIENTED_EDGE('',*,*,#2239,.T.);
#2239 = EDGE_CURVE('',#2232,#2240,#2242,.T.);
#2240 = VERTEX_POINT('',#2241);
#2241 = CARTESIAN_POINT('',(45.2,-42.25,9.));
#2242 = LINE('',#2243,#2244);
#2243 = CARTESIAN_POINT('',(45.2,-67.75,9.));
#2244 = VECTOR('',#2245,1.);
#2245 = DIRECTION('',(-0.,1.,0.));
#2246 = ORIENTED_EDGE('',*,*,#2247,.T.);
#2247 = EDGE_CURVE('',#2240,#622,#2248,.T.);
#2248 = LINE('',#2249,#2250);
#2249 = CARTESIAN_POINT('',(45.2,-42.25,9.));
#2250 = VECTOR('',#2251,1.);
#2251 = DIRECTION('',(0.,0.,1.));
#2252 = ORIENTED_EDGE('',*,*,#621,.F.);
#2253 = FACE_BOUND('',#2254,.T.);
#2254 = EDGE_LOOP('',(#2255,#2265,#2273,#2281));
#2255 = ORIENTED_EDGE('',*,*,#2256,.F.);
#2256 = EDGE_CURVE('',#2257,#2259,#2261,.T.);
#2257 = VERTEX_POINT('',#2258);
#2258 = CARTESIAN_POINT('',(45.2,-63.,11.));
#2259 = VERTEX_POINT('',#2260);
#2260 = CARTESIAN_POINT('',(45.2,-47.,11.));
#2261 = LINE('',#2262,#2263);
#2262 = CARTESIAN_POINT('',(45.2,-63.,11.));
#2263 = VECTOR('',#2264,1.);
#2264 = DIRECTION('',(-0.,1.,0.));
#2265 = ORIENTED_EDGE('',*,*,#2266,.T.);
#2266 = EDGE_CURVE('',#2257,#2267,#2269,.T.);
#2267 = VERTEX_POINT('',#2268);
#2268 = CARTESIAN_POINT('',(45.2,-63.,11.3));
#2269 = LINE('',#2270,#2271);
#2270 = CARTESIAN_POINT('',(45.2,-63.,11.));
#2271 = VECTOR('',#2272,1.);
#2272 = DIRECTION('',(0.,0.,1.));
#2273 = ORIENTED_EDGE('',*,*,#2274,.T.);
#2274 = EDGE_CURVE('',#2267,#2275,#2277,.T.);
#2275 = VERTEX_POINT('',#2276);
#2276 = CARTESIAN_POINT('',(45.2,-47.,11.3));
#2277 = LINE('',#2278,#2279);
#2278 = CARTESIAN_POINT('',(45.2,-63.,11.3));
#2279 = VECTOR('',#2280,1.);
#2280 = DIRECTION('',(-0.,1.,0.));
#2281 = ORIENTED_EDGE('',*,*,#2282,.F.);
#2282 = EDGE_CURVE('',#2259,#2275,#2283,.T.);
#2283 = LINE('',#2284,#2285);
#2284 = CARTESIAN_POINT('',(45.2,-47.,11.));
#2285 = VECTOR('',#2286,1.);
#2286 = DIRECTION('',(0.,0.,1.));
#2287 = PLANE('',#2288);
#2288 = AXIS2_PLACEMENT_3D('',#2289,#2290,#2291);
#2289 = CARTESIAN_POINT('',(45.2,-67.75,9.));
#2290 = DIRECTION('',(1.,0.,-0.));
#2291 = DIRECTION('',(0.,0.,1.));
#2292 = ADVANCED_FACE('',(#2293),#2304,.T.);
#2293 = FACE_BOUND('',#2294,.T.);
#2294 = EDGE_LOOP('',(#2295,#2301,#2302,#2303));
#2295 = ORIENTED_EDGE('',*,*,#2296,.F.);
#2296 = EDGE_CURVE('',#2184,#2240,#2297,.T.);
#2297 = LINE('',#2298,#2299);
#2298 = CARTESIAN_POINT('',(44.4,-42.25,9.));
#2299 = VECTOR('',#2300,1.);
#2300 = DIRECTION('',(1.,0.,-0.));
#2301 = ORIENTED_EDGE('',*,*,#2191,.T.);
#2302 = ORIENTED_EDGE('',*,*,#629,.T.);
#2303 = ORIENTED_EDGE('',*,*,#2247,.F.);
#2304 = PLANE('',#2305);
#2305 = AXIS2_PLACEMENT_3D('',#2306,#2307,#2308);
#2306 = CARTESIAN_POINT('',(44.4,-42.25,9.));
#2307 = DIRECTION('',(-0.,1.,0.));
#2308 = DIRECTION('',(0.,0.,1.));
#2309 = ADVANCED_FACE('',(#2310),#2335,.F.);
#2310 = FACE_BOUND('',#2311,.F.);
#2311 = EDGE_LOOP('',(#2312,#2320,#2321,#2329));
#2312 = ORIENTED_EDGE('',*,*,#2313,.F.);
#2313 = EDGE_CURVE('',#2208,#2314,#2316,.T.);
#2314 = VERTEX_POINT('',#2315);
#2315 = CARTESIAN_POINT('',(46.4,-66.,9.));
#2316 = LINE('',#2317,#2318);
#2317 = CARTESIAN_POINT('',(45.2,-66.,9.));
#2318 = VECTOR('',#2319,1.);
#2319 = DIRECTION('',(1.,0.,-0.));
#2320 = ORIENTED_EDGE('',*,*,#2215,.T.);
#2321 = ORIENTED_EDGE('',*,*,#2322,.T.);
#2322 = EDGE_CURVE('',#2216,#2323,#2325,.T.);
#2323 = VERTEX_POINT('',#2324);
#2324 = CARTESIAN_POINT('',(46.4,-66.,9.2));
#2325 = LINE('',#2326,#2327);
#2326 = CARTESIAN_POINT('',(45.2,-66.,9.2));
#2327 = VECTOR('',#2328,1.);
#2328 = DIRECTION('',(1.,0.,-0.));
#2329 = ORIENTED_EDGE('',*,*,#2330,.F.);
#2330 = EDGE_CURVE('',#2314,#2323,#2331,.T.);
#2331 = LINE('',#2332,#2333);
#2332 = CARTESIAN_POINT('',(46.4,-66.,9.));
#2333 = VECTOR('',#2334,1.);
#2334 = DIRECTION('',(0.,0.,1.));
#2335 = PLANE('',#2336);
#2336 = AXIS2_PLACEMENT_3D('',#2337,#2338,#2339);
#2337 = CARTESIAN_POINT('',(45.2,-66.,9.));
#2338 = DIRECTION('',(-0.,1.,0.));
#2339 = DIRECTION('',(0.,0.,1.));
#2340 = ADVANCED_FACE('',(#2341),#2359,.T.);
#2341 = FACE_BOUND('',#2342,.T.);
#2342 = EDGE_LOOP('',(#2343,#2344,#2345,#2353));
#2343 = ORIENTED_EDGE('',*,*,#2223,.F.);
#2344 = ORIENTED_EDGE('',*,*,#2322,.T.);
#2345 = ORIENTED_EDGE('',*,*,#2346,.T.);
#2346 = EDGE_CURVE('',#2323,#2347,#2349,.T.);
#2347 = VERTEX_POINT('',#2348);
#2348 = CARTESIAN_POINT('',(46.4,-44.,9.2));
#2349 = LINE('',#2350,#2351);
#2350 = CARTESIAN_POINT('',(46.4,-66.,9.2));
#2351 = VECTOR('',#2352,1.);
#2352 = DIRECTION('',(-0.,1.,0.));
#2353 = ORIENTED_EDGE('',*,*,#2354,.F.);
#2354 = EDGE_CURVE('',#2224,#2347,#2355,.T.);
#2355 = LINE('',#2356,#2357);
#2356 = CARTESIAN_POINT('',(45.2,-44.,9.2));
#2357 = VECTOR('',#2358,1.);
#2358 = DIRECTION('',(1.,0.,-0.));
#2359 = PLANE('',#2360);
#2360 = AXIS2_PLACEMENT_3D('',#2361,#2362,#2363);
#2361 = CARTESIAN_POINT('',(45.2,-66.,9.2));
#2362 = DIRECTION('',(0.,0.,1.));
#2363 = DIRECTION('',(1.,0.,-0.));
#2364 = ADVANCED_FACE('',(#2365),#2383,.T.);
#2365 = FACE_BOUND('',#2366,.T.);
#2366 = EDGE_LOOP('',(#2367,#2375,#2376,#2377));
#2367 = ORIENTED_EDGE('',*,*,#2368,.F.);
#2368 = EDGE_CURVE('',#2232,#2369,#2371,.T.);
#2369 = VERTEX_POINT('',#2370);
#2370 = CARTESIAN_POINT('',(46.4,-44.,9.));
#2371 = LINE('',#2372,#2373);
#2372 = CARTESIAN_POINT('',(45.2,-44.,9.));
#2373 = VECTOR('',#2374,1.);
#2374 = DIRECTION('',(1.,0.,-0.));
#2375 = ORIENTED_EDGE('',*,*,#2231,.T.);
#2376 = ORIENTED_EDGE('',*,*,#2354,.T.);
#2377 = ORIENTED_EDGE('',*,*,#2378,.F.);
#2378 = EDGE_CURVE('',#2369,#2347,#2379,.T.);
#2379 = LINE('',#2380,#2381);
#2380 = CARTESIAN_POINT('',(46.4,-44.,9.));
#2381 = VECTOR('',#2382,1.);
#2382 = DIRECTION('',(0.,0.,1.));
#2383 = PLANE('',#2384);
#2384 = AXIS2_PLACEMENT_3D('',#2385,#2386,#2387);
#2385 = CARTESIAN_POINT('',(45.2,-44.,9.));
#2386 = DIRECTION('',(-0.,1.,0.));
#2387 = DIRECTION('',(0.,0.,1.));
#2388 = ADVANCED_FACE('',(#2389),#2414,.F.);
#2389 = FACE_BOUND('',#2390,.F.);
#2390 = EDGE_LOOP('',(#2391,#2392,#2400,#2408));
#2391 = ORIENTED_EDGE('',*,*,#2256,.F.);
#2392 = ORIENTED_EDGE('',*,*,#2393,.T.);
#2393 = EDGE_CURVE('',#2257,#2394,#2396,.T.);
#2394 = VERTEX_POINT('',#2395);
#2395 = CARTESIAN_POINT('',(45.8,-63.,11.));
#2396 = LINE('',#2397,#2398);
#2397 = CARTESIAN_POINT('',(45.2,-63.,11.));
#2398 = VECTOR('',#2399,1.);
#2399 = DIRECTION('',(1.,0.,-0.));
#2400 = ORIENTED_EDGE('',*,*,#2401,.T.);
#2401 = EDGE_CURVE('',#2394,#2402,#2404,.T.);
#2402 = VERTEX_POINT('',#2403);
#2403 = CARTESIAN_POINT('',(45.8,-47.,11.));
#2404 = LINE('',#2405,#2406);
#2405 = CARTESIAN_POINT('',(45.8,-63.,11.));
#2406 = VECTOR('',#2407,1.);
#2407 = DIRECTION('',(-0.,1.,0.));
#2408 = ORIENTED_EDGE('',*,*,#2409,.F.);
#2409 = EDGE_CURVE('',#2259,#2402,#2410,.T.);
#2410 = LINE('',#2411,#2412);
#2411 = CARTESIAN_POINT('',(45.2,-47.,11.));
#2412 = VECTOR('',#2413,1.);
#2413 = DIRECTION('',(1.,0.,-0.));
#2414 = PLANE('',#2415);
#2415 = AXIS2_PLACEMENT_3D('',#2416,#2417,#2418);
#2416 = CARTESIAN_POINT('',(45.2,-63.,11.));
#2417 = DIRECTION('',(0.,0.,1.));
#2418 = DIRECTION('',(1.,0.,-0.));
#2419 = ADVANCED_FACE('',(#2420),#2438,.T.);
#2420 = FACE_BOUND('',#2421,.T.);
#2421 = EDGE_LOOP('',(#2422,#2423,#2424,#2432));
#2422 = ORIENTED_EDGE('',*,*,#2409,.F.);
#2423 = ORIENTED_EDGE('',*,*,#2282,.T.);
#2424 = ORIENTED_EDGE('',*,*,#2425,.T.);
#2425 = EDGE_CURVE('',#2275,#2426,#2428,.T.);
#2426 = VERTEX_POINT('',#2427);
#2427 = CARTESIAN_POINT('',(45.8,-47.,11.3));
#2428 = LINE('',#2429,#2430);
#2429 = CARTESIAN_POINT('',(45.2,-47.,11.3));
#2430 = VECTOR('',#2431,1.);
#2431 = DIRECTION('',(1.,0.,-0.));
#2432 = ORIENTED_EDGE('',*,*,#2433,.F.);
#2433 = EDGE_CURVE('',#2402,#2426,#2434,.T.);
#2434 = LINE('',#2435,#2436);
#2435 = CARTESIAN_POINT('',(45.8,-47.,11.));
#2436 = VECTOR('',#2437,1.);
#2437 = DIRECTION('',(0.,0.,1.));
#2438 = PLANE('',#2439);
#2439 = AXIS2_PLACEMENT_3D('',#2440,#2441,#2442);
#2440 = CARTESIAN_POINT('',(45.2,-47.,11.));
#2441 = DIRECTION('',(-0.,1.,0.));
#2442 = DIRECTION('',(0.,0.,1.));
#2443 = ADVANCED_FACE('',(#2444),#2462,.T.);
#2444 = FACE_BOUND('',#2445,.T.);
#2445 = EDGE_LOOP('',(#2446,#2447,#2455,#2461));
#2446 = ORIENTED_EDGE('',*,*,#2274,.F.);
#2447 = ORIENTED_EDGE('',*,*,#2448,.T.);
#2448 = EDGE_CURVE('',#2267,#2449,#2451,.T.);
#2449 = VERTEX_POINT('',#2450);
#2450 = CARTESIAN_POINT('',(45.8,-63.,11.3));
#2451 = LINE('',#2452,#2453);
#2452 = CARTESIAN_POINT('',(45.2,-63.,11.3));
#2453 = VECTOR('',#2454,1.);
#2454 = DIRECTION('',(1.,0.,-0.));
#2455 = ORIENTED_EDGE('',*,*,#2456,.T.);
#2456 = EDGE_CURVE('',#2449,#2426,#2457,.T.);
#2457 = LINE('',#2458,#2459);
#2458 = CARTESIAN_POINT('',(45.8,-63.,11.3));
#2459 = VECTOR('',#2460,1.);
#2460 = DIRECTION('',(-0.,1.,0.));
#2461 = ORIENTED_EDGE('',*,*,#2425,.F.);
#2462 = PLANE('',#2463);
#2463 = AXIS2_PLACEMENT_3D('',#2464,#2465,#2466);
#2464 = CARTESIAN_POINT('',(45.2,-63.,11.3));
#2465 = DIRECTION('',(0.,0.,1.));
#2466 = DIRECTION('',(1.,0.,-0.));
#2467 = ADVANCED_FACE('',(#2468),#2479,.F.);
#2468 = FACE_BOUND('',#2469,.F.);
#2469 = EDGE_LOOP('',(#2470,#2471,#2472,#2473));
#2470 = ORIENTED_EDGE('',*,*,#2393,.F.);
#2471 = ORIENTED_EDGE('',*,*,#2266,.T.);
#2472 = ORIENTED_EDGE('',*,*,#2448,.T.);
#2473 = ORIENTED_EDGE('',*,*,#2474,.F.);
#2474 = EDGE_CURVE('',#2394,#2449,#2475,.T.);
#2475 = LINE('',#2476,#2477);
#2476 = CARTESIAN_POINT('',(45.8,-63.,11.));
#2477 = VECTOR('',#2478,1.);
#2478 = DIRECTION('',(0.,0.,1.));
#2479 = PLANE('',#2480);
#2480 = AXIS2_PLACEMENT_3D('',#2481,#2482,#2483);
#2481 = CARTESIAN_POINT('',(45.2,-63.,11.));
#2482 = DIRECTION('',(-0.,1.,0.));
#2483 = DIRECTION('',(0.,0.,1.));
#2484 = ADVANCED_FACE('',(#2485),#2496,.T.);
#2485 = FACE_BOUND('',#2486,.T.);
#2486 = EDGE_LOOP('',(#2487,#2488,#2494,#2495));
#2487 = ORIENTED_EDGE('',*,*,#2330,.F.);
#2488 = ORIENTED_EDGE('',*,*,#2489,.T.);
#2489 = EDGE_CURVE('',#2314,#2369,#2490,.T.);
#2490 = LINE('',#2491,#2492);
#2491 = CARTESIAN_POINT('',(46.4,-66.,9.));
#2492 = VECTOR('',#2493,1.);
#2493 = DIRECTION('',(-0.,1.,0.));
#2494 = ORIENTED_EDGE('',*,*,#2378,.T.);
#2495 = ORIENTED_EDGE('',*,*,#2346,.F.);
#2496 = PLANE('',#2497);
#2497 = AXIS2_PLACEMENT_3D('',#2498,#2499,#2500);
#2498 = CARTESIAN_POINT('',(46.4,-66.,9.));
#2499 = DIRECTION('',(1.,0.,-0.));
#2500 = DIRECTION('',(0.,0.,1.));
#2501 = ADVANCED_FACE('',(#2502),#2508,.T.);
#2502 = FACE_BOUND('',#2503,.T.);
#2503 = EDGE_LOOP('',(#2504,#2505,#2506,#2507));
#2504 = ORIENTED_EDGE('',*,*,#2474,.F.);
#2505 = ORIENTED_EDGE('',*,*,#2401,.T.);
#2506 = ORIENTED_EDGE('',*,*,#2433,.T.);
#2507 = ORIENTED_EDGE('',*,*,#2456,.F.);
#2508 = PLANE('',#2509);
#2509 = AXIS2_PLACEMENT_3D('',#2510,#2511,#2512);
#2510 = CARTESIAN_POINT('',(45.8,-63.,11.));
#2511 = DIRECTION('',(1.,0.,-0.));
#2512 = DIRECTION('',(0.,0.,1.));
#2513 = ADVANCED_FACE('',(#2514),#2539,.F.);
#2514 = FACE_BOUND('',#2515,.F.);
#2515 = EDGE_LOOP('',(#2516,#2526,#2532,#2533));
#2516 = ORIENTED_EDGE('',*,*,#2517,.F.);
#2517 = EDGE_CURVE('',#2518,#2520,#2522,.T.);
#2518 = VERTEX_POINT('',#2519);
#2519 = CARTESIAN_POINT('',(74.8,-67.75,9.));
#2520 = VERTEX_POINT('',#2521);
#2521 = CARTESIAN_POINT('',(75.6,-67.75,9.));
#2522 = LINE('',#2523,#2524);
#2523 = CARTESIAN_POINT('',(74.8,-67.75,9.));
#2524 = VECTOR('',#2525,1.);
#2525 = DIRECTION('',(1.,0.,-0.));
#2526 = ORIENTED_EDGE('',*,*,#2527,.T.);
#2527 = EDGE_CURVE('',#2518,#646,#2528,.T.);
#2528 = LINE('',#2529,#2530);
#2529 = CARTESIAN_POINT('',(74.8,-67.75,9.));
#2530 = VECTOR('',#2531,1.);
#2531 = DIRECTION('',(0.,0.,1.));
#2532 = ORIENTED_EDGE('',*,*,#645,.T.);
#2533 = ORIENTED_EDGE('',*,*,#2534,.F.);
#2534 = EDGE_CURVE('',#2520,#648,#2535,.T.);
#2535 = LINE('',#2536,#2537);
#2536 = CARTESIAN_POINT('',(75.6,-67.75,9.));
#2537 = VECTOR('',#2538,1.);
#2538 = DIRECTION('',(0.,0.,1.));
#2539 = PLANE('',#2540);
#2540 = AXIS2_PLACEMENT_3D('',#2541,#2542,#2543);
#2541 = CARTESIAN_POINT('',(74.8,-67.75,9.));
#2542 = DIRECTION('',(-0.,1.,0.));
#2543 = DIRECTION('',(0.,0.,1.));
#2544 = ADVANCED_FACE('',(#2545,#2595),#2629,.F.);
#2545 = FACE_BOUND('',#2546,.F.);
#2546 = EDGE_LOOP('',(#2547,#2548,#2556,#2564,#2572,#2580,#2588,#2594));
#2547 = ORIENTED_EDGE('',*,*,#2527,.F.);
#2548 = ORIENTED_EDGE('',*,*,#2549,.T.);
#2549 = EDGE_CURVE('',#2518,#2550,#2552,.T.);
#2550 = VERTEX_POINT('',#2551);
#2551 = CARTESIAN_POINT('',(74.8,-66.,9.));
#2552 = LINE('',#2553,#2554);
#2553 = CARTESIAN_POINT('',(74.8,-67.75,9.));
#2554 = VECTOR('',#2555,1.);
#2555 = DIRECTION('',(-0.,1.,0.));
#2556 = ORIENTED_EDGE('',*,*,#2557,.T.);
#2557 = EDGE_CURVE('',#2550,#2558,#2560,.T.);
#2558 = VERTEX_POINT('',#2559);
#2559 = CARTESIAN_POINT('',(74.8,-66.,9.2));
#2560 = LINE('',#2561,#2562);
#2561 = CARTESIAN_POINT('',(74.8,-66.,9.));
#2562 = VECTOR('',#2563,1.);
#2563 = DIRECTION('',(0.,0.,1.));
#2564 = ORIENTED_EDGE('',*,*,#2565,.T.);
#2565 = EDGE_CURVE('',#2558,#2566,#2568,.T.);
#2566 = VERTEX_POINT('',#2567);
#2567 = CARTESIAN_POINT('',(74.8,-44.,9.2));
#2568 = LINE('',#2569,#2570);
#2569 = CARTESIAN_POINT('',(74.8,-66.,9.2));
#2570 = VECTOR('',#2571,1.);
#2571 = DIRECTION('',(-0.,1.,0.));
#2572 = ORIENTED_EDGE('',*,*,#2573,.F.);
#2573 = EDGE_CURVE('',#2574,#2566,#2576,.T.);
#2574 = VERTEX_POINT('',#2575);
#2575 = CARTESIAN_POINT('',(74.8,-44.,9.));
#2576 = LINE('',#2577,#2578);
#2577 = CARTESIAN_POINT('',(74.8,-44.,9.));
#2578 = VECTOR('',#2579,1.);
#2579 = DIRECTION('',(0.,0.,1.));
#2580 = ORIENTED_EDGE('',*,*,#2581,.T.);
#2581 = EDGE_CURVE('',#2574,#2582,#2584,.T.);
#2582 = VERTEX_POINT('',#2583);
#2583 = CARTESIAN_POINT('',(74.8,-42.25,9.));
#2584 = LINE('',#2585,#2586);
#2585 = CARTESIAN_POINT('',(74.8,-67.75,9.));
#2586 = VECTOR('',#2587,1.);
#2587 = DIRECTION('',(-0.,1.,0.));
#2588 = ORIENTED_EDGE('',*,*,#2589,.T.);
#2589 = EDGE_CURVE('',#2582,#664,#2590,.T.);
#2590 = LINE('',#2591,#2592);
#2591 = CARTESIAN_POINT('',(74.8,-42.25,9.));
#2592 = VECTOR('',#2593,1.);
#2593 = DIRECTION('',(0.,0.,1.));
#2594 = ORIENTED_EDGE('',*,*,#671,.F.);
#2595 = FACE_BOUND('',#2596,.F.);
#2596 = EDGE_LOOP('',(#2597,#2607,#2615,#2623));
#2597 = ORIENTED_EDGE('',*,*,#2598,.F.);
#2598 = EDGE_CURVE('',#2599,#2601,#2603,.T.);
#2599 = VERTEX_POINT('',#2600);
#2600 = CARTESIAN_POINT('',(74.8,-63.,11.));
#2601 = VERTEX_POINT('',#2602);
#2602 = CARTESIAN_POINT('',(74.8,-47.,11.));
#2603 = LINE('',#2604,#2605);
#2604 = CARTESIAN_POINT('',(74.8,-63.,11.));
#2605 = VECTOR('',#2606,1.);
#2606 = DIRECTION('',(-0.,1.,0.));
#2607 = ORIENTED_EDGE('',*,*,#2608,.T.);
#2608 = EDGE_CURVE('',#2599,#2609,#2611,.T.);
#2609 = VERTEX_POINT('',#2610);
#2610 = CARTESIAN_POINT('',(74.8,-63.,11.3));
#2611 = LINE('',#2612,#2613);
#2612 = CARTESIAN_POINT('',(74.8,-63.,11.));
#2613 = VECTOR('',#2614,1.);
#2614 = DIRECTION('',(0.,0.,1.));
#2615 = ORIENTED_EDGE('',*,*,#2616,.T.);
#2616 = EDGE_CURVE('',#2609,#2617,#2619,.T.);
#2617 = VERTEX_POINT('',#2618);
#2618 = CARTESIAN_POINT('',(74.8,-47.,11.3));
#2619 = LINE('',#2620,#2621);
#2620 = CARTESIAN_POINT('',(74.8,-63.,11.3));
#2621 = VECTOR('',#2622,1.);
#2622 = DIRECTION('',(-0.,1.,0.));
#2623 = ORIENTED_EDGE('',*,*,#2624,.F.);
#2624 = EDGE_CURVE('',#2601,#2617,#2625,.T.);
#2625 = LINE('',#2626,#2627);
#2626 = CARTESIAN_POINT('',(74.8,-47.,11.));
#2627 = VECTOR('',#2628,1.);
#2628 = DIRECTION('',(0.,0.,1.));
#2629 = PLANE('',#2630);
#2630 = AXIS2_PLACEMENT_3D('',#2631,#2632,#2633);
#2631 = CARTESIAN_POINT('',(74.8,-67.75,9.));
#2632 = DIRECTION('',(1.,0.,-0.));
#2633 = DIRECTION('',(0.,0.,1.));
#2634 = ADVANCED_FACE('',(#2635),#2653,.T.);
#2635 = FACE_BOUND('',#2636,.T.);
#2636 = EDGE_LOOP('',(#2637,#2638,#2646,#2652));
#2637 = ORIENTED_EDGE('',*,*,#2534,.F.);
#2638 = ORIENTED_EDGE('',*,*,#2639,.T.);
#2639 = EDGE_CURVE('',#2520,#2640,#2642,.T.);
#2640 = VERTEX_POINT('',#2641);
#2641 = CARTESIAN_POINT('',(75.6,-42.25,9.));
#2642 = LINE('',#2643,#2644);
#2643 = CARTESIAN_POINT('',(75.6,-67.75,9.));
#2644 = VECTOR('',#2645,1.);
#2645 = DIRECTION('',(-0.,1.,0.));
#2646 = ORIENTED_EDGE('',*,*,#2647,.T.);
#2647 = EDGE_CURVE('',#2640,#656,#2648,.T.);
#2648 = LINE('',#2649,#2650);
#2649 = CARTESIAN_POINT('',(75.6,-42.25,9.));
#2650 = VECTOR('',#2651,1.);
#2651 = DIRECTION('',(0.,0.,1.));
#2652 = ORIENTED_EDGE('',*,*,#655,.F.);
#2653 = PLANE('',#2654);
#2654 = AXIS2_PLACEMENT_3D('',#2655,#2656,#2657);
#2655 = CARTESIAN_POINT('',(75.6,-67.75,9.));
#2656 = DIRECTION('',(1.,0.,-0.));
#2657 = DIRECTION('',(0.,0.,1.));
#2658 = ADVANCED_FACE('',(#2659),#2670,.T.);
#2659 = FACE_BOUND('',#2660,.T.);
#2660 = EDGE_LOOP('',(#2661,#2667,#2668,#2669));
#2661 = ORIENTED_EDGE('',*,*,#2662,.F.);
#2662 = EDGE_CURVE('',#2582,#2640,#2663,.T.);
#2663 = LINE('',#2664,#2665);
#2664 = CARTESIAN_POINT('',(74.8,-42.25,9.));
#2665 = VECTOR('',#2666,1.);
#2666 = DIRECTION('',(1.,0.,-0.));
#2667 = ORIENTED_EDGE('',*,*,#2589,.T.);
#2668 = ORIENTED_EDGE('',*,*,#663,.T.);
#2669 = ORIENTED_EDGE('',*,*,#2647,.F.);
#2670 = PLANE('',#2671);
#2671 = AXIS2_PLACEMENT_3D('',#2672,#2673,#2674);
#2672 = CARTESIAN_POINT('',(74.8,-42.25,9.));
#2673 = DIRECTION('',(-0.,1.,0.));
#2674 = DIRECTION('',(0.,0.,1.));
#2675 = ADVANCED_FACE('',(#2676),#2701,.F.);
#2676 = FACE_BOUND('',#2677,.F.);
#2677 = EDGE_LOOP('',(#2678,#2686,#2694,#2700));
#2678 = ORIENTED_EDGE('',*,*,#2679,.F.);
#2679 = EDGE_CURVE('',#2680,#2550,#2682,.T.);
#2680 = VERTEX_POINT('',#2681);
#2681 = CARTESIAN_POINT('',(73.6,-66.,9.));
#2682 = LINE('',#2683,#2684);
#2683 = CARTESIAN_POINT('',(73.6,-66.,9.));
#2684 = VECTOR('',#2685,1.);
#2685 = DIRECTION('',(1.,0.,-0.));
#2686 = ORIENTED_EDGE('',*,*,#2687,.T.);
#2687 = EDGE_CURVE('',#2680,#2688,#2690,.T.);
#2688 = VERTEX_POINT('',#2689);
#2689 = CARTESIAN_POINT('',(73.6,-66.,9.2));
#2690 = LINE('',#2691,#2692);
#2691 = CARTESIAN_POINT('',(73.6,-66.,9.));
#2692 = VECTOR('',#2693,1.);
#2693 = DIRECTION('',(0.,0.,1.));
#2694 = ORIENTED_EDGE('',*,*,#2695,.T.);
#2695 = EDGE_CURVE('',#2688,#2558,#2696,.T.);
#2696 = LINE('',#2697,#2698);
#2697 = CARTESIAN_POINT('',(73.6,-66.,9.2));
#2698 = VECTOR('',#2699,1.);
#2699 = DIRECTION('',(1.,0.,-0.));
#2700 = ORIENTED_EDGE('',*,*,#2557,.F.);
#2701 = PLANE('',#2702);
#2702 = AXIS2_PLACEMENT_3D('',#2703,#2704,#2705);
#2703 = CARTESIAN_POINT('',(73.6,-66.,9.));
#2704 = DIRECTION('',(-0.,1.,0.));
#2705 = DIRECTION('',(0.,0.,1.));
#2706 = ADVANCED_FACE('',(#2707),#2725,.T.);
#2707 = FACE_BOUND('',#2708,.T.);
#2708 = EDGE_LOOP('',(#2709,#2717,#2718,#2719));
#2709 = ORIENTED_EDGE('',*,*,#2710,.F.);
#2710 = EDGE_CURVE('',#2688,#2711,#2713,.T.);
#2711 = VERTEX_POINT('',#2712);
#2712 = CARTESIAN_POINT('',(73.6,-44.,9.2));
#2713 = LINE('',#2714,#2715);
#2714 = CARTESIAN_POINT('',(73.6,-66.,9.2));
#2715 = VECTOR('',#2716,1.);
#2716 = DIRECTION('',(-0.,1.,0.));
#2717 = ORIENTED_EDGE('',*,*,#2695,.T.);
#2718 = ORIENTED_EDGE('',*,*,#2565,.T.);
#2719 = ORIENTED_EDGE('',*,*,#2720,.F.);
#2720 = EDGE_CURVE('',#2711,#2566,#2721,.T.);
#2721 = LINE('',#2722,#2723);
#2722 = CARTESIAN_POINT('',(73.6,-44.,9.2));
#2723 = VECTOR('',#2724,1.);
#2724 = DIRECTION('',(1.,0.,-0.));
#2725 = PLANE('',#2726);
#2726 = AXIS2_PLACEMENT_3D('',#2727,#2728,#2729);
#2727 = CARTESIAN_POINT('',(73.6,-66.,9.2));
#2728 = DIRECTION('',(0.,0.,1.));
#2729 = DIRECTION('',(1.,0.,-0.));
#2730 = ADVANCED_FACE('',(#2731),#2749,.T.);
#2731 = FACE_BOUND('',#2732,.T.);
#2732 = EDGE_LOOP('',(#2733,#2741,#2747,#2748));
#2733 = ORIENTED_EDGE('',*,*,#2734,.F.);
#2734 = EDGE_CURVE('',#2735,#2574,#2737,.T.);
#2735 = VERTEX_POINT('',#2736);
#2736 = CARTESIAN_POINT('',(73.6,-44.,9.));
#2737 = LINE('',#2738,#2739);
#2738 = CARTESIAN_POINT('',(73.6,-44.,9.));
#2739 = VECTOR('',#2740,1.);
#2740 = DIRECTION('',(1.,0.,-0.));
#2741 = ORIENTED_EDGE('',*,*,#2742,.T.);
#2742 = EDGE_CURVE('',#2735,#2711,#2743,.T.);
#2743 = LINE('',#2744,#2745);
#2744 = CARTESIAN_POINT('',(73.6,-44.,9.));
#2745 = VECTOR('',#2746,1.);
#2746 = DIRECTION('',(0.,0.,1.));
#2747 = ORIENTED_EDGE('',*,*,#2720,.T.);
#2748 = ORIENTED_EDGE('',*,*,#2573,.F.);
#2749 = PLANE('',#2750);
#2750 = AXIS2_PLACEMENT_3D('',#2751,#2752,#2753);
#2751 = CARTESIAN_POINT('',(73.6,-44.,9.));
#2752 = DIRECTION('',(-0.,1.,0.));
#2753 = DIRECTION('',(0.,0.,1.));
#2754 = ADVANCED_FACE('',(#2755),#2780,.F.);
#2755 = FACE_BOUND('',#2756,.F.);
#2756 = EDGE_LOOP('',(#2757,#2767,#2773,#2774));
#2757 = ORIENTED_EDGE('',*,*,#2758,.F.);
#2758 = EDGE_CURVE('',#2759,#2761,#2763,.T.);
#2759 = VERTEX_POINT('',#2760);
#2760 = CARTESIAN_POINT('',(74.2,-63.,11.));
#2761 = VERTEX_POINT('',#2762);
#2762 = CARTESIAN_POINT('',(74.2,-47.,11.));
#2763 = LINE('',#2764,#2765);
#2764 = CARTESIAN_POINT('',(74.2,-63.,11.));
#2765 = VECTOR('',#2766,1.);
#2766 = DIRECTION('',(-0.,1.,0.));
#2767 = ORIENTED_EDGE('',*,*,#2768,.T.);
#2768 = EDGE_CURVE('',#2759,#2599,#2769,.T.);
#2769 = LINE('',#2770,#2771);
#2770 = CARTESIAN_POINT('',(74.2,-63.,11.));
#2771 = VECTOR('',#2772,1.);
#2772 = DIRECTION('',(1.,0.,-0.));
#2773 = ORIENTED_EDGE('',*,*,#2598,.T.);
#2774 = ORIENTED_EDGE('',*,*,#2775,.F.);
#2775 = EDGE_CURVE('',#2761,#2601,#2776,.T.);
#2776 = LINE('',#2777,#2778);
#2777 = CARTESIAN_POINT('',(74.2,-47.,11.));
#2778 = VECTOR('',#2779,1.);
#2779 = DIRECTION('',(1.,0.,-0.));
#2780 = PLANE('',#2781);
#2781 = AXIS2_PLACEMENT_3D('',#2782,#2783,#2784);
#2782 = CARTESIAN_POINT('',(74.2,-63.,11.));
#2783 = DIRECTION('',(0.,0.,1.));
#2784 = DIRECTION('',(1.,0.,-0.));
#2785 = ADVANCED_FACE('',(#2786),#2804,.T.);
#2786 = FACE_BOUND('',#2787,.T.);
#2787 = EDGE_LOOP('',(#2788,#2789,#2797,#2803));
#2788 = ORIENTED_EDGE('',*,*,#2775,.F.);
#2789 = ORIENTED_EDGE('',*,*,#2790,.T.);
#2790 = EDGE_CURVE('',#2761,#2791,#2793,.T.);
#2791 = VERTEX_POINT('',#2792);
#2792 = CARTESIAN_POINT('',(74.2,-47.,11.3));
#2793 = LINE('',#2794,#2795);
#2794 = CARTESIAN_POINT('',(74.2,-47.,11.));
#2795 = VECTOR('',#2796,1.);
#2796 = DIRECTION('',(0.,0.,1.));
#2797 = ORIENTED_EDGE('',*,*,#2798,.T.);
#2798 = EDGE_CURVE('',#2791,#2617,#2799,.T.);
#2799 = LINE('',#2800,#2801);
#2800 = CARTESIAN_POINT('',(74.2,-47.,11.3));
#2801 = VECTOR('',#2802,1.);
#2802 = DIRECTION('',(1.,0.,-0.));
#2803 = ORIENTED_EDGE('',*,*,#2624,.F.);
#2804 = PLANE('',#2805);
#2805 = AXIS2_PLACEMENT_3D('',#2806,#2807,#2808);
#2806 = CARTESIAN_POINT('',(74.2,-47.,11.));
#2807 = DIRECTION('',(-0.,1.,0.));
#2808 = DIRECTION('',(0.,0.,1.));
#2809 = ADVANCED_FACE('',(#2810),#2828,.T.);
#2810 = FACE_BOUND('',#2811,.T.);
#2811 = EDGE_LOOP('',(#2812,#2820,#2826,#2827));
#2812 = ORIENTED_EDGE('',*,*,#2813,.F.);
#2813 = EDGE_CURVE('',#2814,#2791,#2816,.T.);
#2814 = VERTEX_POINT('',#2815);
#2815 = CARTESIAN_POINT('',(74.2,-63.,11.3));
#2816 = LINE('',#2817,#2818);
#2817 = CARTESIAN_POINT('',(74.2,-63.,11.3));
#2818 = VECTOR('',#2819,1.);
#2819 = DIRECTION('',(-0.,1.,0.));
#2820 = ORIENTED_EDGE('',*,*,#2821,.T.);
#2821 = EDGE_CURVE('',#2814,#2609,#2822,.T.);
#2822 = LINE('',#2823,#2824);
#2823 = CARTESIAN_POINT('',(74.2,-63.,11.3));
#2824 = VECTOR('',#2825,1.);
#2825 = DIRECTION('',(1.,0.,-0.));
#2826 = ORIENTED_EDGE('',*,*,#2616,.T.);
#2827 = ORIENTED_EDGE('',*,*,#2798,.F.);
#2828 = PLANE('',#2829);
#2829 = AXIS2_PLACEMENT_3D('',#2830,#2831,#2832);
#2830 = CARTESIAN_POINT('',(74.2,-63.,11.3));
#2831 = DIRECTION('',(0.,0.,1.));
#2832 = DIRECTION('',(1.,0.,-0.));
#2833 = ADVANCED_FACE('',(#2834),#2845,.F.);
#2834 = FACE_BOUND('',#2835,.F.);
#2835 = EDGE_LOOP('',(#2836,#2837,#2843,#2844));
#2836 = ORIENTED_EDGE('',*,*,#2768,.F.);
#2837 = ORIENTED_EDGE('',*,*,#2838,.T.);
#2838 = EDGE_CURVE('',#2759,#2814,#2839,.T.);
#2839 = LINE('',#2840,#2841);
#2840 = CARTESIAN_POINT('',(74.2,-63.,11.));
#2841 = VECTOR('',#2842,1.);
#2842 = DIRECTION('',(0.,0.,1.));
#2843 = ORIENTED_EDGE('',*,*,#2821,.T.);
#2844 = ORIENTED_EDGE('',*,*,#2608,.F.);
#2845 = PLANE('',#2846);
#2846 = AXIS2_PLACEMENT_3D('',#2847,#2848,#2849);
#2847 = CARTESIAN_POINT('',(74.2,-63.,11.));
#2848 = DIRECTION('',(-0.,1.,0.));
#2849 = DIRECTION('',(0.,0.,1.));
#2850 = ADVANCED_FACE('',(#2851),#2862,.F.);
#2851 = FACE_BOUND('',#2852,.F.);
#2852 = EDGE_LOOP('',(#2853,#2854,#2860,#2861));
#2853 = ORIENTED_EDGE('',*,*,#2687,.F.);
#2854 = ORIENTED_EDGE('',*,*,#2855,.T.);
#2855 = EDGE_CURVE('',#2680,#2735,#2856,.T.);
#2856 = LINE('',#2857,#2858);
#2857 = CARTESIAN_POINT('',(73.6,-66.,9.));
#2858 = VECTOR('',#2859,1.);
#2859 = DIRECTION('',(-0.,1.,0.));
#2860 = ORIENTED_EDGE('',*,*,#2742,.T.);
#2861 = ORIENTED_EDGE('',*,*,#2710,.F.);
#2862 = PLANE('',#2863);
#2863 = AXIS2_PLACEMENT_3D('',#2864,#2865,#2866);
#2864 = CARTESIAN_POINT('',(73.6,-66.,9.));
#2865 = DIRECTION('',(1.,0.,-0.));
#2866 = DIRECTION('',(0.,0.,1.));
#2867 = ADVANCED_FACE('',(#2868),#2874,.F.);
#2868 = FACE_BOUND('',#2869,.F.);
#2869 = EDGE_LOOP('',(#2870,#2871,#2872,#2873));
#2870 = ORIENTED_EDGE('',*,*,#2838,.F.);
#2871 = ORIENTED_EDGE('',*,*,#2758,.T.);
#2872 = ORIENTED_EDGE('',*,*,#2790,.T.);
#2873 = ORIENTED_EDGE('',*,*,#2813,.F.);
#2874 = PLANE('',#2875);
#2875 = AXIS2_PLACEMENT_3D('',#2876,#2877,#2878);
#2876 = CARTESIAN_POINT('',(74.2,-63.,11.));
#2877 = DIRECTION('',(1.,0.,-0.));
#2878 = DIRECTION('',(0.,0.,1.));
#2879 = ADVANCED_FACE('',(#2880),#2905,.T.);
#2880 = FACE_BOUND('',#2881,.T.);
#2881 = EDGE_LOOP('',(#2882,#2883,#2891,#2899));
#2882 = ORIENTED_EDGE('',*,*,#1096,.F.);
#2883 = ORIENTED_EDGE('',*,*,#2884,.F.);
#2884 = EDGE_CURVE('',#2885,#1088,#2887,.T.);
#2885 = VERTEX_POINT('',#2886);
#2886 = CARTESIAN_POINT('',(2.,-91.2,6.8));
#2887 = LINE('',#2888,#2889);
#2888 = CARTESIAN_POINT('',(2.,-91.2,12.5));
#2889 = VECTOR('',#2890,1.);
#2890 = DIRECTION('',(0.,0.,1.));
#2891 = ORIENTED_EDGE('',*,*,#2892,.T.);
#2892 = EDGE_CURVE('',#2885,#2893,#2895,.T.);
#2893 = VERTEX_POINT('',#2894);
#2894 = CARTESIAN_POINT('',(118.,-91.2,6.8));
#2895 = LINE('',#2896,#2897);
#2896 = CARTESIAN_POINT('',(2.,-91.2,6.8));
#2897 = VECTOR('',#2898,1.);
#2898 = DIRECTION('',(1.,0.,-0.));
#2899 = ORIENTED_EDGE('',*,*,#2900,.T.);
#2900 = EDGE_CURVE('',#2893,#1097,#2901,.T.);
#2901 = LINE('',#2902,#2903);
#2902 = CARTESIAN_POINT('',(118.,-91.2,6.8));
#2903 = VECTOR('',#2904,1.);
#2904 = DIRECTION('',(0.,0.,1.));
#2905 = PLANE('',#2906);
#2906 = AXIS2_PLACEMENT_3D('',#2907,#2908,#2909);
#2907 = CARTESIAN_POINT('',(60.,-91.2,11.15));
#2908 = DIRECTION('',(-0.,-1.,-0.));
#2909 = DIRECTION('',(0.,0.,-1.));
#2910 = ADVANCED_FACE('',(#2911),#2945,.T.);
#2911 = FACE_BOUND('',#2912,.T.);
#2912 = EDGE_LOOP('',(#2913,#2914,#2922,#2928,#2929,#2930,#2931,#2939));
#2913 = ORIENTED_EDGE('',*,*,#1147,.T.);
#2914 = ORIENTED_EDGE('',*,*,#2915,.F.);
#2915 = EDGE_CURVE('',#2916,#1139,#2918,.T.);
#2916 = VERTEX_POINT('',#2917);
#2917 = CARTESIAN_POINT('',(-6.2,-2.,6.8));
#2918 = LINE('',#2919,#2920);
#2919 = CARTESIAN_POINT('',(-6.2,-2.,12.5));
#2920 = VECTOR('',#2921,1.);
#2921 = DIRECTION('',(0.,0.,1.));
#2922 = ORIENTED_EDGE('',*,*,#2923,.F.);
#2923 = EDGE_CURVE('',#342,#2916,#2924,.T.);
#2924 = LINE('',#2925,#2926);
#2925 = CARTESIAN_POINT('',(-6.2,-83.,6.8));
#2926 = VECTOR('',#2927,1.);
#2927 = DIRECTION('',(-0.,1.,0.));
#2928 = ORIENTED_EDGE('',*,*,#349,.T.);
#2929 = ORIENTED_EDGE('',*,*,#364,.T.);
#2930 = ORIENTED_EDGE('',*,*,#397,.F.);
#2931 = ORIENTED_EDGE('',*,*,#2932,.F.);
#2932 = EDGE_CURVE('',#2933,#390,#2935,.T.);
#2933 = VERTEX_POINT('',#2934);
#2934 = CARTESIAN_POINT('',(-6.2,-83.,6.8));
#2935 = LINE('',#2936,#2937);
#2936 = CARTESIAN_POINT('',(-6.2,-83.,6.8));
#2937 = VECTOR('',#2938,1.);
#2938 = DIRECTION('',(-0.,1.,0.));
#2939 = ORIENTED_EDGE('',*,*,#2940,.T.);
#2940 = EDGE_CURVE('',#2933,#1086,#2941,.T.);
#2941 = LINE('',#2942,#2943);
#2942 = CARTESIAN_POINT('',(-6.2,-83.,6.8));
#2943 = VECTOR('',#2944,1.);
#2944 = DIRECTION('',(0.,0.,1.));
#2945 = PLANE('',#2946);
#2946 = AXIS2_PLACEMENT_3D('',#2947,#2948,#2949);
#2947 = CARTESIAN_POINT('',(-6.2,-42.5359085963,11.239771490751));
#2948 = DIRECTION('',(-1.,-0.,-0.));
#2949 = DIRECTION('',(0.,0.,-1.));
#2950 = ADVANCED_FACE('',(#2951),#2984,.T.);
#2951 = FACE_BOUND('',#2952,.T.);
#2952 = EDGE_LOOP('',(#2953,#2954,#2955,#2956,#2957,#2958,#2966,#2973,
    #2974,#2981,#2982,#2983));
#2953 = ORIENTED_EDGE('',*,*,#224,.T.);
#2954 = ORIENTED_EDGE('',*,*,#247,.F.);
#2955 = ORIENTED_EDGE('',*,*,#189,.T.);
#2956 = ORIENTED_EDGE('',*,*,#133,.T.);
#2957 = ORIENTED_EDGE('',*,*,#101,.F.);
#2958 = ORIENTED_EDGE('',*,*,#2959,.F.);
#2959 = EDGE_CURVE('',#2960,#94,#2962,.T.);
#2960 = VERTEX_POINT('',#2961);
#2961 = CARTESIAN_POINT('',(126.2,-83.,6.8));
#2962 = LINE('',#2963,#2964);
#2963 = CARTESIAN_POINT('',(126.2,-83.,6.8));
#2964 = VECTOR('',#2965,1.);
#2965 = DIRECTION('',(-0.,1.,0.));
#2966 = ORIENTED_EDGE('',*,*,#2967,.F.);
#2967 = EDGE_CURVE('',#2893,#2960,#2968,.T.);
#2968 = CIRCLE('',#2969,8.2);
#2969 = AXIS2_PLACEMENT_3D('',#2970,#2971,#2972);
#2970 = CARTESIAN_POINT('',(118.,-83.,6.8));
#2971 = DIRECTION('',(0.,0.,1.));
#2972 = DIRECTION('',(1.,0.,-0.));
#2973 = ORIENTED_EDGE('',*,*,#2892,.F.);
#2974 = ORIENTED_EDGE('',*,*,#2975,.F.);
#2975 = EDGE_CURVE('',#2933,#2885,#2976,.T.);
#2976 = CIRCLE('',#2977,8.2);
#2977 = AXIS2_PLACEMENT_3D('',#2978,#2979,#2980);
#2978 = CARTESIAN_POINT('',(2.,-83.,6.8));
#2979 = DIRECTION('',(0.,0.,1.));
#2980 = DIRECTION('',(1.,0.,-0.));
#2981 = ORIENTED_EDGE('',*,*,#2932,.T.);
#2982 = ORIENTED_EDGE('',*,*,#389,.F.);
#2983 = ORIENTED_EDGE('',*,*,#270,.F.);
#2984 = PLANE('',#2985);
#2985 = AXIS2_PLACEMENT_3D('',#2986,#2987,#2988);
#2986 = CARTESIAN_POINT('',(64.182361837454,-79.79597866372,6.8));
#2987 = DIRECTION('',(-0.,-0.,-1.));
#2988 = DIRECTION('',(-1.,0.,0.));
#2989 = ADVANCED_FACE('',(#2990),#3032,.T.);
#2990 = FACE_BOUND('',#2991,.T.);
#2991 = EDGE_LOOP('',(#2992,#2993,#2994,#2995,#3004,#3012,#3021,#3027,
    #3028,#3029,#3030,#3031));
#2992 = ORIENTED_EDGE('',*,*,#302,.F.);
#2993 = ORIENTED_EDGE('',*,*,#341,.T.);
#2994 = ORIENTED_EDGE('',*,*,#2923,.T.);
#2995 = ORIENTED_EDGE('',*,*,#2996,.F.);
#2996 = EDGE_CURVE('',#2997,#2916,#2999,.T.);
#2997 = VERTEX_POINT('',#2998);
#2998 = CARTESIAN_POINT('',(2.,6.2,6.8));
#2999 = CIRCLE('',#3000,8.2);
#3000 = AXIS2_PLACEMENT_3D('',#3001,#3002,#3003);
#3001 = CARTESIAN_POINT('',(2.,-2.,6.8));
#3002 = DIRECTION('',(0.,0.,1.));
#3003 = DIRECTION('',(1.,0.,-0.));
#3004 = ORIENTED_EDGE('',*,*,#3005,.T.);
#3005 = EDGE_CURVE('',#2997,#3006,#3008,.T.);
#3006 = VERTEX_POINT('',#3007);
#3007 = CARTESIAN_POINT('',(118.,6.2,6.8));
#3008 = LINE('',#3009,#3010);
#3009 = CARTESIAN_POINT('',(2.,6.2,6.8));
#3010 = VECTOR('',#3011,1.);
#3011 = DIRECTION('',(1.,0.,-0.));
#3012 = ORIENTED_EDGE('',*,*,#3013,.F.);
#3013 = EDGE_CURVE('',#3014,#3006,#3016,.T.);
#3014 = VERTEX_POINT('',#3015);
#3015 = CARTESIAN_POINT('',(126.2,-2.,6.8));
#3016 = CIRCLE('',#3017,8.2);
#3017 = AXIS2_PLACEMENT_3D('',#3018,#3019,#3020);
#3018 = CARTESIAN_POINT('',(118.,-2.,6.8));
#3019 = DIRECTION('',(0.,0.,1.));
#3020 = DIRECTION('',(1.,0.,-0.));
#3021 = ORIENTED_EDGE('',*,*,#3022,.F.);
#3022 = EDGE_CURVE('',#32,#3014,#3023,.T.);
#3023 = LINE('',#3024,#3025);
#3024 = CARTESIAN_POINT('',(126.2,-83.,6.8));
#3025 = VECTOR('',#3026,1.);
#3026 = DIRECTION('',(-0.,1.,0.));
#3027 = ORIENTED_EDGE('',*,*,#39,.T.);
#3028 = ORIENTED_EDGE('',*,*,#142,.T.);
#3029 = ORIENTED_EDGE('',*,*,#483,.T.);
#3030 = ORIENTED_EDGE('',*,*,#444,.T.);
#3031 = ORIENTED_EDGE('',*,*,#428,.T.);
#3032 = PLANE('',#3033);
#3033 = AXIS2_PLACEMENT_3D('',#3034,#3035,#3036);
#3034 = CARTESIAN_POINT('',(53.896077624345,-1.283398740792,6.8));
#3035 = DIRECTION('',(-0.,-0.,-1.));
#3036 = DIRECTION('',(-1.,0.,0.));
#3037 = ADVANCED_FACE('',(#3038),#3054,.T.);
#3038 = FACE_BOUND('',#3039,.T.);
#3039 = EDGE_LOOP('',(#3040,#3046,#3047,#3053));
#3040 = ORIENTED_EDGE('',*,*,#3041,.F.);
#3041 = EDGE_CURVE('',#3006,#1122,#3042,.T.);
#3042 = LINE('',#3043,#3044);
#3043 = CARTESIAN_POINT('',(118.,6.2,12.5));
#3044 = VECTOR('',#3045,1.);
#3045 = DIRECTION('',(0.,0.,1.));
#3046 = ORIENTED_EDGE('',*,*,#3005,.F.);
#3047 = ORIENTED_EDGE('',*,*,#3048,.T.);
#3048 = EDGE_CURVE('',#2997,#1131,#3049,.T.);
#3049 = LINE('',#3050,#3051);
#3050 = CARTESIAN_POINT('',(2.,6.2,6.8));
#3051 = VECTOR('',#3052,1.);
#3052 = DIRECTION('',(0.,0.,1.));
#3053 = ORIENTED_EDGE('',*,*,#1130,.T.);
#3054 = PLANE('',#3055);
#3055 = AXIS2_PLACEMENT_3D('',#3056,#3057,#3058);
#3056 = CARTESIAN_POINT('',(60.,6.2,11.15));
#3057 = DIRECTION('',(0.,1.,0.));
#3058 = DIRECTION('',(0.,-0.,1.));
#3059 = ADVANCED_FACE('',(#3060),#3080,.T.);
#3060 = FACE_BOUND('',#3061,.T.);
#3061 = EDGE_LOOP('',(#3062,#3068,#3069,#3070,#3071,#3072,#3073,#3079));
#3062 = ORIENTED_EDGE('',*,*,#3063,.F.);
#3063 = EDGE_CURVE('',#2960,#1105,#3064,.T.);
#3064 = LINE('',#3065,#3066);
#3065 = CARTESIAN_POINT('',(126.2,-83.,12.5));
#3066 = VECTOR('',#3067,1.);
#3067 = DIRECTION('',(0.,0.,1.));
#3068 = ORIENTED_EDGE('',*,*,#2959,.T.);
#3069 = ORIENTED_EDGE('',*,*,#93,.T.);
#3070 = ORIENTED_EDGE('',*,*,#78,.F.);
#3071 = ORIENTED_EDGE('',*,*,#31,.F.);
#3072 = ORIENTED_EDGE('',*,*,#3022,.T.);
#3073 = ORIENTED_EDGE('',*,*,#3074,.T.);
#3074 = EDGE_CURVE('',#3014,#1114,#3075,.T.);
#3075 = LINE('',#3076,#3077);
#3076 = CARTESIAN_POINT('',(126.2,-2.,6.8));
#3077 = VECTOR('',#3078,1.);
#3078 = DIRECTION('',(0.,0.,1.));
#3079 = ORIENTED_EDGE('',*,*,#1113,.F.);
#3080 = PLANE('',#3081);
#3081 = AXIS2_PLACEMENT_3D('',#3082,#3083,#3084);
#3082 = CARTESIAN_POINT('',(126.2,-41.70547945205,11.547260273973));
#3083 = DIRECTION('',(1.,0.,0.));
#3084 = DIRECTION('',(-0.,0.,1.));
#3085 = ADVANCED_FACE('',(#3086),#3096,.T.);
#3086 = FACE_BOUND('',#3087,.T.);
#3087 = EDGE_LOOP('',(#3088,#3089,#3090,#3091,#3092,#3093,#3094,#3095));
#3088 = ORIENTED_EDGE('',*,*,#2183,.T.);
#3089 = ORIENTED_EDGE('',*,*,#2296,.T.);
#3090 = ORIENTED_EDGE('',*,*,#2239,.F.);
#3091 = ORIENTED_EDGE('',*,*,#2368,.T.);
#3092 = ORIENTED_EDGE('',*,*,#2489,.F.);
#3093 = ORIENTED_EDGE('',*,*,#2313,.F.);
#3094 = ORIENTED_EDGE('',*,*,#2207,.F.);
#3095 = ORIENTED_EDGE('',*,*,#2151,.F.);
#3096 = PLANE('',#3097);
#3097 = AXIS2_PLACEMENT_3D('',#3098,#3099,#3100);
#3098 = CARTESIAN_POINT('',(45.323636363636,-55.,9.));
#3099 = DIRECTION('',(-0.,-0.,-1.));
#3100 = DIRECTION('',(-1.,0.,0.));
#3101 = ADVANCED_FACE('',(#3102),#3112,.T.);
#3102 = FACE_BOUND('',#3103,.T.);
#3103 = EDGE_LOOP('',(#3104,#3105,#3106,#3107,#3108,#3109,#3110,#3111));
#3104 = ORIENTED_EDGE('',*,*,#2549,.T.);
#3105 = ORIENTED_EDGE('',*,*,#2679,.F.);
#3106 = ORIENTED_EDGE('',*,*,#2855,.T.);
#3107 = ORIENTED_EDGE('',*,*,#2734,.T.);
#3108 = ORIENTED_EDGE('',*,*,#2581,.T.);
#3109 = ORIENTED_EDGE('',*,*,#2662,.T.);
#3110 = ORIENTED_EDGE('',*,*,#2639,.F.);
#3111 = ORIENTED_EDGE('',*,*,#2517,.F.);
#3112 = PLANE('',#3113);
#3113 = AXIS2_PLACEMENT_3D('',#3114,#3115,#3116);
#3114 = CARTESIAN_POINT('',(74.676363636364,-55.,9.));
#3115 = DIRECTION('',(-0.,-0.,-1.));
#3116 = DIRECTION('',(-1.,0.,0.));
#3117 = ADVANCED_FACE('',(#3118),#3124,.T.);
#3118 = FACE_BOUND('',#3119,.T.);
#3119 = EDGE_LOOP('',(#3120,#3121,#3122,#3123));
#3120 = ORIENTED_EDGE('',*,*,#2940,.F.);
#3121 = ORIENTED_EDGE('',*,*,#2975,.T.);
#3122 = ORIENTED_EDGE('',*,*,#2884,.T.);
#3123 = ORIENTED_EDGE('',*,*,#1085,.F.);
#3124 = CYLINDRICAL_SURFACE('',#3125,8.2);
#3125 = AXIS2_PLACEMENT_3D('',#3126,#3127,#3128);
#3126 = CARTESIAN_POINT('',(2.,-83.,12.5));
#3127 = DIRECTION('',(0.,0.,1.));
#3128 = DIRECTION('',(1.,0.,-0.));
#3129 = ADVANCED_FACE('',(#3130),#3136,.T.);
#3130 = FACE_BOUND('',#3131,.T.);
#3131 = EDGE_LOOP('',(#3132,#3133,#3134,#3135));
#3132 = ORIENTED_EDGE('',*,*,#2900,.F.);
#3133 = ORIENTED_EDGE('',*,*,#2967,.T.);
#3134 = ORIENTED_EDGE('',*,*,#3063,.T.);
#3135 = ORIENTED_EDGE('',*,*,#1104,.F.);
#3136 = CYLINDRICAL_SURFACE('',#3137,8.2);
#3137 = AXIS2_PLACEMENT_3D('',#3138,#3139,#3140);
#3138 = CARTESIAN_POINT('',(118.,-83.,12.5));
#3139 = DIRECTION('',(0.,0.,1.));
#3140 = DIRECTION('',(1.,0.,-0.));
#3141 = ADVANCED_FACE('',(#3142),#3148,.T.);
#3142 = FACE_BOUND('',#3143,.T.);
#3143 = EDGE_LOOP('',(#3144,#3145,#3146,#3147));
#3144 = ORIENTED_EDGE('',*,*,#3048,.F.);
#3145 = ORIENTED_EDGE('',*,*,#2996,.T.);
#3146 = ORIENTED_EDGE('',*,*,#2915,.T.);
#3147 = ORIENTED_EDGE('',*,*,#1138,.F.);
#3148 = CYLINDRICAL_SURFACE('',#3149,8.2);
#3149 = AXIS2_PLACEMENT_3D('',#3150,#3151,#3152);
#3150 = CARTESIAN_POINT('',(2.,-2.,12.5));
#3151 = DIRECTION('',(0.,0.,1.));
#3152 = DIRECTION('',(1.,0.,-0.));
#3153 = ADVANCED_FACE('',(#3154),#3160,.T.);
#3154 = FACE_BOUND('',#3155,.T.);
#3155 = EDGE_LOOP('',(#3156,#3157,#3158,#3159));
#3156 = ORIENTED_EDGE('',*,*,#3074,.F.);
#3157 = ORIENTED_EDGE('',*,*,#3013,.T.);
#3158 = ORIENTED_EDGE('',*,*,#3041,.T.);
#3159 = ORIENTED_EDGE('',*,*,#1121,.F.);
#3160 = CYLINDRICAL_SURFACE('',#3161,8.2);
#3161 = AXIS2_PLACEMENT_3D('',#3162,#3163,#3164);
#3162 = CARTESIAN_POINT('',(118.,-2.,12.5));
#3163 = DIRECTION('',(0.,0.,1.));
#3164 = DIRECTION('',(1.,0.,-0.));
#3165 = ( GEOMETRIC_REPRESENTATION_CONTEXT(3) 
GLOBAL_UNCERTAINTY_ASSIGNED_CONTEXT((#3169)) 
GLOBAL_UNIT_ASSIGNED_CONTEXT((#3166,#3167,#3168)) REPRESENTATION_CONTEXT
('Context #1','3D Context with UNIT and UNCERTAINTY') );
#3166 = ( LENGTH_UNIT() NAMED_UNIT(*) SI_UNIT(.MILLI.,.METRE.) );
#3167 = ( NAMED_UNIT(*) PLANE_ANGLE_UNIT() SI_UNIT($,.RADIAN.) );
#3168 = ( NAMED_UNIT(*) SI_UNIT($,.STERADIAN.) SOLID_ANGLE_UNIT() );
#3169 = UNCERTAINTY_MEASURE_WITH_UNIT(LENGTH_MEASURE(1.E-07),#3166,
  'distance_accuracy_value','confusion accuracy');
#3170 = PRODUCT_RELATED_PRODUCT_CATEGORY('part',$,(#7));
ENDSEC;
END-ISO-10303-21;
